subj,task,time,SD0,SD1,SD2,SD3,SD4,SD5,SD6,SD7,SD8,SD9
1,A,0.0,0.17384995355393143,1.4394444082924718,0.45372104087113185,0.09008997387064267,1.8802271747537296,0.2499113935646251,0.5359896981569493,-0.45036883035352365,-0.04199548608717737,-0.2758217396061797
1,A,0.1,-0.026403129317409513,1.5413735818699639,0.15852360726514425,-0.2896979347029581,1.961922451402634,-0.2464866032374209,-0.14532818903026387,0.7982965694169212,-0.3794746821577051,1.7196519546229365
1,A,0.2,0.2706591066531073,1.5751097673283743,0.2825851806371421,-0.0759575526385636,1.8943566988129783,0.1240044785673346,-0.5447444292672234,0.7646476129299256,-0.49387557097647106,-0.623912776295123
1,A,0.3,0.5989860476941867,1.0506291452363237,0.46959869215307193,-0.10249913742937629,1.882283479325448,0.02481526385137979,0.33220460970804944,-0.9375059346619106,-0.03590819371751908,0.9639074427263215
1,A,0.4,0.005897515397575603,1.7650788581141745,0.1455421781202936,0.4131820559985505,1.477168389085323,0.3840756561612193,1.0693640919095893,-0.8469650429850019,0.2749440330404555,-0.12269886994794861
1,A,0.5,0.027786376158832102,1.726838278817205,0.10648345324318202,-0.003652261872571755,1.6683138122391166,0.46531939015268353,0.33333896739187496,-0.9866464691453427,0.21089880960375573,0.2013368270003862
1,A,0.6,0.6842888445198695,1.0808626645035848,0.863327488525416,0.34319944928328283,1.257108456226301,0.668821981793112,0.5544728271782646,1.1661368959413547,-1.5105010252512532,-0.48418428541837005
1,A,0.7,0.4219329389404787,1.3703782546270704,0.5489672992768726,0.900200431265615,0.915695044443784,0.8196492022748885,1.4055094661362155,0.11188582391572216,0.12476622636401394,0.30368239116522366
1,A,0.8,0.010707023898042872,1.690352929907042,0.2206175669619099,0.6662723015305602,1.016580713784919,0.6520690165436388,0.513427694412939,0.03640080712029897,1.5155338464666859,-0.3005140159955927
1,A,0.9,0.38652670987050775,1.4024804183701636,0.27947966755839415,0.09800634876482514,1.847657585765226,0.4014010155005697,0.3998182995238463,0.4095321719206559,-0.3240621065115116,1.5550488543836125
1,A,1.0,0.055947048912180775,1.6229193851094028,0.31942586203904594,0.15773784349320158,1.6707651361597524,0.5536188051851223,0.24680231082179813,-0.49334473450307487,1.1132147215670314,-0.9893949732217981
1,A,1.1,0.07654488229233197,1.634391045252149,0.1160648032308119,0.4653895230335371,1.4623635793742515,0.825593386140268,0.4253752293193025,-0.015054628562752512,1.0059099570439252,-0.3863635186600951
1,A,1.2,0.3455283013380089,1.3842786199481996,0.760580475863062,-0.25121240293178465,2.102173999364001,-0.4951287743869808,-1.018209657184993,-0.6084747472795932,0.6941646036382703,-2.0298925343028027
1,A,1.3,-0.3876415097300998,2.184309992533827,-0.5254790733480134,0.05761547275245621,1.8679045495339521,0.15311718787764483,-0.3009315110721495,0.47326177236221983,1.5689890944890865,1.2038008245913967
1,A,1.4,-0.30068597174678746,2.064275221403188,0.04650678888626242,0.558102789120706,1.3051337402735848,0.8874927883685193,0.710774396162212,-0.45258240887013657,0.17315184164506958,0.5487743942938239
1,A,1.5,0.12711678296380896,1.5032562110531829,0.16669893965633853,0.36800466995418873,1.3998912969228474,0.3761057552405988,0.6496093548138695,0.34332474461107687,0.684242270624749,0.5721775635685791
1,A,1.6,-0.009847968942531204,1.6656683667796606,-0.14013156966542087,1.1144134672410526,0.8831246515942804,1.449136484258137,1.0519687336186916,0.7715691838692078,0.6802730792481613,-0.5889492272835171
1,A,1.7,0.4751883282999337,1.3284793127794887,0.3784111614890694,0.24591282179645588,1.7133527462833869,0.2513353449464774,0.4404345647458957,0.0732916351110498,1.1916715494480212,0.4962629094579847
1,A,1.8,0.0677755658449728,1.6282033202116721,0.003706104206108757,0.1208564805500622,1.75373262678241,0.23488485576288107,0.03424697055032082,0.647349010566248,1.3297550597574914,1.0159711407258505
1,A,1.9,-0.088526537801152,1.7192999420635404,-0.003693348520768705,0.20037684408327405,1.5721451547329512,0.11862250063028025,0.1429419870103328,-0.565584369850746,2.6397694483373435,-0.648040803491631
1,A,2.0,0.9387563606876166,0.9340962840240881,1.0433234582947164,0.5407409829979916,1.118025892474626,0.46073250002818883,0.3366226658817637,-0.5456589866544868,0.7475113806510696,1.7132733599399304
1,A,2.1,0.3665512172066089,1.285024880154965,0.2518112164188931,0.5031918679441427,1.3689529122251438,0.37475054701404853,0.4826930202738043,0.30889071777270555,1.4108294575628804,-0.4331905440349446
1,A,2.2,0.48878594971823175,1.2833885427759204,0.4839150312660352,1.3633163567597544,0.47682621393598557,1.3738969494375177,1.5460810711956685,0.057524869818327995,1.8946498910616665,-0.9067945770011951
1,A,2.3,-0.01415757433031184,1.6630098240705633,0.4142964973920609,0.46574240589706806,1.4150908391996038,0.31548730046313556,0.6821131866276037,-0.6533308727277116,0.9793632940563816,1.1553661788943888
1,A,2.4,0.3130892480519469,1.4691487842018722,0.6585978820720892,0.6467469584683007,1.2484064505394112,0.9408699156068783,0.8210394238158955,-0.08794492447092445,1.0238573908387993,-0.16253909306697267
1,A,2.5,0.561321471114402,1.3250788555516173,0.6485862050492084,0.9589116836484752,0.8616428036096468,0.903643851870178,0.8163542528637348,0.9311580768996375,1.8937557356837376,-0.1621496408882472
1,A,2.6,0.13827350002906996,1.7303928603588137,0.14587419566271,0.6328923800666931,1.24916996336658,0.7023860820871709,0.5005457444628886,-0.20514251178524429,0.3179678799847031,0.6578949662244356
1,A,2.7,0.6909765645231523,1.010127057410277,0.7149828298668045,0.8858494134433436,0.8700189696315808,0.8422505624759526,0.8745332903719711,0.2416672066327799,1.5662251089480639,0.7245345555299594
1,A,2.8,0.3673491619506859,1.3125907044767333,0.4900527564967692,0.8497529997918472,1.0056078500666767,1.1070765847688508,0.6481530875993823,8.04627786699097e-05,0.5625983634528655,-0.9683529638585833
1,A,2.9,0.49329102728070806,1.3030527518293002,0.28873251424102697,1.0241373526564181,0.7497410775184579,1.0689975647462433,0.8594796513383484,0.35881893912586943,0.9596312346507817,0.0734563849062869
1,A,3.0,0.40230973937268755,1.2397431313491425,0.35083443188801855,0.2573537099916576,1.4697680367898462,0.41190452284993617,0.3361000066377777,0.46066655460222283,0.9010661286587626,0.37468157991658774
1,A,3.1,1.2784312357634973,0.5936328870629661,0.9447144209879794,1.0512542119912924,0.7092861814670703,1.1073345868467148,0.8950386059386375,0.6139392516885964,1.943861337399181,0.369516028345376
1,A,3.2,0.6423319329111675,1.0701881635531314,0.7221765574322234,0.7378891565122654,1.1714460959770001,1.0257018259530464,0.6911946229740812,0.5795833452335476,0.39676279187998076,1.613824632870275
1,A,3.3,0.2934663162978934,1.5335474202779198,0.4229055042384416,0.8689539049790261,0.9214484839361267,0.8568289442173548,0.5895812539703262,0.7705583114410083,-0.26694626811774047,-0.5882425565395614
1,A,3.4,0.9678440979585354,0.803251629421248,0.8712068054986606,0.684621761895763,1.079693569266122,0.3333916911864133,0.8354566900261932,0.5392099720071186,0.7062447200540526,-0.7412477455436581
1,A,3.5,0.2686175191024567,1.4325547303654693,0.5834148717604632,1.4164744167954677,0.4381065224049199,1.504287638364682,1.484773585393404,0.4089096918702404,0.3069703958826061,-1.3977288480480785
1,A,3.6,0.7846379354609498,1.0073155176670128,0.5394848028604816,0.1345202859123089,1.5515263615659416,0.1976385451716124,0.25842816980688554,-0.008929716860298809,1.0689224865331182,0.7869800385773645
1,A,3.7,0.0409299221289815,1.7034377488935686,-0.25194505391298255,1.3552622754601797,0.49456776739118125,1.3132520877476805,1.1891124311698098,-1.5366903920535242,1.396183867043836,-1.045526185005354
1,A,3.8,0.27687665562428854,1.3284061800538347,0.32176701933628293,0.6416638177697891,1.2454400245210289,0.5813554013012668,0.9935775751564102,0.07838544596660049,1.2225457507417428,-0.514873319657516
1,A,3.9,0.8252118128056652,0.938389490746217,1.0346314733280961,1.4275731752323035,0.4693723048111478,1.43032873216523,1.5239887348920342,-0.15382865397194528,0.10397080475541132,-1.3484402091385077
1,A,4.0,1.0289765457741828,0.5933663596188703,1.3657620840657567,1.3322526396047336,0.47428305553437444,1.3562337224799517,1.427171442683467,-0.09060880958161865,-0.050306341540619526,-1.4403317647391018
1,A,4.1,0.8443223903498998,0.9745604117154295,0.7525455377761118,1.2717484027808423,0.4905058416518089,1.4689246486900784,1.5071317614883708,-0.7032516968520479,1.1453314622504431,-0.07001479338222802
1,A,4.2,0.7573175407026869,0.8956141581053523,0.973053707388946,1.2172906471570568,0.6380022055035319,1.1748690869121805,1.8592909516285618,0.7975105478419304,0.11584029771944493,0.7161472703944944
1,A,4.3,0.7054732873761225,0.8562819671576549,0.6977715934759811,1.7308489471708026,0.0,1.8982501117059103,1.139466865194493,-0.7635354347635356,-0.14846708625125582,-1.5128952731708096
1,A,4.4,0.306049900999828,1.6470266656124684,0.27152444101166406,0.7388638204480442,0.9012928866932588,0.3800918640675939,0.8132800535585466,0.6137223827747283,1.6696751123626543,0.24007120744186394
1,A,4.5,0.5838618884301223,1.2017397537164927,0.7605938759274569,0.7523486766633846,1.163880080027835,0.8122467992736407,0.6412020161990553,0.22916262044835514,0.49045739313329395,-0.11004574710205202
1,A,4.6,0.6864543662491576,0.9617505376323559,0.8169189419318414,0.7341607271256564,1.0317729474864619,0.4397934325082133,0.4721424608421101,0.6373414600835149,0.7983136284071037,-1.0072069770242547
1,A,4.7,1.2291313604508929,0.4970852947529738,0.9138529290540429,1.2946860544936367,0.3982547079885794,1.4509602925287364,0.8078649261162335,0.9079329636322927,0.8087546486504662,-0.6459342036490892
1,A,4.8,0.9904501560184872,0.6783473732439493,1.2857582259636664,0.5225616530803947,1.3674939436823286,1.0270909949768763,1.1670012916682153,1.598577502131798,0.6438487664242948,-0.26532352410923277
1,A,4.9,0.2637440605460468,1.5025665747251027,0.5397623313755371,1.3367794816561458,0.6218158923886095,1.1152230739379259,1.3538073336635754,1.224078174788673,0.5757689824174167,-0.8735419062411581
1,A,5.0,1.0044359134765461,0.6928172243757313,0.8793233731746403,0.886734276626802,0.8885806177212096,1.1849349017494575,1.3160119132056252,1.0437501817468053,0.6836357809866135,-1.9833058989311874
1,A,5.1,0.7659952524596874,0.9554845876790881,0.8451559591471691,0.6180164872362058,1.1755149247132324,0.47251979073635875,0.870314909856738,1.2833335144327678,0.03863989907996457,0.9312595891136217
1,A,5.2,0.6731832705779102,0.9159506398556765,0.771989307834458,0.6177907028365729,1.283742789975145,0.6140255659731018,0.3362780129041555,0.4529275132129579,0.46346140461509205,1.2263823673712413
1,A,5.3,1.1330844726877252,0.547385559581721,1.1852192258525065,0.7185198081755294,1.0629433227831078,0.8917361293917709,0.8034448393235737,0.48529618455460477,-0.06222041339238532,-0.5880837925599245
1,A,5.4,1.2882949862082442,0.38385686418380294,1.1782339554391603,0.4789180310269894,1.3209257085346933,0.31738821901566705,0.6168884328335357,0.15037102549626075,0.7445443911212495,0.6045025803792693
1,A,5.5,1.261392072520537,0.4857077406912771,1.1270673989329267,1.1798217004674054,0.6712615781799178,1.2008451214093512,1.310853742147902,0.6263104429462597,0.2528205125431417,0.7675842851379132
1,A,5.6,0.649264402764941,1.1054083362418758,0.644153588566652,1.2980478467588907,0.4776137500302555,1.090417990051859,1.5268219044628917,1.1210487784055518,0.16683846626070722,0.08355622635305
1,A,5.7,0.8418566875528467,0.9073112478286828,1.0764024914047197,1.3347018373882404,0.527990224898315,1.5559220877805948,0.9145654874408493,0.4489796723779796,0.35407830106234794,-1.4278451629119593
1,A,5.8,1.072654252550078,0.5938126498116598,1.1813742834689644,0.778343089166781,0.9997493514328251,0.7169478183117629,1.1034710004983,0.46735104931896587,0.7519520400570847,-0.3482818117104218
1,A,5.9,1.3043212210514135,0.4436893436301803,1.2301983546341924,1.1030372567127458,0.9826143489529566,1.0090813943002246,1.3016545389426704,0.09194282060588838,0.6007790984029784,-0.7182041855333172
1,A,6.0,0.8008721778827796,0.8760624530271465,0.9552119200124486,0.9939366910419213,0.886325822019453,0.9166147349820492,0.9546440352569145,1.439054134843622,0.300497768846009,-0.17182309949522737
1,A,6.1,0.9088368556447929,0.5895351810902307,0.33912833151877775,1.230211086785164,0.5985733067451791,1.051096089354998,1.6378828462204098,0.5005522266099836,-0.24430728548389544,-1.020617864350589
1,A,6.2,0.5913636634233623,1.027435982833036,0.821116803497783,1.1391469606723887,0.8105374477254308,1.1019235725203922,1.3823897006208563,0.8333264855761844,0.7146369129367678,1.316242444294877
1,A,6.3,0.5641987597041445,1.174315710112207,0.2162560039485245,1.0095271762025875,0.851117838872029,0.6090540372438065,1.0425361136168583,0.38444793928174054,-0.6657100148060839,-0.71547216679011
1,A,6.4,1.2710699820458373,0.3147207423373357,1.1985817937652108,0.3212117181456352,1.5752414016339502,0.6981560660738992,0.6928744939550879,0.788466585443597,-0.6297675943643666,-0.36677082257692484
1,A,6.5,1.4647076677163455,0.28201198618537715,1.2407736887911167,0.906254403086207,0.9249214192672393,1.0526511278558657,0.946867176872907,-0.573951661860014,0.7106912902205168,-0.9866467735572859
1,A,6.6,0.9676790620166968,0.942045508100656,0.7087427668725157,0.9955188196069396,0.9704244131528881,1.0031911283576453,1.2991379501983824,0.604176323228157,-0.861608366455122,-1.265986366458711
1,A,6.7,1.3464979164685167,0.4602228312227912,1.5786632739442206,0.7049314782801843,1.262368801666705,0.3861610932598302,0.9814931032993343,0.16104377159243366,-0.060409273680049114,0.37059459831705466
1,A,6.8,1.123731509027286,0.7692597996748671,1.0301912687649075,0.8445224095752308,1.1035772525545346,0.9562386638249064,0.31851637967823676,1.3230221872201435,-0.23244881943471363,-0.37666732971219946
1,A,6.9,0.7727822670077164,0.968281197995982,0.8420830433538595,0.4738865996372441,1.4628702628536467,0.5398845403348711,1.0305141573416212,1.0103922441788815,-0.5514582978907748,1.5310571107559279
1,A,7.0,1.1259950222936765,0.5780752563869358,1.1166109065178398,0.8053677191980749,1.1446549587423005,0.6066699250850193,1.0947910099409024,0.3835141099780155,-0.7984649351502077,-2.7527186619537174
1,A,7.1,1.5382683853720391,0.0,1.6336765508166635,1.0832142699774525,0.7612576514527045,1.09107918291709,1.3230073740088462,0.1239314544372489,-0.7983486055843061,1.5584067853194408
1,A,7.2,0.9873819305153331,0.685837448707818,1.0027463087273842,1.6250122740726514,0.024084210246140714,1.5739357321903362,1.499496481998351,-0.0010637980016402482,-1.1588322631139332,-1.3655302906581634
1,A,7.3,1.547028227889875,0.18079394159057882,1.2904297830521612,0.5263598757429064,1.2241093066986575,-0.02127837945010791,0.8426874299407185,0.9085119343160608,-1.3863584440485028,-0.21442805056543945
1,A,7.4,0.08149076367756458,1.541480794803654,0.28074412756699263,0.8586797765701124,1.1382412549146905,0.8908405875425183,0.19938352225142386,0.16235180304450053,-1.7741027432770902,-1.4566978175518492
1,A,7.5,1.2845832102644563,0.6424424372358997,1.1858318936321939,0.5161259968406031,1.1939754962618399,0.6675097879340535,0.4769539876715289,1.6055589904631165,-0.7441526750216322,0.5525751630988764
1,A,7.6,1.02541749086466,0.6569331699240508,0.7141011111327098,0.8051298739038345,0.9646035212337838,0.5681655611739902,0.756353760818504,-0.040106382863748014,-0.019158048041464038,-0.3640317568696114
1,A,7.7,0.8878509780837701,0.7409746191271006,0.8022279458905877,0.7434401802329723,1.1042404768200975,0.661673403999452,0.994758903594017,0.20060769321128308,-1.7274295592979776,-0.48426707988302314
1,A,7.8,1.0216923903900768,0.8320783507874748,1.3218443485169389,1.096820142445888,0.8506969941051202,1.1086081742832532,0.7399388751206014,-0.002922807257437987,-0.555765800689469,-0.9052731232928046
1,A,7.9,0.2905210161186764,1.301015696160198,0.460565364541375,1.1291674644270824,0.5456360254364572,0.9681119132903565,1.1486887181909349,-0.26544663393938095,-0.6927971971360444,0.34373795755844694
1,A,8.0,0.9054020899855595,0.7666603858645665,0.8356716631039877,0.8274995979701244,1.1056882061882671,0.8655535915400248,0.8282445337971638,0.8504243953390029,-0.2173889517773523,1.0208802965527655
1,A,8.1,1.102918739859833,0.6445221681298146,1.0330671989961473,0.712112730027594,1.1573596792795544,0.8763022047107006,0.6097241955015199,0.13598175147799763,-0.3567672560747699,-0.633689316365865
1,A,8.2,1.4903614266416572,0.15227250334728182,1.4260344163981806,1.1485192976383862,0.5196550162561231,1.1432288820842214,0.8948699013962037,1.3229520369297125,-0.49095271815444724,1.15970532779066
1,A,8.3,0.7864025239330887,0.6924403068860392,1.2017521206452568,0.7766666800785338,1.0276044659760866,0.7402611461150925,0.8407069926060098,0.653451538561493,-1.3696430383430425,0.32326887463483406
1,A,8.4,0.6790549105734702,1.0086705805202478,0.7554420010197809,1.2244078719845248,0.5389641307800268,1.0345681044820378,0.9000022840858823,-0.4977748765608102,-0.8414191282093806,-0.3361276983218499
1,A,8.5,0.7801780495437423,0.9009120084257916,0.8661863789819562,0.101101306639932,1.7349089340111055,0.03957950487585808,0.020048734921311165,0.1273430958218027,-1.0875526766446952,-0.7782608564900629
1,A,8.6,1.2694868861860205,0.4823613203675714,1.475543576992389,1.2755235406493965,0.5759689905180014,1.1451269285816341,0.7044525141413688,0.6178693193818597,-1.5923582494395345,-2.5833999632696014
1,A,8.7,1.05700318908968,0.7338933644563665,1.1047610208949827,0.41392917587485367,1.4092960693211112,0.7905416535978242,0.06725671718356707,1.3966147476431596,-0.6425346706465844,0.5677064361825932
1,A,8.8,0.7489128711381483,0.8739656638069946,0.6971044419740077,0.22769054519404047,1.4743316217151026,0.34263513514845234,0.018734328276390932,0.3436309067511953,-1.4204765173352345,-0.5881674208270107
1,A,8.9,1.1059093526087411,0.685611146581713,1.0666393827917455,0.569577089223861,1.2624017883205179,0.8680827625154611,0.7929868232804511,0.4678760113663037,-0.35257541242157986,0.6773423448725605
1,A,9.0,0.9517317679557952,0.747023724921833,0.9374115160729823,0.15478753094024067,1.61478904365879,0.4386289495921274,-0.06949407123479345,-0.2583343218749563,-0.6432648469679016,-0.7022774059737833
1,A,9.1,1.2478254290425512,0.5058524322335278,1.2403809817405829,0.7376055040781371,1.2262832927570653,0.4869174132769099,0.44322821398760565,1.4118625935855293,-1.718421976940222,0.7780627345922506
1,A,9.2,0.6536866687092977,1.0043274653156304,0.7992125774366937,0.35251418434235743,1.430473656065867,0.7118888121060837,0.24548214719559275,-0.6683873879543863,-0.18426606463831374,1.3283794962662374
1,A,9.3,0.774894125069119,0.8976517810017536,0.785283302230579,0.590565438335621,1.2088976564597527,0.5723115532782742,0.8593220153903369,0.8242669268598732,-0.794040177780863,-0.4742305179246108
1,A,9.4,0.742078456594301,0.8600796655794765,0.8886064720374169,0.1230825292840576,1.6994772536316358,0.22910800448459817,0.6313050149054543,0.6639497646714259,-0.8397794885029509,-1.169541753216186
1,A,9.5,0.3564012825919497,1.4005124738930923,0.3402579665702332,0.36208647940333855,1.3533933184641174,0.2385502453751515,0.43923418375529566,0.8710980652709082,-2.3859686914593783,-1.8449727263762625
1,A,9.6,0.9611687531662538,0.7717308569626508,0.9768957912294719,0.44830169975135276,1.2363438632776895,0.43809525547407174,0.04999729273406078,1.0668469975175972,-1.2634532151494864,1.8002948479656862
1,A,9.7,0.9373764509308035,0.8664120372469947,0.5377363140243819,0.32254622452319837,1.4069836673975047,0.07826475383866824,-0.09688762086812674,1.3291735699167586,-1.3284170263368347,-0.05805942022459061
1,A,9.8,0.8358681434380322,0.9144732991691464,1.0191336783785285,0.919336122135076,0.8997172706167604,1.10460322014444,0.840530885357027,0.7221801783992199,-1.2969280147239808,0.07782636809728566
1,A,9.9,0.7396409119482886,0.9285411553467936,0.8089386071278871,0.5408141789387539,1.2702713270142878,0.5338819776024976,-0.04841460307528933,-0.32888857770345825,-1.4720967352536813,0.4529996818283358
1,A,10.0,0.31363723465730226,1.31657602027773,0.5132392566292328,0.38030338158021204,1.431089248039871,0.4329391646677365,0.4401765928806932,1.6576535208337524,-1.5451136762863498,-1.0835182960018088
1,A,10.1,0.64867048371314,1.14945816530419,0.06941940807440206,-0.3677756692393715,2.108955680005092,-0.5062300565356612,-0.18519322122090745,0.34584256301337013,0.031934997719179736,-1.307478584326072
1,A,10.2,0.6624407297922187,0.9565107947967827,1.0801156707483641,0.3871370353430447,1.5477309563279842,0.38636807029142317,-0.18824922394778248,1.265559795295945,-1.0848519674793073,1.1346125735426067
1,A,10.3,0.4877098729915099,1.0826384577275623,0.4597919473604752,0.6599803259567304,1.3371094634362317,0.6359346162270892,0.524984938180395,0.5517504709799985,-2.0002042828368323,-0.7372425127675052
1,A,10.4,0.6978013816530004,0.9667672446241969,0.9194379450005037,-0.041780150722853376,1.7637283265763082,-0.11624828883566758,-0.0570815794501154,1.183951053301782,-1.1388634274671092,0.5181306647877953
1,A,10.5,0.881048894863698,0.6371836404800628,0.6730677094385917,0.10250495800529826,1.8833929946742105,-0.16151396897976328,0.364823359088292,0.7128776191639863,-1.0727732431115335,0.6804973590489618
1,A,10.6,1.3848181956107322,0.39847284089919266,1.507372976623246,-0.9149981729706577,2.9569187292256274,-0.897988826895264,-0.7468252107557136,0.48621874742227866,-0.7654812112004554,-0.05680555572493529
1,A,10.7,0.7704269640634174,1.0599506228672917,0.5597438514286861,-0.3199918333851463,2.0071432449921667,-0.0877033634446201,-0.6166346227150443,1.2735245800788078,-0.6033116800292507,-0.13021099943930445
1,A,10.8,0.7837959425657721,1.099988198924223,0.6590421504266111,-0.6415626184789194,2.5379664890057967,-0.7240480215501305,-0.16278517816241422,-0.7555143220640216,-0.39527551464390415,2.6265624556776093
1,A,10.9,0.6515903669519434,0.9047173184987057,1.0343966377253007,0.09609739759258948,1.9094748571060338,0.4823323725486146,-0.20505566780191362,0.5378255373590717,-0.7978843018000541,1.5384709907801601
1,A,11.0,-0.010258060031013039,1.6507336109951747,-0.04839454018368236,-0.02117096384683753,1.747712391703129,0.01905881489712343,0.08348577951261738,0.762022833962186,-0.34543316204732627,-0.5411551201378908
1,A,11.1,0.6353776322203651,1.0760929514702477,0.6788642068563098,-0.03389418860286977,1.8760051563608444,0.1638339628395102,-0.017024038555336473,0.9686844720501933,1.4674513580478166,-0.14412916725344566
1,A,11.2,0.6487719347700598,1.0291433191975257,0.8227854809078107,-0.17806404408488954,2.046682540382147,-0.0629964436441128,-0.005686276811272234,0.4052760468164006,-0.786753488973404,1.110015793352444
1,A,11.3,1.4725564273514524,0.3459045939779526,1.5716928049459733,0.3033160209340706,1.5525648768438403,0.1752808020537863,0.39657468965960163,-0.4004989056866751,-1.2311764545258623,1.9561793859558811
1,A,11.4,0.5255304824876661,0.9358064361502187,0.5556142635163814,-0.513071740783998,2.3522225582298195,-0.42791509533497407,-0.08422664887223341,0.9573955108183337,0.40166698706495635,1.4061929528755208
1,A,11.5,0.6805468218600427,1.012443176542002,0.7535390223532877,-0.1356778994958508,1.936638700658284,-0.21209585018318855,-0.27702103553990726,0.053522843102241535,-0.3752904517300732,-0.570991847725853
1,A,11.6,0.5447264970913527,1.1502461400477255,1.0254096141390077,0.07094592327840135,1.8213955486731133,0.1279662803701533,-0.2505745155562322,1.1433235867060383,-0.5803772182992816,-0.6319296592537219
1,A,11.7,0.12943936765982383,1.5038960865498745,0.11791560825310676,-0.22852351957406386,2.0436936317549708,-0.0783895765223383,0.30783563240352535,0.994276971555454,-0.8032863288899346,-0.062362900997950124
1,A,11.8,0.9198053277009661,0.73800586572493,0.9600251370439596,-0.22532774177188403,2.062054240633692,-0.3719993466470868,-0.02326178766555778,0.7597451203240186,0.7262123047534015,1.044227396773092
1,A,11.9,0.7640831868010803,0.9194405273705739,0.9742140660026027,-0.5099859629107225,2.5868775803452966,-0.27292824202669674,-0.8651409219059593,1.6970125466549506,-0.5612794833629194,0.31607922026102475
1,A,12.0,0.7586148555667815,1.026344706577317,0.9797200421583783,-0.3659291985483446,2.3477721117406487,-0.4440233881999325,-0.9629553473768814,1.4912217689424563,1.2740417104096557,0.94626412904034
1,A,12.1,0.14408214186283314,1.5146831390231348,0.38148820297490915,-0.02455010002040925,1.9632156981167306,-0.21841983253042105,0.224066896733649,0.16709412251158962,1.1527701416096068,-0.2203297208510337
1,A,12.2,0.9337362398665363,0.5839734270855277,1.0614822842723732,-1.0098470342703048,2.868951020362407,-0.9960331521429379,-1.1892622023902324,-0.2892537009301519,0.8264990390244003,0.8626156965384931
1,A,12.3,-0.06771327489199536,1.639083386876065,-0.2963142574380921,-0.38516558201975226,2.179507107443259,-0.5861225653568551,0.30417401631713514,1.6247351668900945,0.025098715591067355,0.04612732146630516
1,A,12.4,0.6083064185437569,0.9382870353918709,0.9349927250039761,-0.560887173538519,2.214351268605938,-0.7844306870323929,-0.36373306710299624,2.1727569009785297,2.062504907663009,-1.4841208749859036
1,A,12.5,1.1493429013985819,0.607690782844104,0.9200738227948443,-0.4072907065651525,2.3668161722907297,-0.6558572646522227,-0.33236338286630185,0.3616505100441683,-0.3998904625722537,-0.3799264504531866
1,A,12.6,0.015587652908804484,1.7892849457166211,0.07611474595661114,0.2119643557727774,1.5976453245739457,0.6505903077274413,0.5164330903998019,0.9808269118542418,0.4088363648218052,-1.1761781370435704
1,A,12.7,0.1434879025305129,1.5750029060790194,-0.007367267473358696,-0.5906083016953902,2.3748261690118957,-0.4339643474250981,-0.0808407591067587,0.23180384859894954,-0.21669815426593358,1.4762976474485465
1,A,12.8,0.3558215875878833,1.3445180377828148,0.34299391826928477,0.061701241891719105,1.673887572432618,0.16506384008405806,-0.30833328007196287,0.41030124536607854,0.6665938614739955,-0.21153297944973032
1,A,12.9,0.12382342730060636,1.4726695374518661,0.18957590936130245,-0.09939623836394168,1.9569031057733823,0.009026016741653056,-0.4206709162399559,2.58439075886503,0.7164958943270173,-0.10435270121135529
1,A,13.0,-0.26374109483391733,2.138899674404967,-0.19946965174386272,-0.4985777044664214,2.302921337330721,-0.37530195709068936,-0.6601476218101157,1.078354342219096,1.0684881235835573,0.46573286599651303
1,A,13.1,0.2818044293961693,1.2711526552573367,0.36618858024322626,-0.5026845869163692,2.314677473094896,-0.26458787496850544,-0.3026634003872861,0.8735204215712126,0.49670507236031913,-0.3128903232909887
1,A,13.2,-0.13530730278041211,1.8570202092378785,0.18743495103131733,-0.49344338672112353,2.2664758125895172,-0.4340545491881512,-0.8497641773244357,0.916894905272322,1.0615379384184052,0.3858620262853611
1,A,13.3,0.38083358773942644,1.367766635854883,0.4715404480422224,-0.8689445834073788,2.64888767025548,-0.8341149069600586,-0.8583337743120394,0.08435147905047025,0.5015215726848083,1.3206309329924593
1,A,13.4,-0.12824901393097127,1.9353715680565555,-0.177080340989101,-0.3835359732733101,2.5158082646691238,-0.624611093692768,-0.9672660638007156,1.062869500978204,0.898813655844305,-0.9561789428149993
1,A,13.5,0.7144061420355479,1.1569916417505965,0.9072235756932193,-0.8396869028201419,2.7040721152334557,-0.9851685989326854,-0.7750872963951713,1.959301289274157,0.2799349393140125,-0.06067234813677782
1,A,13.6,-0.1239130631969263,1.7475081214003023,0.11398103458800182,-0.63454614413847,2.4438713541421357,-0.5542567034916172,-0.5158303789667528,1.73227547862964,1.2700600799004849,0.5605223147532882
1,A,13.7,0.01572789952831606,1.682852420352411,-0.22979366349908242,-1.4369389341903882,3.4375328816803554,-1.7043237177408896,-1.6889799870100919,0.5481757775311111,1.2082348881355167,-1.7037492623623804
1,A,13.8,0.39134218035464396,1.4435660262190289,0.5108221943246156,-0.9912627496522841,2.682379473265346,-0.8245877847738475,-0.9992935868634747,0.32096564975569064,0.5356796879721011,1.7837466702141478
1,A,13.9,-0.34608118860981113,2.18150118241574,-0.20584664014763146,-0.5220399525084778,2.398422573503469,-0.5290314450998557,-0.3071902535620571,1.2602979348946974,0.8897270561526313,-0.3461342629609932
1,A,14.0,0.14240149664075843,1.5970890898878218,0.08288879596876005,-1.1221807807453694,2.8467728349864823,-1.19122520011883,-1.3968426125996314,0.8815337240683924,0.3311745497637165,-0.9649123127283238
1,A,14.1,0.4983293159773596,1.0406806480932684,0.7734706786396834,-0.631142016450909,2.5767266248200347,-0.30439516051287857,-0.4559805475306227,0.7917232778606302,1.8902549442190053,-0.09655745625299889
1,A,14.2,-0.5437706923810215,2.2756419441169493,-0.5737818097875268,-0.9440236661342556,2.792153209899281,-1.121175364261273,-0.5157805998287114,0.4091959224888339,2.267053028414206,0.3835225402587328
1,A,14.3,0.06148026300042634,1.7947461489109517,0.08659555369473479,-0.43779093203856556,2.268654713167147,-0.42505749179447794,-0.022238438590064247,1.3558017997627005,1.1572370287093685,0.29528168226195445
1,A,14.4,0.06582888254361022,1.6646575404645516,0.031214517686836293,-0.3612865957656184,2.2500362531173357,-0.43786092669181453,-0.6907371580835007,0.9025282903449727,1.9328226138641493,0.6708613582554763
1,A,14.5,0.22653155441241546,1.506652919161919,0.22964736392870896,-0.7559809958749242,2.6739667506074567,-0.4171575878627181,-0.738444959659786,0.8452590514479686,1.3159099632991382,-0.4773502937454888
1,A,14.6,-0.501992774521735,2.4775935554154596,-0.7212477919007754,-0.8392820293731995,2.630441520846264,-0.9908091483411837,-0.9675657972960943,0.8874742641021837,1.0145491058668363,0.8458358072822597
1,A,14.7,-0.553140018483067,2.264481621734416,-0.841150195001926,-0.8351877602488318,2.646071600545243,-0.8397839873467351,-0.8608117634462893,1.1154552544862495,0.38219027617380097,0.7932526239603204
1,A,14.8,0.06982316309243208,1.6591824065280032,0.38872417573742657,-0.8714290865682156,2.7406913881696355,-0.9826685403818821,-0.5930718175565115,0.27007631250638864,1.3151570847474505,-0.5312281753360902
1,A,14.9,-0.03073335386553784,1.6670248339837634,-0.20012562352920343,-0.4607360229123758,2.1924297869337956,-0.3555335182241638,-1.4131565480483192,0.23961180666665904,0.31554481855517935,1.0453515709659866
1,A,15.0,-0.0687619674191744,1.5897784745242074,-0.2670404373104358,-0.014303884332511285,1.8039808027308109,0.15189144958518644,-0.24752964756900664,-0.6557272314643633,0.9225748162757501,0.025643848494268363
1,A,15.1,-0.05685841694026893,1.6501140305850606,-0.4875364396610119,-1.3701963588042667,3.2434577610288096,-1.6583131579884034,-1.5436898060543909,1.0729659030860244,1.2872306849163715,1.3376961537412826
1,A,15.2,-0.437718633066879,2.1705196187219293,-0.5655109826047795,-1.2751366014115229,3.2593056883178724,-1.3566942109707458,-1.0578842763379346,2.0269017979340362,0.5313195172628984,-1.3761324454478097
1,A,15.3,-0.13991929878389653,1.956484006257631,-0.4045372574653962,-0.44915636858874747,2.1863367794207518,-0.4007122904546474,0.17635440378159867,1.5022939004679916,0.2592654971707683,1.12726339867485
1,A,15.4,-0.1400238651408696,1.5886000014154509,0.18837916688640424,-1.3363459944706533,3.165652594281153,-1.2309861449569663,-1.1728729783530774,0.8673503454155882,0.48680156241533684,0.8899570409264969
1,A,15.5,-0.5138960462746022,2.2138863194727207,-0.31193262840607533,-1.4262942715469173,3.3526125904284476,-1.4954039442590918,-1.0907802841680512,0.20001920307899868,1.1636788690505955,0.7695288856370054
1,A,15.6,0.3680018164306885,1.3365173709775844,0.23037174739514377,-0.21448454231586955,2.221362867839773,-0.21027921586406423,-0.03542723720337049,0.658067885521088,0.7557629341234792,1.2610899990605393
1,A,15.7,-0.14018611986937513,1.848510745179943,0.31030104119948665,-1.058876636485358,2.7345071900687383,-0.8940842095664664,-0.6970669161360199,0.49419436054766097,1.2951150893474401,0.5880708211778524
1,A,15.8,-0.7438442536758698,2.429947894198652,-0.547491156277551,-1.0576774946595346,2.8758797512910954,-0.8660232825587134,-1.0751385139059355,1.0888706708699305,1.8766996116212606,1.9451112744633459
1,A,15.9,-0.11779657394919704,1.8381447317411588,-0.18276285065092152,-1.1546879020401026,3.0725680953120404,-1.6012884482129732,-1.068500595354939,0.7203032505683756,0.3163908581414899,-0.45762727752837146
1,A,16.0,-0.7092631372642408,2.472541454551832,-1.2091442802389554,-0.7788179954357428,2.641314323090377,-0.8028367423202197,-0.29692793135269013,1.1426461155178655,1.3473933101851303,-0.09249763489542992
1,A,16.1,-0.11300113532150863,1.8735991460451153,0.3451873791966397,-1.3837770422086875,3.4098919528381124,-1.4795461612296548,-0.9692782774498172,0.6318434572826048,0.8849529656356339,-0.7115361530879698
1,A,16.2,-0.003140622083757927,1.7123280657049251,-0.28105511543647715,-0.37027140246394585,2.10882642157231,-0.329713778465342,0.15339795192678896,0.06460343934586865,0.3926717704171077,-0.08628345263324576
1,A,16.3,-0.7158585951982277,2.476113188911172,-1.044938344589606,-0.731064598590508,2.5485587930229254,-0.6026895051452634,-0.7906025573215218,1.9048294350297688,0.299494689552249,0.1506476397833924
1,A,16.4,-0.11120157085451982,1.8883982657218037,0.09331251554740824,-1.015288981379379,2.7685299329567643,-1.1701364244977648,-1.1946502275539501,0.07133973873431665,-0.0583844876343107,-0.48916932558640536
1,A,16.5,-0.3234564898327992,2.018725583663177,0.1644939914350554,-1.1919868347733504,3.2024598968571274,-1.2503186500411787,-1.100477185694241,0.13383440535225777,0.5427717545549254,1.2668565524802688
1,A,16.6,-0.19952906972726142,1.9309389080689143,0.07732549397484223,-0.9619324233599235,2.7652001138016633,-0.9360937196020366,-1.4330300441233617,0.4343459577879863,-0.45884579095033606,-0.9161665529365852
1,A,16.7,0.1575427365757489,1.3979700811655498,0.27032456058622084,-0.6345662091104112,2.5085799678602196,-0.5203868379674857,-1.2887651765582877,0.5440372660220949,-0.8595221178258241,-0.8876605031261426
1,A,16.8,-0.6110604705623008,2.5820695680011694,-0.49210960222924366,-0.08318455261791657,1.8653282773149158,-0.22930367076353222,0.07354309967096201,1.353197736786376,-0.14415893817995334,1.2782091422850597
1,A,16.9,-0.8075681403039139,2.4043295717112354,-0.6368850285478523,-0.4697556104317939,2.297239857091731,-0.4774717090467997,-0.23633812133723686,1.1162866889165048,0.3745906832432146,-0.29449387182093156
1,A,17.0,-0.8734134282210642,2.4547170255708686,-0.7216277102637111,-0.6410460941276466,2.5103776707043983,-0.8766625203403146,-0.7069349969568693,0.6036563460920688,0.03408119565479978,0.5864267988669823
1,A,17.1,-0.8656680541297535,2.778919193970136,-0.8094297693358783,-0.977437541555237,2.8994088493046526,-0.9785655276088907,-1.500792177812422,1.1848494026257397,-0.21189692153136358,-0.02492572788550073
1,A,17.2,-0.6248905813524557,2.3650714573600577,-0.6040503605620805,-0.5572751310143964,2.444176087737094,-0.5425377999391318,-0.019515841917589594,2.2213580922698046,-0.027850146322140862,1.3731186055269229
1,A,17.3,-0.49598317899334643,2.2390393821924928,-0.5085018045732509,-1.105253419979509,3.0778385172687477,-1.3483535936546676,-1.4614143462145945,1.1183971080045907,0.6528865680498902,0.48620416081089124
1,A,17.4,-0.5357283821476181,2.3823916682189674,-0.6865212999209533,-0.862421720121594,2.7152557714917718,-0.6565907925303911,-0.5391200959442546,1.0266785002059582,-0.5142193076766479,-1.0581713735664824
1,A,17.5,-0.35993391116757556,2.1436276965262304,-0.41606892654093036,-0.5626263454627842,2.203512938717652,-0.4399587825722884,-0.5376640402354189,1.3210290640944737,0.12020151640188136,-1.940343425486979
1,A,17.6,-0.6614612052769847,2.478430906423135,-1.000052568116062,-0.753010846731792,2.502274062382674,-0.9364464832236753,-0.7834984516684279,0.3541801181748,0.031391753276214136,-0.3551479335601696
1,A,17.7,-0.17351668210433568,1.7042017543615409,-0.19318460746328567,-1.1902641934253662,2.930581055527087,-1.1377371701875385,-0.7908576844549517,2.573015939864179,-0.7783536480511378,-0.5273704241049416
1,A,17.8,-0.7907953106267578,2.4031395879115793,-0.9885135320569413,-1.485567000750673,3.28831943750754,-1.4334570439871763,-1.3996960822445357,1.804955461870708,0.4083987968911744,-0.4285343139347863
1,A,17.9,0.23831960602994506,1.3404370010702065,0.01760174258679087,-0.7642881377079266,2.5356889162276413,-1.1268815449869012,-0.18101369645494447,0.5510980297045758,-0.48186074692271286,-2.3457450505323423
1,A,18.0,-0.5099850557036597,2.1437299658989035,-0.474006225472964,-0.8826537320195309,2.7233831568334956,-0.9723618022031815,-1.536663831710626,1.2284382487951049,1.0941429824316116,2.269026989893142
1,A,18.1,-1.0438502745527245,2.8626675682740146,-0.7654498172838047,-0.5935013525972799,2.5316438934237193,-0.5365152920881014,-0.6173799466046901,-0.36746237250812386,-0.6067587949993588,1.4008691886038402
1,A,18.2,-1.1331742896101116,2.891538432837656,-0.949510968409649,-0.8872231129240017,2.8117191406186266,-1.1898621574176413,-0.7968622793391495,1.086400639718206,-0.35009374647041197,0.6623274704589603
1,A,18.3,-0.6036466183427501,2.2606212788195257,-0.9177467390673856,-1.0280999200612229,2.755414420693032,-1.1312885639386197,-1.0344458517989799,0.8906151966856399,0.9580072436725681,0.3038755427191885
1,A,18.4,-0.864500407000667,2.692625304489429,-1.0624260343147345,-0.5134076401058153,2.4102728512289042,-0.39699542099354024,-0.03976075544178015,1.1176765749700246,0.23439868956042065,0.12158540253349218
1,A,18.5,-0.5497844855548588,2.1843967591371873,-0.36163024795721566,-0.5199218408585733,2.361174407809236,-0.4392763910715598,-0.1699886863452959,0.495450021824343,-0.49795559980496007,0.2760103888400212
1,A,18.6,-0.6470609958323534,2.3770056522477345,-0.8435584745400153,-1.5924951280121633,3.3463053998314107,-1.8551884067799254,-1.5327502838390639,1.536828504006604,-1.8589103817972585,-1.242625231999362
1,A,18.7,-0.8508007781229054,2.5941949754774325,-0.8957274081223103,-1.3709309143468202,3.248090568828486,-1.1506785178258654,-1.6949369512752925,0.3172002455896188,0.24022796878347596,-2.4546653678402803
1,A,18.8,-1.1339058413660836,2.7687219611453022,-1.0238954215611733,-0.7780904786763106,2.568352009777616,-0.6702562224243831,-0.5852304446081453,1.5994763953745998,-1.3214392761935356,0.28450139762736204
1,A,18.9,-1.3795369289033692,3.041022714354333,-1.5732058198760963,-0.8299996769621137,2.7710191644572872,-0.7095766981975473,-0.8301040953246875,0.6308928790980896,-0.284276162821173,0.6228451544551834
1,A,19.0,-1.017022260227401,2.7590309934088766,-0.9959471589982091,-0.8555997798090645,2.726028211728465,-0.39635827152304726,-1.2332078120023615,-0.23552574253674396,-0.6360686188796136,0.0159738273265268
1,A,19.1,-0.571987828525294,2.1619669647884368,-0.8387929275089349,-0.48413558929324335,2.3759459047949965,-0.5238492003884516,-0.8669159921191951,0.5762594718427867,-0.5601754678708578,0.9483398452235133
1,A,19.2,-0.807358415989382,2.621376865348939,-0.9276319447796247,-0.0488269354997547,1.8210568462972938,0.14767859771643482,0.20456808954352845,1.9459010541018582,-0.8240156331252586,0.5573967826381687
1,A,19.3,-1.328436950672914,2.972755506578055,-1.2644805638444065,-1.0963947074339495,2.8777476345390287,-1.3988722797175426,-1.3512524914983943,-0.10997222180266952,-1.023058799113655,-0.38866792778122666
1,A,19.4,-0.8415206353202891,2.488122626123018,-1.160119382026623,-0.7395677047183506,2.5251402858213345,-0.6178331848242867,-0.39548533658065516,0.22301584237342142,-1.0291720827579256,-1.5032912346420608
1,A,19.5,-0.7765421937303525,2.513408954261319,-0.6884472461382727,-0.7047963420312526,2.546558798800646,-0.23159870171304203,-0.611671858763278,1.0597919005230403,-0.8536321066598065,-1.2843389024937417
1,A,19.6,-1.2295819500362672,2.9028807644116226,-1.2335095098216036,-0.6034801899298399,2.3902552154411545,-0.45028924283682215,-0.8037360283072894,0.2647549387734238,-1.3937386381882686,-0.7509688657275453
1,A,19.7,-0.8748116150600826,2.7058350892981804,-0.764313624176653,-1.0824868747983782,2.983296173328104,-1.156544818322171,-1.1936719070860886,0.589694760293489,-1.1473420254124926,-0.11819181888504937
1,A,19.8,-0.9161768352920927,2.52968624997097,-0.8713940084791604,-0.4689697044941312,2.347496213096312,-0.7843650345463913,-0.023256153224402498,0.3747747575424831,-0.3201451760723074,0.16842925763619154
1,A,19.9,-1.3440710683817678,3.068473398625634,-1.0712429823869989,-0.5975763324852156,2.364419290506886,-0.6890889839891885,-1.3702666307429754,1.2389020123498362,-1.7950663000889575,-0.678479889211495
1,A,20.0,-0.8258309401732546,2.584015358824726,-0.8007860396436732,0.12582952543570602,1.7222548284832206,0.20899171242183956,0.18773447770039373,0.6999655534446543,-0.26334184437864905,1.2233294231715226
1,A,20.1,-0.7613470617287406,2.3623582557446188,-0.8472281699537911,-0.4299951731535253,2.350877368453384,-0.8229793227439763,-0.3505897066501175,1.5715470267881286,-0.4962628401810067,1.744182223749035
1,A,20.2,-0.584655743178663,2.3610022288325063,-0.5601962425722062,-0.7863058964065797,2.622912204985062,-0.7421277619101206,-0.22046678056001712,-0.13241636555314462,0.7737487975718635,-0.13091126126031455
1,A,20.3,-0.6005289441914136,2.4472871904273372,-0.491869338384136,-1.041135137544511,2.7365909348647306,-1.141575201968985,-1.3345631734999626,1.7049598103152275,-0.4784989522886279,0.08693893092631086
1,A,20.4,-1.4567111515715592,3.318286185523517,-1.4469391375064182,-0.5270079920565308,2.388662502681563,-0.6940196837635604,-0.3763372167601854,1.3059952243246227,-0.8631750222553926,-1.1619339597991791
1,A,20.5,-1.3074615745920588,2.952772696057062,-1.2993432363512822,-0.730307171965719,2.564861506221516,-0.6650630055011216,-0.543451672643872,0.9454623860010944,-0.6211893516792009,1.3487378297584096
1,A,20.6,-0.8031828614722988,2.6371379133214945,-0.9435811990336499,-0.5910429719634809,2.3511813729410145,-0.7047839694820976,-0.8712764913235951,1.0682517876080937,-2.0738505619546057,1.7951220960675374
1,A,20.7,-0.807366931175546,2.337799629576677,-0.9399471146857357,-0.2962543530528509,2.0192298717298693,-0.41501514349037505,-0.613561167952662,0.5308063976283499,-0.5594486280818498,0.10417824280968926
1,A,20.8,-0.8101947354895346,2.724299792877474,-1.0907157898494733,-0.3091174359382174,2.1063114090036317,-0.41388817328823235,-0.4354647997332055,0.2482675319344564,-1.4188108741870424,-1.5137619590325273
1,A,20.9,0.355204162686813,1.1810623170837506,0.7051195113242008,-0.297336580678743,2.1701387920119846,-0.5109592132355729,-0.0260620365396248,1.8543144695447362,-0.007867723687921213,0.22136525068479945
1,A,21.0,-0.7957502858604716,2.4805606557397772,-1.0445229329387287,0.1485539720058322,1.6014828737085713,0.21217644385391538,0.1836309886354927,0.7403300957290658,-1.0895813719464875,0.0353140676013474
1,A,21.1,-0.5999426511691142,2.315526078955721,-0.7385236907282956,-0.16921880411144902,2.0697385657304346,-0.5297084461995811,-0.23118560948773642,0.10716052912689711,-0.7780520560399735,0.33700337277586034
1,A,21.2,-0.6648363393833967,2.425240364663859,-0.8085177924972362,0.6646988270228205,0.9622046650636632,0.7007574416343851,0.7749809200140048,1.0713446848357226,-1.5057842649338253,0.15473655784936435
1,A,21.3,-0.7716133696932272,2.4376118748575877,-0.592628494304339,-0.20134016444953037,2.116498714443549,-0.08310369611404075,0.015781210875559032,0.9418818929251146,-1.1296037448021208,-0.8676319218573605
1,A,21.4,-1.110324496480258,2.8200000833223102,-1.1693144321386637,-0.37280309328365735,2.1283032429505258,-0.1755218096025718,-0.01277609079651676,1.2880894914225554,-1.0536509936103915,-0.5212350366416172
1,A,21.5,-0.734237405309017,2.3298193337069324,-0.4846889907742703,-0.7267700067458291,2.6505265711905395,-0.6416791766434414,-0.9008255838198682,0.5115417961018921,-0.49577395433896787,-0.6339750955792147
1,A,21.6,-1.2697782977287393,2.9642676494621027,-1.404476422577513,-0.6350531004470279,2.3403780514549126,-0.3865596426592611,-0.6749523495434872,0.24998381249530133,-0.20524997810846224,-0.9496545512411202
1,A,21.7,-1.081105577637215,2.7719875180905946,-1.0253067451924545,0.17026638803722885,1.9062089347634577,-0.07945851007125684,0.3546424000823829,0.12543175010383456,-1.0858438048729158,-0.3083613720288468
1,A,21.8,-1.166543169774216,2.908816507595169,-1.3336125804261674,0.10802915492671937,1.8019986747170045,0.04234368461471316,0.5520977580511234,0.13791843817924687,-1.7340989647425316,0.5874396060906557
1,A,21.9,-0.9659748632062194,2.6775815421778937,-0.5369450376515417,-0.12237475798002623,2.1399711192216335,-0.28198663891214687,0.3129448563086066,1.1876615568605566,-1.6679184693019447,-1.315980664597734
1,A,22.0,-0.18198420297874973,1.8571161426891112,-0.41950388678465234,-0.14132310450459207,2.0906633727213384,-0.508221065170612,0.6823468571066398,1.0577953698936198,-0.13355283559696574,-0.057344725725278385
1,A,22.1,-1.6426616301790733,3.5195905860443033,-1.5806974881336677,-0.34521233789532135,2.133599718848689,-0.24937907178713936,-0.6707744408715826,1.2864173929213245,-0.2813360606646956,0.24265342261868542
1,A,22.2,-0.7454535285179182,2.586184187328057,-0.6186981523314985,-0.06451179695138252,1.7238162541479891,0.09412353209294445,0.17008107123888483,1.0433565456720166,-0.5002723781909564,-0.4711244883306322
1,A,22.3,-1.5461442834627768,3.1777299906600724,-1.4633844639724771,0.06521051702989426,1.8512198372838453,0.05433297340227043,-0.4644031352815206,0.4464549336656501,-0.5956520320055633,-0.5963325503311616
1,A,22.4,-1.142444276594495,2.8312698493812682,-1.1795018083700368,-0.6559457471248838,2.5189313662759667,-0.42335782437601377,-0.713032441622211,2.168271218570029,-0.48550589369147956,1.0246720860812348
1,A,22.5,-0.5912372114590985,2.315547661693934,-0.6172013514057837,0.3322766832256957,1.3916310292390355,0.28869239120955315,0.5654844901287915,0.6502996405161373,-0.6025066607301183,0.32213889138165236
1,A,22.6,-0.9445034810790229,2.648572204372051,-0.935741186683201,-0.6029241968945661,2.4655352594575772,-0.6871566738905874,-0.3555830735756721,-0.29807769716541743,0.1803845223746709,-0.8974444456832639
1,A,22.7,-1.338376094064109,3.009530040127509,-1.3677764943898068,0.252620405504302,1.5687005843699273,0.36098224401101175,0.014261375985854446,1.2484154367702605,-0.4113583575586544,0.1041333760711837
1,A,22.8,-1.2052208429876317,2.965108927618135,-1.0124450196286496,0.14699275190236685,1.8914207285060587,0.21715824711228895,0.028836855202978684,0.5165702857093151,-0.9120469504971838,0.36012878944548743
1,A,22.9,-0.7102426915568955,2.4939852806966942,-0.2681380912386252,0.2926922563544909,1.4884940325353693,0.4818770206285671,0.2393356366844665,0.5711814993871094,-0.6806180577249901,-0.19105200078887766
1,A,23.0,-1.196509090055223,2.8828366811450223,-1.3080074470567897,-0.008831372283574862,1.9648775172347774,-0.1451258830098721,0.12588527229700186,0.5979879198474154,-1.3319227810178582,0.7965356710864715
1,A,23.1,-0.857444126280207,2.6611935206412776,-1.1314047221960226,0.838363157929244,1.0163445886432378,0.5456709772833841,0.4756423891662967,0.9379540127352011,0.23547621869043653,0.4556471936554124
1,A,23.2,-0.9091270628681231,2.5742139038962435,-0.926783472538374,0.5242843036007705,1.3159984624982926,0.3425992340739914,0.9067221065306261,0.020820910641432544,-0.5878204092065931,0.3500354579862527
1,A,23.3,-1.1445625435689337,3.020733020592285,-0.62862067603807,0.5224355662535725,1.4347363408198213,0.31710119750284216,0.07327747699996384,0.4644632371807322,-0.2925890235604978,-0.7908873212711259
1,A,23.4,-0.15710399327725288,1.760100546144256,-0.3178389068711991,0.26426056788850305,1.4743798850587966,0.33644154445507,0.09664203115832828,0.7230524848282909,-0.7117254073922994,1.574579171194961
1,A,23.5,-0.6761559179493114,2.3348082863075748,-0.3483325568604979,0.3271358196163852,1.470624908906757,0.4774176540853904,0.4640638921224506,1.4971738093015459,-0.3702751051286263,-0.42805894156770563
1,A,23.6,-1.5969363541437065,3.2772454973118865,-1.2613961913284184,0.689773426147008,1.1273887956842206,0.8898866440906762,0.7330486743055648,0.19622264473381767,0.4468520692428929,-0.5939364526839955
1,A,23.7,-0.8125568167918217,2.4201998349968377,-0.9232744651334206,0.8615815086754497,0.9388466311670552,0.6992636089967414,0.4652331567557485,0.3481883666000994,0.13204634555976585,1.13057313295782
1,A,23.8,-1.0986959638334253,2.638060635986735,-0.9848993479963701,0.921517339624548,1.0111339525856007,0.8444535902274324,1.1832018569374199,1.406017167839524,0.26766446294431834,0.007865916883300867
1,A,23.9,-0.5575546004924543,2.162029710590209,-0.23187527586674667,0.44055187990521205,1.570685162848184,0.29980997723893754,1.03370991349031,1.0542487149608162,0.8897477083576256,-1.4499808838742645
1,A,24.0,-1.1217101839534602,3.0117097236861925,-1.1975357321509577,0.5015991460393021,1.1929576917028293,0.5787882608005493,1.4311893698548657,0.7898019725508685,0.46926762417857737,0.7067683636290826
1,A,24.1,-0.8724990283540778,2.7063688416272154,-0.9132151003745501,0.6222128835417777,1.148160140699337,0.6618378243535601,0.42566908574679924,0.23956284785822912,-0.11448835718765454,-0.9159474674308369
1,A,24.2,-0.6432065616822923,2.4116005360514277,-0.7595427444720211,0.43888787156834147,1.192360008902711,0.5071732218974219,0.5055549769521043,1.3066233162300578,0.7194543646682829,-0.8672978636691558
1,A,24.3,-0.5041521052868575,2.207455116865342,-0.7071034514254309,0.30602075690888675,1.5466136401473225,0.1444967460157378,0.606059992439322,0.650985182964389,-0.2994779642081916,0.06272814819737636
1,A,24.4,-1.214094141117357,2.868240355670012,-1.3439496501305583,0.6358334183578352,1.283389596390856,0.4276884887251187,0.2243714982165937,0.7141436187790782,0.9531733458435877,0.07032377144508789
1,A,24.5,-0.8975058398826614,2.6759923377975756,-1.1422938932351128,0.7660831532689931,1.1166287596926558,0.7154720185401857,0.7477056429259235,0.7121512643820547,0.5642151370399111,0.4688514136371902
1,A,24.6,-0.932723865715684,2.6199593058675434,-0.9259071720638388,0.8060842424435952,1.0870077088141146,0.5908753319067386,1.3380264298897058,0.7139803415854833,0.7967450488261011,-0.7046002436136746
1,A,24.7,-0.9808501684649102,2.76230057829981,-1.1348448146766386,0.6182200084272079,1.2286958100382641,0.933058404571151,0.3717380765190663,1.1531081466943787,0.6658975753218656,-0.443364138227527
1,A,24.8,-0.11960413325978947,1.8866680301585517,-0.07284695090163992,0.4356981981510044,1.532793101917705,0.5289866016158379,0.09590759170098939,0.4630488189958564,0.4410421427578106,0.09952662298935809
1,A,24.9,-0.5807410440170153,2.427319270301405,-0.8919201732577409,0.8615769511822904,1.1206518967771113,0.6157538394650355,1.0046383589438008,-0.7580756273456465,-0.22452263575028308,0.686909516394138
1,A,25.0,-1.1484161652038127,2.9466516064144708,-1.0822401187609214,0.8474559873746661,1.0050477091251655,1.0714580028352276,0.8161354832109753,0.4190365883730779,1.6002158276833942,-0.12277909712843635
1,A,25.1,-0.37013528748603397,2.211215864647235,-0.20342949516424902,0.4051480443737557,1.3911169271239352,0.3542750359712621,0.13175871657912958,0.5910227271767582,0.30048569002262054,1.2261819460753673
1,A,25.2,0.06742186083339752,1.736077581063903,-0.3313252676808936,1.0780313873125427,0.7862548440813051,1.093144402181932,1.1025051837524042,0.6859316374584897,0.20195518654084088,-0.4976807714375035
1,A,25.3,-0.2975892211408148,1.8981371580795983,-0.2227779071713004,1.0304119772071312,0.697580756302774,1.2292518870619666,0.9172144907988873,0.1851388393361294,0.8991207665634018,0.6532188921107912
1,A,25.4,-1.1740321412604886,2.9748841467432503,-0.9284983427658302,0.7677373501789675,1.0618349600761727,0.8538746904061902,0.14521506899522907,-0.20307548023945365,0.8849381164080868,0.2563870088658096
1,A,25.5,-0.7947245818388924,2.2373984919547207,-1.0366527855771335,0.3607000654726003,1.521349284833292,0.2609942037524859,-0.04039570591913727,0.9136312854505444,0.5160930841117304,0.2803216959211599
1,A,25.6,-0.16451139547928634,1.8210917219907647,0.17000308188825436,0.3913910078642424,1.4235886913686207,0.4776482468557207,0.12136120627697217,1.0429296699251405,0.4629128496865356,0.7432492871018368
1,A,25.7,-0.8380082623228671,2.5254367665529474,-0.754204460449658,0.9844004270176266,0.8241152023428497,0.6772291461866417,1.2566032458944034,-0.4179213808098007,1.2107685755914588,1.1728658254103916
1,A,25.8,-0.4170953257434106,2.2088432203610995,-0.5580976968950924,0.663772290332342,1.0077988338187327,0.39511223026715464,0.5414511570700637,0.39713668470392616,1.7874196488020138,0.6376485734770867
1,A,25.9,-0.28314156003642627,1.9190226886950945,-0.2942953755679675,0.7663997528443995,1.2064431974341092,0.881518235321456,1.056465145955947,0.1013505985292612,0.8401609063703015,-0.5910691342033886
1,A,26.0,-0.8602524600313253,2.6237283592546703,-0.7485870775269807,0.48119562600429566,1.2747332254712505,0.46469552960201843,0.455681811096032,0.7433291270472414,0.8425787285512583,-0.8728890829428381
1,A,26.1,-0.5379648647597866,2.2316759998948177,-0.5227637864773043,1.177716964239332,0.8232105197100728,0.9851346540572515,0.9803304491522552,0.33287216412985077,1.4470373268648822,-1.7583487866328729
1,A,26.2,-1.632628674363666,3.082532337136354,-1.5248774758743922,0.24000793313337754,1.8167762884360585,0.25996056167723225,0.24360304546629283,-0.3544088521789158,0.5854809852815446,0.08862764832479672
1,A,26.3,-0.8375339771117618,2.553052083683794,-1.021668695727635,0.8972863934673656,1.1007796555662466,0.9849294771634269,1.155176824670017,1.2390447736169394,0.10755241667565096,-1.1306627513365561
1,A,26.4,-0.5479787136090938,2.1389634975800935,-0.5141065488018782,1.049395535125543,0.7402873820325673,0.8441736675808895,0.9620276443761374,0.798403655095583,0.16767885000159954,-0.8827018896042744
1,A,26.5,-0.8766632835436119,2.652893042655768,-1.159406182924608,1.1496215478703942,0.62834480380411,1.3461085731830886,1.1343885563703082,0.27318600168428653,0.6656101505987035,1.4769211975642573
1,A,26.6,0.1512582279642669,1.5581527376849966,0.12901301569452683,1.1138515832204983,0.6152322484297046,1.3365989933426974,0.8237052602914341,-0.09105192413413765,0.743789036362575,-0.5348473452682613
1,A,26.7,-0.9005786195234857,2.429410672559502,-1.0813601478164436,0.5270908091405662,1.4979978990218221,0.639076431129463,0.3310098845719207,-0.19139563373333368,-0.24795587886846826,-1.4554721875845258
1,A,26.8,-0.5337946658657446,2.3024034882440887,-0.680900654383698,0.8176552371805117,1.1104952372587817,0.5831991400462047,0.4809484713892558,0.3615151720425712,1.0149943674489732,0.46042405657256563
1,A,26.9,-0.3135861939557583,1.8382534547556328,-0.06636755891367083,0.7087730616566676,1.23580598363358,0.7484897711578169,0.9884509991515408,-0.6445098995630828,1.0289718657051778,0.2729399075223319
1,A,27.0,0.16570773092784985,1.46942919212617,0.38396975504670366,0.5656829706672485,1.3707549087004207,0.7673143378116745,0.6550134391503015,1.5295503894582954,0.2973457154656842,-0.20716235008731443
1,A,27.1,-0.8205183867452135,2.5826771809342075,-0.698690762563778,0.3655969709052427,1.5471587743893234,0.23218573170206994,0.34927907482064074,0.06942901713908678,0.9329007891345521,-0.8190324236882214
1,A,27.2,0.11006573167720163,1.5326056110168138,-0.10839682125731417,1.154188577536345,0.7677982323090535,0.9970714511246788,0.8898687179634921,0.4499152534883637,2.5129076259765943,-0.4633844563163141
1,A,27.3,-0.27239131129188915,1.8810479829287836,-0.33567300123084953,1.40374544078788,0.3659323196121145,1.1952816199347454,1.7602467344085606,0.22896183965590644,0.5853632669801279,-0.5287495569074767
1,A,27.4,-0.5982987535501643,2.2420298739280122,-0.3556792135543276,0.7943052731799658,1.070406622243081,0.6189649302277528,1.0140817399947266,0.5989284762159888,-0.06426516124602177,-0.10685393381261744
1,A,27.5,-0.07170914786375959,1.9346437364523728,-0.04336576513577864,1.2652198365080025,0.6042490339540694,1.146015798044575,1.566763487086817,1.012550376770363,0.23025028387927227,-0.4124250916344019
1,A,27.6,-0.14233621647133954,1.9209620506533938,0.32152969152499933,1.1865516822634117,0.6900517908943682,1.299217996070232,1.5748860839032603,-1.1329558264951887,0.24113276981849097,-0.40236638231684924
1,A,27.7,-0.4005422382367679,2.131206218391486,-0.3218786703578935,0.6832878050882404,1.1071589560038424,0.8956064376531023,0.40065521974061336,0.8725800977565419,0.24144570619074956,0.7895071270649935
1,A,27.8,-0.14440271496622673,1.8577581744757987,-0.1059928916682204,0.9599117129210645,0.8245113659097649,0.6927467153277098,0.9665543319691705,0.37056382641140156,0.30754015183624567,-0.11154222508817122
1,A,27.9,-0.2819786707402534,1.925823577584753,-0.34380196358075366,1.0139473077531982,0.726234839112025,1.121893876512311,0.9299879646650714,1.0896003200479867,0.5422393695550196,-0.6330663345242854
1,A,28.0,-0.08560216272636698,1.773744179232609,-0.05889398176991051,1.2567320463613827,0.5457446226287583,1.3958925216875495,1.7632998333660685,0.6736166266717988,-0.03010106789594047,-0.2646342073868689
1,A,28.1,0.12825879083194466,1.7111877616386328,0.09776482355583588,1.0342531031255031,0.7121882936687445,1.1697493998150676,0.8989253633362801,-0.5084142747438298,0.7646807886238187,-0.45477492666034125
1,A,28.2,0.473515274082716,1.194377057416255,0.615137009420434,0.3828614101604626,1.2703105650077489,0.5943663535604737,0.4565354190909273,-0.31960870345689785,0.4721220363877602,-2.1954044693796333
1,A,28.3,-0.492890245979567,2.137743788050752,-0.30154978262065013,1.6299315892748356,0.1972837023971934,1.3887552387432494,1.6766073449504881,1.130689003146134,0.6261681703353018,-0.27774478733227315
1,A,28.4,0.708871498459759,0.9410615733467044,0.5516736063581691,1.1207176553013969,0.8162157879616514,0.9105484244955224,0.6946389233396002,0.8944880708900755,-0.6639301124939103,1.07732687495461
1,A,28.5,-0.6989380471446955,2.2967720911888008,-0.9651846378562512,0.6312450447145601,1.3599819796061203,0.8297523372708855,0.2682754125412668,0.22828187370726225,1.1259236622923616,-0.39005200607921653
1,A,28.6,-0.04684163929689407,1.6693615404415711,-0.4140827139175534,0.4350233347119389,1.5033053109296943,0.6390830088321271,0.2340551114056054,0.7830789846703802,1.5865964927670366,-1.2484544068025198
1,A,28.7,0.23418158903987568,1.425812519636848,0.33577985442238445,0.6611716555170306,1.1696859506465258,0.3219896260152211,0.4022307735550576,0.011796961959515129,0.3578372028783256,-0.3084586213797555
1,A,28.8,0.14859147188703203,1.5643372158584001,-0.0720818493477427,0.8358183899116878,0.8219529097358478,0.6631867298322579,1.123060004485243,0.9640439402980525,0.16338506715031723,-0.4403773646646221
1,A,28.9,-0.14575106005434663,2.0177592700055134,-0.5763291786448432,0.712367802069877,1.1694203709666735,0.8837932377065886,0.3485262499500303,0.196226313752097,0.12805552293064465,0.9527758123544464
1,A,29.0,0.021265525693468984,1.6416847689928398,0.09898124659966182,0.7745266224144179,0.8746334896470224,0.7715696466301268,0.9299651181080004,-0.11304923772788877,1.0718228377880403,-0.4657494810831985
1,A,29.1,-0.05657298232162872,1.741716330204885,0.4420269211649294,0.5741101080938729,1.2536888323438447,0.7380203614824198,0.9100220634819358,0.4487262922509456,-0.9905502187064137,-0.5903416169384348
1,A,29.2,-0.06848737424583506,1.7472416071258652,-0.06970155655381373,1.1146474253604584,0.8311019055068152,1.1345168946309432,0.9265308470545671,0.1940789716721725,0.9242658112524581,0.7416503701652832
1,A,29.3,0.4568973363558454,1.376689637825753,0.6245954912461738,0.5418616422339457,1.377185287931788,0.6722723753560744,0.5065493916014637,0.6335393110093732,-0.6411970771544493,-0.8438990619143699
1,A,29.4,0.30616118371490475,1.507856586925489,0.32252705542441773,1.0852482110479293,0.787240461301846,0.8630422915457631,1.6490430811213104,0.06199598727663763,1.0072357191433658,-0.9702447292125993
1,A,29.5,-0.0397310629847161,1.6403278942509931,-0.059508993622944636,1.121349940278668,0.7119279367939231,0.972437823432625,1.2713019276421806,0.2576989877907466,0.2497312822446472,-0.5242623347958177
1,A,29.6,0.5391307173510197,1.1707369146342133,0.7229460139485734,0.343892979221294,1.5289543669450891,0.21246369250844754,0.6863694003185243,1.813484181262004,-0.07860669817554991,0.6410263924868762
1,A,29.7,0.3532006034992399,1.284561443363065,0.2951456946615096,0.690567784781231,1.1444137189599544,0.7642082640537855,0.5074496534001125,0.8681942401834939,-0.7866429972835969,-0.36358399718865986
1,A,29.8,0.5514037309140123,1.151676548072509,0.6048821937283929,1.1591909155962754,0.5186949214200913,1.2905426135158358,1.2721680399386224,0.11699257825878687,-1.5178191320161114,-0.04620238181383702
1,A,29.9,0.5083992306880337,1.1945372719619591,0.5727387919272364,0.8805505407623495,0.8466810199410305,0.9304715446411238,0.9100441774844196,0.3906174692711372,-1.4242044130861262,-0.14455572916462087
1,A,30.0,0.018868740552222707,1.593214995449745,-0.11474935017638704,1.1122285291717056,0.7388520489782258,1.0289594052633628,1.0280956567629524,-0.4023352025480124,-0.7220884290330468,-0.4532512605899946
1,A,30.1,0.1337920507899145,1.6237245386313903,0.33220052069721906,1.171374117258571,0.868993376933755,1.17535498576842,0.8355546065271142,1.1635007037754044,0.35169252268172513,-0.18513262224546187
1,A,30.2,0.6120870819844011,1.0842129569210681,0.5770951306453194,0.3800805692000971,1.4293626080639257,0.33798846394510307,0.2477041597318672,0.16157709609497017,-0.8496701811833947,0.770443433045611
1,A,30.3,0.5846733031387645,1.1674663423313072,0.43352427124019555,0.6036312339917147,1.2079302888995695,0.6127795713524573,0.6940388936626504,0.8866381517404532,-1.683737697837935,0.4226811844467168
1,A,30.4,0.384058108949751,1.365303630393048,0.4913600776638317,0.8387739363586315,0.8998155064123883,0.9120810979062497,1.0701330859232183,0.8350784473755521,-0.6759787053485957,-1.3406334729875744
1,A,30.5,0.4525789427631833,1.2842503861832482,0.2728853464049758,0.6188464506229668,1.2173992039694155,0.6638441098603073,0.6923441303514205,0.7484995740571917,-0.9615769512072592,0.572618727821428
1,A,30.6,0.8786387592069088,0.8050599802292874,0.8842749906807345,0.8137290229892324,1.15270686280475,0.7952753847718186,0.6208392689109482,0.7377949379514828,-0.5835068720993282,0.996391551987303
1,A,30.7,0.24413909834930533,1.5096478804166098,0.24231529902046461,1.1894087431264455,0.6546997259646388,0.9280136029067727,1.419960097447351,0.814891745508713,-1.1080788677546196,-0.6399242173850181
1,A,30.8,0.6621880155748469,0.9181484884673685,0.8793671287411625,0.5847821437902448,1.2240625089940504,0.4042056163971532,0.48514302844140295,1.4188658608350568,-1.433679975131812,0.44850635788177484
1,A,30.9,0.41922372329237434,1.3761491235291434,0.5141633698683649,0.7095178041168134,1.2548189332642758,0.6464692693340561,1.0608877755300161,0.46284296729009367,-1.0802220045788078,-2.4103150982694768
1,A,31.0,0.43285299462084526,1.2917462863948581,0.42784760287181645,0.5662231101554123,1.3275150495450512,0.2637057904014041,0.7743408603766253,0.4941772299588698,-1.2208742376814987,0.04853063929319889
1,A,31.1,0.9124174101405835,0.8374678122864014,1.075970669980641,-0.1320738773085195,2.080417515742061,0.07224053973674441,-0.06358033364518927,-0.9935271759295878,0.002707500627153081,-0.8050621605970267
1,A,31.2,0.8352900688800797,0.7259242592841144,1.1133315786835425,0.27113532402969653,1.3836101263171812,0.3225080830336613,0.29264102821809945,-0.18053852511133264,-0.6381908773459548,-0.1448779004937227
1,A,31.3,0.849407322666301,0.8368493162821089,0.9609693839366735,0.465835653496141,1.474720457479613,0.8232333343386227,0.533355966006774,-0.5515660626249952,-0.42720787013615413,0.6194859394171729
1,A,31.4,1.0396080621725914,0.5631196004801127,1.0416785861412674,0.355296841909579,1.541094280485458,0.5396839818628323,0.47110724099841084,0.3487416115666826,-1.2355705260879375,-0.7909080009181759
1,A,31.5,0.6077715698973502,1.2466965840059145,0.34540432342731825,0.7697384228374854,1.0455303992057088,0.830785536519163,0.8640983916373539,0.5866077204334512,-0.9778274915372658,-0.5930735659471886
1,A,31.6,0.8565431530435724,0.8226639369690691,0.6435204204284979,0.8450144570904101,1.0388197868203999,0.9787970904345922,0.6014923779742287,0.4851514524523831,-1.5047349017611145,0.32392448112457417
1,A,31.7,0.5264068446210514,1.0905421924161725,0.4653619037501178,0.19857749265315813,1.6288429157071065,0.4584319672108482,0.4592870861443423,-0.674916216807865,-0.6241922229382846,0.566497480744308
1,A,31.8,0.7652919486718341,0.9323917690001908,0.6433895082399775,0.7894738953947142,1.0714142555949857,0.7036556447750949,0.9082779126998316,0.8713971002846355,-1.4651933599891451,1.0725354828437161
1,A,31.9,0.6228019511391037,0.9765621279539285,0.5854076905420146,0.20632388109275454,1.6135573030264547,0.2653021217043068,0.21028574993076343,0.4923561933540313,-1.0317884721251367,2.3115590063561426
1,A,32.0,0.7184956936761406,1.039145267933464,0.729825678655562,0.4697578177604237,1.2855767710333388,0.45975508191663694,0.24520766830774388,0.10987788951985178,-1.4190502232238387,-1.8553814766728944
1,A,32.1,0.908716109686727,0.6562612628942825,1.014654660558073,0.19876393778754745,1.6037003343959522,0.2339002931240175,-0.07387961418610847,-0.5787942459897812,-0.7471784134316566,1.5656524428347063
1,A,32.2,0.42955924389011696,1.0464630603475253,0.4154594882782987,-0.16125634933426675,1.9184265523864121,-0.1143598127997438,-0.07424714748668305,0.17565209960897976,-0.3553789157222449,1.2363125986642194
1,A,32.3,1.4634511412197755,0.27874483142375794,1.5607514699850158,0.009530644238394781,1.830288169968982,0.07275970950137262,-0.004253977750546379,0.3783777563522526,-1.1420859881635617,0.03913640093546942
1,A,32.4,0.39383506189928685,1.3566273068403578,0.4067299448613109,-0.32184516768214066,2.156065883032082,-0.13400221459900405,-0.5900826981846217,0.7485759514238305,-0.46236903447104444,-0.7171719653896516
1,A,32.5,0.33543995112432534,1.225133717763472,-0.05965336214644895,0.5123912259690246,1.3801033023338838,0.8629533821248491,0.6277858594847964,-0.4012347145051201,-0.8048228389493375,0.9898080315200039
1,A,32.6,1.1798418659237584,0.3681130361027378,0.9919747871600075,0.6775514306779524,1.2131755535901751,0.6197979679631967,0.7417159546090115,-0.15816137818623616,-0.6661264604024828,1.129207444715232
1,A,32.7,1.0653075548774686,0.6928905644374257,1.0364900437331455,0.49230822738294616,1.4108576954491223,0.30574106504207,0.8068644325066282,-0.40991125209986634,-0.5224208077055028,-0.26525481402339507
1,A,32.8,1.0200089208391312,0.727921877470022,0.7780699722709097,0.038915154242225664,1.7463971891454084,-0.04690157476108417,-0.226405458932296,0.2530814167836376,-0.9280329223147005,3.146539021186694
1,A,32.9,1.0344416553130078,0.6996489221726103,1.1544274013122486,0.36480516322972606,1.3768647952378252,0.5466484194617378,0.5707556143560576,-0.04477585687077831,-1.0127257103347962,-0.9819400892843654
1,A,33.0,0.8227942037781419,1.0175629639248531,1.1289443702468813,-0.5919232923015793,2.3672364703244857,-0.6093977460668292,-0.8041778999029782,-0.006738703374863292,-1.923334490861593,-1.216729923271519
1,A,33.1,0.5252014226323412,1.2725758886156462,0.7689537929718044,0.42397262846083794,1.3388661307888083,0.15259981868476669,0.8884355703556145,-0.35630967074652226,-1.460341205188191,-1.8901915516871886
1,A,33.2,0.8775260771624968,0.9288001161122774,0.8348375029764552,0.6852024626796331,1.1418092351179068,0.7784498801204635,0.9625823218827252,0.5514856700520234,-0.8538779974052567,-0.535731718034831
1,A,33.3,0.6253303785280648,1.1573614945819155,0.9234756058980553,0.24173521277444107,1.6458077451464466,0.17410383314975808,0.17108987028671935,0.5874430527724726,0.384976706188058,0.1313932874850731
1,A,33.4,1.2145543615061332,0.4948262438321125,1.2442878529465555,-0.1976904323363808,1.9090459710186933,-0.28433824088705306,-0.2841929558700607,0.46003900783181256,-0.5466640975614524,2.0781096479251797
1,A,33.5,0.8322955465629452,0.8501950967829701,0.7648783523393374,0.24429315213100777,1.5735163084745702,0.200656208439155,0.0022961902413212165,-0.97796510486293,-1.27615644924931,-0.24899141709121034
1,A,33.6,0.6049174052738853,0.9459446620442744,0.4822368725656973,-0.056255369505657495,2.1011341919772004,-0.22005711758313376,0.42988852653285614,0.19595251216105739,-0.48886785374986935,-0.2920143544195556
1,A,33.7,0.7909999198544878,1.0147476008189589,0.7305059825568622,-0.4686630696468779,2.323471558936626,-0.524089087026017,0.1028238193743295,0.38189996143001087,0.13660814728899484,-0.8718610789136639
1,A,33.8,1.0572175963999713,0.5502622803519377,0.9795822326917255,-0.607838332688684,2.4898091974234133,-0.47963392345254763,-1.3470159699171584,-0.006309268481144464,-1.147852611451385,-1.0248262467153972
1,A,33.9,0.7241532473401076,1.0031577536820109,0.7582364918152051,-0.24130637487569018,2.090385400831883,0.16074093449478932,0.09967557273859379,0.23195227717575098,-0.2675048920565919,0.6466225878027765
1,A,34.0,0.6419993474400008,1.06885914012481,0.6741141436499737,-0.18000087932761696,2.184955873416894,0.1582313712566736,-0.4299161046590524,0.6438154089495337,-0.2618724438830029,-0.6331108846529689
1,A,34.1,1.0229370233194053,0.6154931440635019,1.0235462273500882,-1.1184017992774922,2.9150757950051744,-1.4363636237626614,-0.9273918554840315,0.3550638196308635,-1.060008508916212,-0.05815696191978855
1,A,34.2,1.0308013750678584,0.7873829436879389,1.1181890090171285,0.7757374171937071,1.1082491239291865,0.7755719592362985,0.7732696155541439,0.5917681011190872,-0.8534723417714474,0.22147299974571344
1,A,34.3,0.7745925155657813,0.893078626415381,1.0127217705230496,-0.42583040550218326,2.139604996426191,-0.25316636915001073,-0.6171438749433552,0.9780239507246246,-1.337218561893351,0.4994733320637886
1,A,34.4,0.7936583820509632,0.8956085137272987,0.983569209139228,0.15645280933167005,1.865157404960041,0.34961249500190106,0.13725871140959867,0.5866919273387183,-0.11790958503105753,0.16175286869264022
1,A,34.5,1.0457748965329712,0.6108920936657813,0.7487953028429905,-0.3153230987134769,2.0345074812896784,-0.3885745505480983,-0.14094750178162638,0.17159445903208673,0.2364564186311312,-0.40116418319706154
1,A,34.6,0.4632970769660426,1.213698175242743,-0.047487150014348334,0.09292846613349032,1.7806425780177246,-0.02017574094555885,0.24166091190730798,0.16261383269503665,-0.6112641003808031,0.956229497224841
1,A,34.7,0.4826143088774294,0.9777677937310486,0.6694782911252841,0.3986855157824081,1.3913307539217277,0.684973260092403,0.5613679345949398,0.0895688895188093,0.12907747660498475,0.5548794080571092
1,A,34.8,0.7283995749458944,1.0412865400788047,0.45502383526281015,-0.5948221507530868,2.518360278265948,-0.35654865934314683,-1.1284952773521626,0.3939304998817641,-0.23301949139248537,1.732815882546043
1,A,34.9,0.9093031225519933,0.8497086895477559,0.8643500421734566,-0.5493100283158031,2.346132895561255,-0.6817581157544332,-0.08962072671507554,0.039838831637621586,-0.2224752634568756,-1.4897172392298317
1,A,35.0,1.0965059885544393,0.6717201806876045,0.8624833833425674,-0.24629372070418093,2.2152147305683143,-0.14784750434932237,-0.014187802451698317,0.26222034700897523,-0.42263838753106575,-2.054772070598737
1,A,35.1,1.507264094154682,0.2541957343609109,1.146868006638678,-0.13664393453787416,1.9240432765614788,-0.08155545170813538,-0.1240393998478874,-0.24474087054959398,-0.2847386480902774,0.24003833687617956
1,A,35.2,1.2937921786407154,0.4758586506895037,1.402084724281673,-0.4281701842953406,2.3476625539405154,-0.43824386784037844,-0.4773147672437573,-0.28159662494853577,-0.2759626348421956,-0.8349999846386277
1,A,35.3,0.9398742157179861,0.6471362477708262,1.0917052477785156,-0.5855438879709874,2.578513887303925,-0.4211684028325846,-0.012683682933260387,0.2208181242406934,0.21814532912058934,-1.180984571261717
1,A,35.4,0.9909568335952841,0.5729048582052978,0.8756547534499401,-1.0420572623552387,2.846748617453982,-0.9584355338349164,-1.2176926054952644,-0.32662205706932185,0.3442622101261737,-1.2127296011425797
1,A,35.5,0.6480045973387369,1.1149821486357783,0.12979613890975494,-0.544387854115807,2.324810450440627,-0.7663701451697157,-0.37145399440949567,-0.5801342171031613,0.19493234247356878,-1.1801730233294965
1,A,35.6,0.9932045916859635,0.7959430822240268,0.8839557020354669,-0.9584198295602038,2.8181333787543106,-1.2534509560312257,-1.2871443847881225,-0.2417941067380705,0.7701719469321792,-0.0020144020051307368
1,A,35.7,0.8989645415798098,0.7598060193811172,0.977325342660319,-0.6196850953621704,2.3846531205110377,-0.41819852881540864,-0.4210877873835231,0.05324891022856329,-0.3005396395800437,0.9227982876143247
1,A,35.8,1.1127738484991403,0.6483605725285242,0.8169915347443145,-0.2181053466374197,1.8922847840230916,-0.3285292361831423,-0.7808503351936642,-0.49483908749968347,0.2948229427784851,1.158872901771133
1,A,35.9,0.7096353040992271,0.9329836307247892,0.7463072880550583,-0.52933880699745,2.2604006879199816,-0.39978289194644306,-0.773708772893081,0.7946740998564594,-0.09409571623479751,-0.9185529733651068
1,A,36.0,1.1797980084126818,0.5058218061017556,1.1767360385780827,-0.5625886895342778,2.507369717060179,-0.5057186629497328,-0.3380369111863559,-0.23383310491947729,0.656234608596985,0.32486000166935053
1,A,36.1,1.5328633051954945,0.3246232229037962,1.6487216051157123,-1.2479743722189076,3.2939884988950574,-0.7822262386491007,-1.0965409085112912,-0.7858465555141181,0.8762927926445954,-0.09679739207878177
1,A,36.2,0.9562347384370985,0.5949268580294627,0.9801508121199292,-0.5569139816602008,2.4565523352971224,-0.6208775749405854,-0.3418020397559575,1.4019683523856283,-0.4971221073087881,-1.2220822243584197
1,A,36.3,1.1323151628451922,0.3940091864448232,0.937701374668881,-0.9316569729746254,2.8891567315801994,-0.8162201263062013,-0.6643983957178963,-0.4268986601579553,0.8677899426699599,-0.33007041669893505
1,A,36.4,1.2302021418368032,0.5369888438112029,1.4695164421697016,-1.4435973420346833,3.163019795566168,-1.2907438757463787,-1.733231786508738,0.8738628784479536,1.1695117102750823,1.3504407137740164
1,A,36.5,0.8446821609947309,0.900000111598435,0.812976246389337,-0.3175008700751339,2.2008488709871186,-0.3360628191869706,-0.1390257777245575,0.1645249305113099,0.6758777392771593,-0.268659967749459
1,A,36.6,1.0595228860769796,0.6178026914500974,1.0540619781749934,-0.8871175286778817,2.8320191129095615,-0.8415669653482563,-0.5047248976710581,0.021816740828308312,-0.651004744347094,-0.2864531062373967
1,A,36.7,0.9810046023374523,0.6914618352634125,0.7943510105228131,-0.8006857467254858,2.5302328629970336,-0.874829008092975,-0.5397445533241143,-0.6772657265854916,1.8712875828307989,2.083160694506675
1,A,36.8,1.005818367406765,0.6342393219255196,0.9171619171684628,-0.6654296874685177,2.4712381912403316,-0.7240118147301624,-0.589686010170222,-0.17598544566648777,0.24764791101569922,1.482113663486451
1,A,36.9,0.6956429069323011,0.8092487557906314,0.5186823641269209,-0.4055389201296455,2.2871304312607514,-0.4194508918192866,-0.6857522336796518,-0.7466965628216419,0.6083919912690665,1.4231519045265177
1,A,37.0,0.9688722466675725,0.7547345926813999,0.934283034682888,-1.124964800891949,2.761362300882409,-1.0204993627459362,-1.005848681673828,0.160337326942269,1.7435171485823948,0.101144222537094
1,A,37.1,1.1282260525033003,0.6575157885501124,1.470567748531769,-0.36445879650593804,2.15821496306079,-0.1631396217574728,-0.6302792443581631,-0.3713490439077242,0.4447710393527063,0.8283913868282031
1,A,37.2,1.4549985677230086,0.38884547167801164,1.1806183391367373,-0.9038781736183203,2.8797912986753933,-1.1496983695065173,-0.6887569176319179,-0.2825614673696323,0.6212219328291279,0.6765880607317389
1,A,37.3,1.2755567402161416,0.5034483803776177,0.9528444606407933,-1.1824192855962972,3.168658551352385,-0.9988297406829434,-1.5376628404409591,1.026024260814812,1.572195225681614,0.7404323904079264
1,A,37.4,1.685684972587255,0.023539841299692332,1.9799190380859766,-0.8743824228480832,2.79429300465409,-0.7745472475491539,-1.11773176625401,-0.915942816570216,1.0436736481114877,0.9649144647236235
1,A,37.5,0.6553078855004695,0.8711484447473192,0.6134431500700963,-1.1468176696648134,2.875931790308953,-0.9600187218541015,-1.27979950307997,-1.0704856642513607,1.1679758058241685,0.10403784320310712
1,A,37.6,1.2205533954731547,0.5371198510300299,1.0867388477411715,-0.9703860162119967,2.6412386308425493,-1.1517609392971577,-0.6174511689967072,-0.6094025917277041,0.7793371228004191,-1.6296585348600585
1,A,37.7,0.9703299122297125,0.713203409205965,1.1783108497089279,-0.417304955410734,2.2590608323421373,-0.6287926227629999,-0.8416672844091959,0.007839234328332056,0.8257301325378098,1.3173038557434043
1,A,37.8,1.6630720634114213,0.04448234279542129,1.5419489554640484,-1.6148927831716446,3.5077368691171156,-1.6360407403306048,-1.9605204825360758,0.6617916926225381,1.2208167922261606,1.740257855343144
1,A,37.9,0.6037838558262536,0.9832889334285054,0.9689857985356409,-0.9382169306005889,2.7037492664847678,-1.0937892884865672,-1.0122487097109323,-0.6154807697750366,-0.05920315810226984,0.32623878311392457
1,A,38.0,0.5824040352805917,0.8708148387316135,0.7179892095484455,-0.9745404962542021,2.673594584670519,-1.0400057815340027,-0.7559413730586098,0.179110336302853,0.16127381744759428,2.5031340577682095
1,A,38.1,0.6557139043476108,1.1032850895439887,0.5581316227184703,-1.0856767667104783,3.089952311658207,-1.1110361623610319,-0.3106562256737845,-0.7892240786335192,0.5713486690562671,0.7993046536320388
1,A,38.2,0.11091392819086221,1.6439421326605275,0.5423755708439629,-1.1442459950784793,3.01800889757191,-0.8194564188114506,-1.3135482598177328,-0.39056051055887697,0.3575785445133346,-0.5353993316626372
1,A,38.3,0.6586261545721659,0.9428698743204943,0.5374831699714981,-0.7480225529650482,2.519240717363496,-0.5702695650039753,-0.5633753364838301,-1.4958735825218379,1.6202620741431537,-1.079902240966562
1,A,38.4,0.5648994676520183,1.072823499984918,0.7133185420538797,-1.2025927235727898,2.945283890977845,-1.129147223052854,-1.4556049757843277,-1.240408195428667,0.724921647109286,0.7224784312110082
1,A,38.5,0.8707875426916958,0.6504538413342682,0.9306460587729941,-2.00709534120901,3.885417199822321,-2.3238489787709167,-2.6781301971305833,0.14338433227913328,0.8180427102063765,-0.1628805065042793
1,A,38.6,0.9249224772331271,0.7225968208338439,1.1852707351128868,-1.5250555638012373,3.3242936917071493,-1.1594681710170038,-1.5330752567731873,0.23669456588877452,0.1848089110739215,0.8396580512660108
1,A,38.7,1.4487364079755263,0.29310491770274716,1.7610386473208968,-1.1070405540520267,2.799396006119787,-1.5058669067980475,-1.5995875163085904,0.16535313903646787,1.2612073201112635,0.8652060237124687
1,A,38.8,1.1111106449321408,0.5357359885981956,1.117511474745294,-0.6828008534336192,2.757182514089275,-0.7828682678583718,-0.44138726387052774,-0.16362222641077467,0.6646221057939429,0.44751833398091334
1,A,38.9,0.5625552519412502,1.0324865066000264,0.4118716778720135,-0.8060163198136825,2.577102829719497,-0.6701164581070844,-0.581194135215973,-2.066076186681151,0.4893786772676945,0.739440479665494
1,A,39.0,0.43566593465853365,1.1881979638212974,0.5276603632463569,-1.7550356875074753,3.438316515151201,-1.2826960116461545,-1.8990597036470382,-0.8712983039685498,0.5182539893772912,1.340763769006501
1,A,39.1,0.907559570808292,0.7476251426805457,0.7720164968578708,-0.8044514323243466,2.7060442920758714,-0.6795960340001905,-0.29655790114102265,-1.3307056037296512,0.37565896811286814,-0.5567729858074637
1,A,39.2,0.258227402430681,1.3410172452099711,0.6609048519360057,-0.9584872331734478,2.867174820845247,-1.0388495178447905,-1.2932590016410257,-0.452749609934443,0.13793228134519464,-0.4497976252057676
1,A,39.3,1.345892421991385,0.24309013556361503,1.3731994882079326,-1.178000300771787,3.124185470080139,-1.3779349024523087,-1.2648612004963962,-0.6048852515486839,0.6976085450214023,-0.8103329857640935
1,A,39.4,1.1019178506397984,0.46577836685601626,1.0288535403773766,-1.1681380407463493,3.0092349498860194,-0.8205627523299706,-1.6144430617587036,0.09515231271842911,1.1285894653900308,0.8373268972141188
1,A,39.5,0.5088010352731258,1.1322400925674774,0.5457370964461075,-0.7800801348815044,2.5542186344946516,-0.8723012611185208,-0.8243559276508423,0.47532273362581534,1.4868914911062316,-2.170521417248866
1,A,39.6,0.05698867057114809,1.6656352540601047,-0.2124365873347912,-0.8778483354685669,2.8058737785983467,-0.49955795289979416,-0.9752267984688094,0.18907580334093121,-0.4455505384203704,-0.05994710889411054
1,A,39.7,1.1136968099090714,0.5775439380471639,0.9193740022069411,-1.3275157526324104,3.1004407922219466,-1.177579374742551,-1.3115086884089713,-0.2631941238954363,0.4192004995738401,0.6750712687815654
1,A,39.8,0.5826988346496957,1.002562385299036,0.8227816162385808,-1.3481385371351318,3.0414466547804935,-1.301717943791832,-1.825680210414169,0.49635918584113337,1.9699220170997909,-0.8491142006836329
1,A,39.9,1.038668616571712,0.7489370671265789,0.9072897607774328,-0.920724700060896,2.6323394358483236,-0.7905954992736397,-0.4958809572361478,-0.7070752144621933,0.689057073542559,0.08027500789804537
1,A,40.0,0.02973557171444352,1.6393092139978338,-0.1796466248219444,-0.30271617486838964,1.9328944168774722,-0.06760540345258301,0.04876209371033757,0.09286849959301169,-0.09070867728905396,-2.1458012928939865
1,A,40.1,0.3600720914381017,1.385173906394202,0.46740264194355896,-0.5743674957517513,2.3645652570423508,-0.4392660524499171,-0.5102693192168519,-0.8928354876972079,0.520020151120641,-0.8939480849811865
1,A,40.2,0.5534811655297925,1.1495564687762931,0.790621996462392,-0.724097880910413,2.5415406085473933,-1.0845542687356577,-0.9541529149021684,-0.3243735877686739,0.04229338575769159,0.19050449066312528
1,A,40.3,0.5496148285548477,1.0284521017839898,0.6934054906878611,-1.2950658501441465,3.019177324981115,-1.075270271100813,-1.1474836331809455,0.08351890562403852,0.8585271668476568,1.6002043893178197
1,A,40.4,0.35691661876377,1.3298855910338072,0.5561261559249333,-1.1952832997145695,3.1423122348558055,-1.6608689514794124,-1.4149211944245317,-0.2930855505720749,0.7287479158586857,-1.1287284920129743
1,A,40.5,0.7134561447540306,0.9878123170299219,0.5620971270401385,-0.6666641489996072,2.6102649429080076,-0.6326058418327916,-0.3990550189065188,-0.9863787999212295,0.18017770385080664,-0.3887550510247188
1,A,40.6,0.10257105338402928,1.73932667731353,-0.18179107996433946,-0.605314639707245,2.4977651810999593,-0.7904459622359173,-1.1961541043576367,-0.43912427416546274,0.7372005998159452,-0.7224911485157224
1,A,40.7,0.4069546145768445,1.224332145420001,0.7072213449679419,-1.1548749973726273,3.108669997816534,-1.2838240009695827,-1.1384840127843785,0.03111161952148367,0.5715404631177289,-0.8060128783505944
1,A,40.8,0.47921923775009645,1.1621444607353635,0.41468326998166927,-0.9163458575377615,2.675115257500294,-1.0551073974209144,-1.0015757195262185,-0.002540089286151903,0.7165911384255639,-0.3208073223399679
1,A,40.9,0.5972863055823261,0.8923003386866953,0.5471197022913166,-1.1360701012908934,2.954902782927121,-1.2318203288413436,-0.9979682661260141,1.0080307335313115,0.4354635311576318,-0.076882545414343
1,A,41.0,0.6462130979658919,1.0904768421289757,0.9118519263357034,-1.0301096302516155,2.918340386172077,-0.9973059336829777,-1.1684276030774075,-0.15037854512643628,0.09869922798011503,-0.1971417266949737
1,A,41.1,-0.016753721731092075,1.7007508055642655,0.09449228014903992,-0.4589206474932111,2.494715424316942,-0.5713081162073713,-0.917730553253975,-0.31088768665376765,-0.3778080821342451,-0.7602137937770255
1,A,41.2,-0.18052808104421803,1.86150182927271,-0.0893505266278965,-0.8932010695314436,2.832310267683231,-0.7947067884412604,-1.376571394642901,-1.5454451483325955,1.2011303678828784,0.010987116421427958
1,A,41.3,0.782967277057059,0.765199511566161,1.215967746037276,-1.1018501296075862,2.7916777593509003,-1.1995051435955337,-1.0273166569673808,-0.8234152371844552,0.032400292864351365,-1.0171258041778928
1,A,41.4,0.43129642384816186,1.2841452459901008,0.3025927777721332,-1.2781254854847233,2.9178598428612004,-1.845618668073517,-1.3740714356231372,-1.3070537757288023,-0.4264829445732573,0.8909298477936213
1,A,41.5,0.0320700374375098,1.6459399265850236,0.21763806305375724,-0.7910794837527847,2.450667486773413,-1.0956896988370022,-0.6016061106455479,0.39109886249055636,-0.4857610138563125,0.5621225397874153
1,A,41.6,0.8158551269502075,0.8292673386777061,0.8272577519296244,-0.8287472099732087,2.638706061012657,-0.9959980311238761,-0.6832225046348648,-0.7206438060562845,1.101162291318681,0.44452676287787585
1,A,41.7,0.2922176706709964,1.3950335336129351,0.3459361264436478,-0.1947734151726751,2.150761436782914,-0.3389593111615789,0.25914101771502185,-1.3725244098743712,0.2820303041432679,0.030917438701420052
1,A,41.8,0.6431434410989298,1.1074120369556906,0.9488371263814361,-0.9784307819696461,2.8824893086583083,-1.1694203379730297,-0.5996181194529602,-0.5611850491169776,-1.194976677126016,0.3689524609629308
1,A,41.9,0.23256735889594957,1.453935758413787,0.3341345101538743,-0.994165672329936,2.7547241992201075,-1.113511915705251,-0.9573610712525044,-0.610869348819472,0.16853460607627124,2.1233276325034756
1,A,42.0,0.9086430882944194,0.6899058533191709,1.016302304104346,-0.4180993626676302,2.021572080699447,-0.33838967210151855,-0.9126500772910817,-0.24130821680883163,-0.6066707480086212,-2.002281807645424
1,A,42.1,0.78010541768324,1.0284582288574335,0.9946068851452005,-0.5391082493451402,2.2956624606918266,-0.5529251680102402,-0.844531627959576,-0.3740156102288284,-0.5504549822986713,-0.7391345864498915
1,A,42.2,0.056873330584574944,1.635741818600305,-0.01611721532400212,-0.594935612350123,2.4313110467335513,-0.3633937602994082,-0.26776608559539783,-0.28703714148258275,-0.9667725699016205,0.3353820754529828
1,A,42.3,0.4622656327739137,1.313658565319571,0.2944236993061124,-0.5134989328569123,2.335373647936797,-0.578253791908059,-0.6409317589366427,-0.6837622455443311,-0.2193643695359716,0.4916660560027946
1,A,42.4,0.32624329720601597,1.2601641565010673,0.11728145840180926,-0.7080880862175644,2.6674329982644593,-0.9381163170255082,-1.0462549744333838,-0.46271550008292595,0.5500019910392304,0.5144216929098082
1,A,42.5,0.557480140864166,1.3007506662137789,0.1642088229889656,-0.4958488910757126,2.474023642222478,-0.4877854821045403,-0.6897680354721026,-1.7148712879033479,-1.6036221392870882,0.5654253682751411
1,A,42.6,-0.2812046767210134,2.0430089780477396,0.13003674926705105,-0.23105519379331202,2.1351233160812235,-0.23505177808781771,-0.36436440112054264,-1.6287170623189013,-1.1429846051318244,0.5396479995471968
1,A,42.7,0.27466865237392424,1.393522276719191,0.0540269792295876,-0.8660766970452343,2.715421510736745,-0.6842442793006348,-0.5206309526902853,-0.8410467320918689,-1.2298809417039753,-1.1101173091036673
1,A,42.8,0.3830146102807079,1.1663451033954255,0.33876388556355347,-0.13784553770253988,2.078767950329051,-0.2284677191399735,-0.019676028490316758,-0.8640386180655467,-1.199234092017448,-2.0503153839766544
1,A,42.9,-0.6249834586812347,2.337470601388101,-0.6803461186590188,-0.049042797353198164,1.7139188044584996,0.174557478849929,-0.4422773140906822,-1.5615245739783121,-1.6273827100290257,0.5937984128956383
1,A,43.0,-0.44555123851115075,2.206983307780038,-0.3840698989493306,-0.5790685016881307,2.4981550579368044,-0.8513385342036692,-0.1804079468411826,0.003958515585888556,-1.3593295287168097,1.489327794966941
1,A,43.1,-0.7671129519747972,2.2849093616303056,-0.6039655094669378,0.642851014039699,1.213873210596273,0.5660273215695265,0.35053026021367384,-0.6438182266660346,-1.1120734044077945,-0.5449017335138425
1,A,43.2,-0.16961919758352997,2.020332704224722,0.002475500088419097,0.31573187274368997,1.6069267758597607,0.33829443311575635,0.4785386633958336,-0.962504812266103,-0.1312499035885185,-0.16900002147242044
1,A,43.3,0.1539042956061868,1.7718884166553888,0.03728880789239909,-0.9141139245548948,2.8658618718516973,-0.4280733181850376,-0.9356233949658297,-0.5218287957345199,-2.2202592127789704,-0.3581238657016085
1,A,43.4,0.406727808138739,1.2551828634554951,0.3733034653814567,0.06585116227380317,1.849450827215251,0.2278762403192282,0.21518129184759643,-0.24411486445226527,-1.0390521221828184,-1.1007729254200298
1,A,43.5,-0.11496805879066282,1.8710855978254914,-0.058452068693002894,-0.00062497014484314,1.6725725040661628,-0.2895284004137653,-0.3598426334539223,-1.7406203711886756,-0.44082523413827607,-1.5501326449511754
1,A,43.6,0.4073782757550667,1.4006571225575721,0.3576400505183573,-0.6153077661476223,2.3935902851225603,-0.4880452713545329,-0.6553080900485095,-0.25004080691486297,-1.3645608179205764,-0.26467391553642916
1,A,43.7,-0.6673299589375475,2.3024064308071797,-0.345860843733549,-0.02870284237457421,1.8650483872170724,0.2995472237509854,-0.08353510993836566,-0.5998478411162266,-0.08223023892625592,0.6247298369581282
1,A,43.8,-0.8020464625441863,2.4835785077666337,-0.7038514722165361,-0.34588831059093866,2.205932553905679,-0.44941404690265374,-0.22078032109137805,-0.3292452770628158,-0.3129912289670177,-0.38697373382759953
1,A,43.9,-0.2467729102604643,2.0090928899337044,-0.0997973530505008,0.1602065247883622,1.5536955874239173,0.23213482443356281,0.367334090944725,-0.3253339060693154,-0.767461894961544,1.1096758055461184
1,A,44.0,-0.11426698003609895,1.9482095365027559,0.01830927369738361,-0.465247790974336,2.2738039198350912,-0.009597307813672962,-1.011408692693498,-1.3926882511931278,0.04700511145678521,-0.4486632402090392
1,A,44.1,-0.281371456293431,1.900037840064984,-0.046676684796366025,-0.443604779658706,2.3084808082358963,-0.06803549473551662,-0.589582189263916,-0.011149252201885451,-0.5743539916845071,1.0704103590479
1,A,44.2,-1.014640901842231,2.6555329006459325,-0.9784365901014898,0.5916989813731371,1.2011097636707886,0.4598420302883642,0.7151038516632149,-0.18152255149682062,-0.259771062829226,-0.16241481442607678
1,A,44.3,-0.3431953105178919,2.059025013495398,-0.6025617001090613,-0.02723341333086884,1.9599005516660943,-0.147925841109095,-0.4458241513060396,0.10089569597717063,-1.8419206630835503,0.5628367130956718
1,A,44.4,-0.7893838696996868,2.3106322866944877,-0.7094462793491585,0.2590445628798459,1.6186833163199077,0.5660437554744648,-0.0020728127821352804,-1.3423129247641947,-0.6856012368263408,-0.8786528563019692
1,A,44.5,-0.11908945168874391,1.9320100449209265,-0.24936083044710972,0.36157465135486777,1.3406080995337635,0.6045948198937358,0.4876414917833506,-0.4231910658541838,-1.3494720744342361,-2.4124589476371185
1,A,44.6,-0.24564981960390417,2.1041144532959457,-0.35137315595385554,-0.002181406804230089,1.643759447732817,-0.2370517344304734,0.1536997778519709,-1.2483456310922456,-1.841710424855788,1.1590212310489119
1,A,44.7,-0.7232206495575263,2.498323573145218,-0.6059478458065076,-0.07391834173688616,2.0148715369317665,0.06196318281054092,-0.05232976084590202,-1.4289493346480757,-1.0792648293892888,-0.33116956268954234
1,A,44.8,-0.5942290020611266,2.304699720296244,-0.34657238777439947,0.2793057887981022,1.5760561771006079,0.6077777744776259,0.3054330441809668,0.005289090452989531,-0.642503133939595,1.778024722754643
1,A,44.9,-0.8050127819509377,2.486590953618236,-0.8007584666037254,0.7544975383324254,1.061685796649158,1.2934378806720455,0.8453861449923742,-1.1790274652635528,-1.2414285931705866,1.222773587706053
1,A,45.0,-0.4759281837851574,2.205963906170358,-0.4141615812653646,0.21195409584161962,1.6386950707462744,0.032972861300945566,0.18622665292310928,-0.4981477215450515,-0.5530992109814634,-1.5603820290269648
1,A,45.1,-0.13917359223687958,1.8098801691850173,0.20126939669016802,0.33426777534491725,1.3999096139751788,0.20550952764381852,0.3508354696391505,-0.8816136153850634,-0.0804401776257242,1.9089283887113084
1,A,45.2,-0.837731457765733,2.6687975167843447,-0.7895808218680194,0.14825252491200933,1.7969880927920212,0.5008508746823066,0.2535210821230379,-0.2185668435889926,-1.0652346640412955,-1.09399552377861
1,A,45.3,-0.3353267196830994,1.896862375875341,0.18500990315297955,0.36141854838214044,1.4391883460112291,0.15724579019594312,0.2706827607081481,-1.0583147207803638,-0.9791650038228753,1.3561984307155572
1,A,45.4,-0.7161013507370886,2.4302285851759127,-0.6029994216107797,0.09287114042696537,1.657559282685428,0.07992266398773812,0.16293451449860719,-0.5455524514104091,-0.672151484826218,0.6449232690346827
1,A,45.5,-0.8265283092899528,2.4207108427307076,-1.1786808611211164,0.42372447197726715,1.2318780385667334,0.40124397796637085,0.8545111198016977,-0.30460820501618846,-0.6661239884271631,0.03313266034018555
1,A,45.6,-0.6047295751108527,2.27636915707265,-0.4540612508899462,0.6682668344393627,1.2969994223080672,0.5359372204584885,0.04008073578929083,-2.534925711068186,0.005848286993139551,0.7353746950656314
1,A,45.7,-0.9475755668722923,2.607812361556481,-0.8713438898957367,0.8522893328130421,0.9958618075369566,0.7050564565826096,1.0872251640948833,-0.9153827127901615,-2.1450335222223944,-0.7791126032375495
1,A,45.8,-0.7967067985605386,2.445642187136886,-0.5387562477439896,0.7054688998831371,1.1001583543147233,0.5195334428304937,0.17770089876661388,-1.5706606899160414,-0.3363485295682117,0.5396716471215627
1,A,45.9,-1.0395840203826534,2.7007252809804894,-0.9049477501286617,0.563274268601849,1.2931881409838701,0.5111446469316742,0.22067420048443248,0.1337192674232841,-0.9268004106981051,-1.0226040564142893
1,A,46.0,0.05022980677204569,1.5914100338407673,0.02253860997529093,1.119880654776477,0.8136087708183481,1.0278964042786742,1.6130675377846235,-0.34801189799974,-1.0933424196046944,0.9649382065252144
1,A,46.1,-0.6418707257457571,2.2148675893320813,-0.8867303730036302,0.4322088285983138,1.5439828396084723,0.29118137553466006,0.27229469643678006,-0.7719997547497917,0.833279666253326,0.28207146321911225
1,A,46.2,-0.9155895043341264,2.601849503963547,-0.9573941557913315,0.41671103122345693,1.3266522610976121,0.10917905706040931,0.4764590862055108,-0.3054058544288113,-0.4069642471595909,0.6544899254153735
1,A,46.3,-0.6119408777874309,2.246952618628147,-0.782044968629291,-0.13649374896553668,1.9148693650664554,0.21120559108310483,-0.0004984538121363402,-0.6091162278262959,-0.6436913835535725,-1.8441647883041392
1,A,46.4,-0.7419647871906403,2.4568504732189305,-0.8580694771515849,0.6415301414284127,1.0712150347994482,0.7536819553785826,0.8286934530205887,-1.2192386457862754,0.798391488217433,-1.218716332776578
1,A,46.5,-0.7954656575998178,2.357366052654438,-0.6777499767156958,0.7876060088062061,1.1388442190349894,0.8534830724297027,0.3445757232777419,0.08923507700532429,0.0017896425590783749,-0.4303952365624068
1,A,46.6,-0.5182970012073623,2.2918483480128566,-0.18431610033708107,0.966843527584348,0.9239834975769294,1.1614183153778448,0.9409652263278008,0.254147190195514,-0.45243495756373536,-0.6379846605468513
1,A,46.7,-0.4829021003868272,2.008720173695313,-0.40396779442223096,0.5594799450052601,1.1027698127805925,0.3700783509107164,0.3612316372128218,-0.2303198251388504,0.16077090338931926,-1.897215921340688
1,A,46.8,-0.9481179126751329,2.6580458243391347,-1.1872945250821698,1.434508146191242,0.3103542966440347,1.4444264239369666,1.5683420283157297,-0.21682423673306506,0.05354889077690264,-0.008146880457231902
1,A,46.9,-0.9780228969127174,2.8270125237240897,-0.8891023632686892,0.9529394045758829,0.8045637152184462,1.260904460253266,0.9960905492085824,-0.8265933152963902,-0.8771428271652042,-1.0272600827938245
1,A,47.0,-0.8864231063787666,2.579524781487255,-0.6470968090496364,0.29171683526419384,1.4817709665755956,0.5862673453153473,0.6767687306807013,-1.1027529919924044,-0.5150009289690869,0.3558196100545039
1,A,47.1,-1.6091138077695835,3.383131090116639,-1.73107038863346,0.8232836492274884,1.206874771774178,0.7799887814183643,0.6619560817728594,-0.3111677132602215,-0.34480800639642484,0.03460383701186842
1,A,47.2,-1.3466561224866784,2.968503884187373,-1.373459555821262,0.7009295923780482,1.0198674511026686,0.878607411315044,0.7880660895324079,-1.2451370250589775,-0.23459845215249847,2.3497663544149887
1,A,47.3,-0.35043633329917884,2.1216108478289852,-0.3474986943533394,1.1933852326282746,0.8138390359103955,1.1860800395788051,0.9757041675082482,-0.8855619568399175,0.3291946562086906,0.21481142605126813
1,A,47.4,-0.2652058825727206,2.015736342493766,-0.4221855451891686,0.7613831899540204,1.1421386299626455,0.8756873209195633,0.9107929968002884,-1.0479110022336215,-0.31228701239772394,-1.3624702434817164
1,A,47.5,-0.9398027781988256,2.834668967892946,-0.8101466914300538,0.4717941724660919,1.3323422153919184,0.5083750040489403,0.7798604809820109,-1.4491729776845768,-0.3703543050705209,1.2611286852333634
1,A,47.6,-0.6621284801233182,2.413271228647793,-0.6863181098448745,0.8925508067370422,0.9247094665716392,0.4171329998245976,0.7800681236505058,-0.5199701155914812,0.4811655556080074,0.9894732735850079
1,A,47.7,-0.7658513302432164,2.7141513795056795,-0.6819448414618108,0.6091508163378565,1.270962298799498,0.9520056367047881,0.03445319558326043,-0.9123912227258846,0.40683622057229935,-1.4890923765595956
1,A,47.8,0.1923769716268774,1.6719254273212623,0.014878536066457365,0.20260994709514513,1.6359035665385453,0.3380539707603063,0.27539839251070236,-0.9475531550725895,-0.5763031557464526,1.0969954670653201
1,A,47.9,-0.5033944293227105,2.133265080307848,-0.5908860893873926,0.5360991387513303,1.3104891864307135,0.39664764908856154,-0.06573107105806375,0.13205714599974117,0.02852894223784419,0.38927793796386284
1,A,48.0,-0.949598209484288,2.5769303102187724,-0.8051219379187337,0.9001526345602864,0.8812732897065216,0.8537531189246801,0.9637170388429539,-1.2119585425741741,0.5694154146065478,-0.5410393839987316
1,A,48.1,-1.2484100444842106,2.9117764049052814,-1.322976674902564,0.6708469912231831,1.1174626809458836,0.6587894713829998,0.546778579411547,-1.507093157893943,1.5787764756567948,0.7105000741297972
1,A,48.2,-1.4849289519602655,3.2875386828727544,-1.1395361817135845,1.332117482579838,0.4873400478994918,1.5179465401817827,1.4214009209040448,-1.3187045489039488,0.5263765269442824,-0.03118074088374205
1,A,48.3,-0.8597161205634076,2.570399372777173,-0.9396433576863281,0.4264300538009429,1.3633428237915577,0.6696351642432645,0.7234141289571234,-0.6351543656344494,0.72540563351316,-0.1805342125245054
1,A,48.4,-1.2034566185033804,2.9097289890120046,-1.1585196733530032,0.6307662414963479,1.1781368765426283,0.8605030867016957,0.3483762365593492,-0.09469226270613862,0.5647295799651039,1.7811744449402722
1,A,48.5,-1.4438741571867315,3.2656227427055535,-1.2573559908121135,0.5632094102751567,1.2425966040420295,0.7333639382555093,0.039056988117348146,-0.8018445656265156,0.6122151928662771,0.996420067279627
1,A,48.6,-1.1792798510021034,2.734852137424956,-1.46295299758871,0.9826578408542592,0.8080895448866909,0.7656757390340163,1.0151672123816005,-1.519703600902903,-0.4416555769073701,-0.9990996714395747
1,A,48.7,-1.3379542731190814,2.9561301606610817,-1.6901160355152367,1.418534032380632,0.4319746796992969,1.5706002722379273,1.9849463808906584,-1.9455657568549245,1.5451947611315744,0.7632509387827483
1,A,48.8,-0.37488206655787626,2.10289060054041,-0.6800133294718953,0.9510332914473171,0.8973394536006947,1.0454455163223708,0.6123536173282534,-1.1246430003610033,0.9561244978193089,0.3973232679891778
1,A,48.9,-0.6623100408864234,2.365533573586538,-0.409793220200987,0.8847057755919647,0.8492090422853693,0.8645016077649017,0.4748893007278437,-0.03165691068843324,1.3210719783092864,2.220560993086254
1,A,49.0,-0.9787071863995637,2.663781022204376,-1.089078815578053,1.4001653148906883,0.49887781308372037,1.3826764248297085,1.274578581194787,-0.6793555329804434,-0.027966068348287743,-1.2056003551690668
1,A,49.1,-0.4624971747614356,2.372582778203432,0.04914268237221486,1.7795107907144248,0.1690563380246375,1.9669179946566644,1.5161293773490212,-1.4242418734571531,0.3357870366535308,0.23707953309178995
1,A,49.2,-0.9574854268525392,2.6881152817041665,-1.0703349465840168,1.1143692487709318,0.6652743126914646,1.2757347509197277,1.1696420095805227,-0.732600937239173,0.9823986690236248,-0.30271413354147075
1,A,49.3,-1.289624389575173,3.06373493097452,-1.2527141289357655,0.3045943966824677,1.4820948849445135,0.3089091976883839,0.3256791453603874,-1.3052686540735134,0.4949979538041525,0.07723137642641699
1,A,49.4,-0.4582142040251267,2.2642883216141856,-0.14979221351155153,0.5468422199240596,1.1793542397572705,0.16568465236919205,0.16698474892543158,-1.0426936290101325,0.5012616485583603,0.6965081459291306
1,A,49.5,-0.8053424401655493,2.539364586053712,-0.40412386253372473,1.182453669636422,0.6455386405502952,0.8397081630295458,1.7733524591874126,-0.40951787585608596,2.051836846007265,-0.30524592697101116
1,A,49.6,-1.3591697631574324,2.8853132270720474,-0.9468690478301529,1.1266043226331441,0.6871800626342754,0.8319399025245819,0.8037259404343621,-0.3525426677190753,0.4100966452467647,0.49294330535293274
1,A,49.7,-1.0644430787867045,2.7062709092595707,-0.822769832668076,0.251008502283099,1.610321300253443,0.2448102098958575,0.21276998790326238,-0.6503384505802141,0.8648804867574059,-0.8860729899792117
1,A,49.8,-1.3054993233627896,3.0685293389406367,-1.1006868182004972,1.1801254076546515,0.8023414510581355,1.2691534775274775,1.1883657585754666,-1.3587943004273895,0.7726601869074048,-0.9176343915653397
1,A,49.9,-1.4837381102745018,3.1323919487384533,-1.3652327204342651,1.2253666678520942,0.630229230900514,1.3728177004031268,1.3866678139495305,-0.551207390061065,0.004176319714048082,1.5929394860375423
1,B,0.0,-0.5461232380392784,2.3293371499103905,-0.12940176525499364,-0.10167611067202127,2.1794759327066577,-0.12931240257435922,-0.32588227864781666,0.3116855043684973,-0.504621806590529,0.07989030760610402
1,B,0.1,0.011147214876707423,1.7330536686622784,0.6523826703737775,0.06751538324206982,2.179586978994083,0.07503271104941789,-0.16578235942147407,-0.752768053863112,0.31045221082894714,0.1423734683402079
1,B,0.2,-0.1733568300402989,1.9508832806655514,-0.21134360708637007,0.49429682746345316,1.7900095560097817,0.5349801789548665,0.8144677060152596,0.16121561146159355,0.9266267733813299,-0.991167786744788
1,B,0.3,-0.4466775718691851,2.283403942289218,-0.34044278722186927,-0.39159016775067723,2.5319135485139723,-0.30098325063911047,-0.44862877313373295,-0.4569309489855451,1.1136153266982802,-1.254558441717137
1,B,0.4,0.5820323391761482,1.248010953879072,0.13543159207911676,0.14783289368147842,2.072490339727216,-0.05079236422372682,0.3686431452344797,0.04432762417909197,0.9900967108754027,-0.6509443543422403
1,B,0.5,-0.057121939126237475,1.795601475553511,-0.11716346402606712,0.12410434585652719,2.0559901703171497,0.052551837667703355,0.1358499600851116,0.2790321042269781,-0.4620058300388285,-2.2235163735361416
1,B,0.6,-0.14159986577154474,1.8084523083918946,-0.38912618728645104,0.044153053123916694,2.05879774178701,-0.008099236040814146,-0.11316362791437067,0.8183460394654964,0.365681607805377,0.6960619129163244
1,B,0.7,0.5279244910381848,1.1904389417343473,0.8082197280995287,-0.1843649858281835,2.5099539265748394,-0.48711218618911434,-0.13505404415381897,0.4551748627851638,0.5073946242941312,-1.1899428389377895
1,B,0.8,-0.2737793495860548,2.126239415082731,-0.03985088712913956,0.10141456645397844,2.020504960006421,0.18074720685234485,0.06412343716800151,-0.20543440070899985,-0.7714266131754088,-0.1514495386501646
1,B,0.9,-0.267986920744448,2.1428338786047743,0.09590215019512854,1.1576715324440767,1.0271198180202392,1.3677273980879954,1.136181194313797,0.9557226058026075,0.9824484781162266,-0.16628620440366906
1,B,1.0,0.26236141525215095,1.4188856093094062,0.5377495696710944,0.10201332913759978,2.103797618595316,0.16141945642340239,0.1704165670920798,-0.16665855333600155,1.1799631824723287,-0.06518881512938986
1,B,1.1,0.5413180964508929,1.3699884552370603,0.7079864171804704,0.10151941935907097,1.8729053286849666,0.06247463068197703,-0.44847576104909626,0.9729217931072571,-0.2910861719580087,0.0011872058464320987
1,B,1.2,0.504699443658309,1.304094875875063,0.40924903780129646,-0.11276523699793517,2.319142709365465,0.16595571853772417,-0.48441569292961695,0.23164025993903944,0.6805770736538074,0.836676461526038
1,B,1.3,0.1649087611867504,1.6604304027529602,0.2273164771056288,0.6207194599105892,1.7657143453106854,0.7548967103182431,0.9872629327022879,0.41463971623262363,0.12066455111089469,-2.1251102790593253
1,B,1.4,-0.046098852867162976,1.7491836292327063,-0.2930861498937582,0.1901628512824286,1.8132151135452796,0.04744843321075368,0.6887296736534496,0.7022511611145428,1.0087284730322392,1.4415809934611008
1,B,1.5,0.8835353210612875,0.8351254807708712,0.6015701260671509,0.3727338128582753,1.9552783284419586,0.38790392882556035,-0.0592724945176657,-0.08717385808657577,0.8871819614317202,1.2646023012902812
1,B,1.6,1.504569294103745,0.48277373695953374,1.3948939877238888,0.02154794455291026,2.1738054100840816,-0.021227932213341044,-0.41024399809996237,-0.33777374124378506,-0.18550972702723434,-0.7466729674383376
1,B,1.7,0.7109214232539687,1.0050968610826072,0.555032260709997,0.10948868013720586,2.050891161831585,0.10103661113477828,-0.3068373507313218,0.00403631219525874,0.1644913706463922,2.038637423306831
1,B,1.8,0.4289371824002568,1.2445574585693566,0.3928828065930301,0.24579851966368466,2.0001549597591914,0.5767598950337722,0.15968259080110875,-0.35655065019373133,2.271951321413974,0.0003500827202174253
1,B,1.9,0.6657546452007633,1.0020502978374284,0.2604823097560269,0.4817680932645315,1.7152010188966937,0.41480859124956554,0.5067816042525352,-0.8886477840725038,1.7086766316169801,1.1977817691680035
1,B,2.0,0.28789474381263325,1.3705612236243863,-0.058323738330743224,0.8237904332997936,1.5222648586580732,1.0114696815274051,0.70571575653978,0.653486125431765,1.1748393854169783,-0.5380178102997473
1,B,2.1,0.49741345859608,1.4170783212158873,0.9084726814770576,0.8800905897196662,1.3065559220424041,0.6430255430151888,0.6074533281969192,0.920844875365534,1.3508059151830354,-0.8981317519064758
1,B,2.2,0.32086901959838876,1.3860243025775727,0.05909584173859944,1.1835873188493053,1.054938236264133,0.7771863358395348,1.22386602348314,0.5216578609709317,0.5844467317210695,-1.6657369120521817
1,B,2.3,0.4282540194905896,1.3552563369608788,0.6630848072654536,0.7871739394114122,1.3931387359231817,0.8800989246278047,0.5561581866307663,-0.13212160627060035,0.5250839629281434,-0.8106047244108318
1,B,2.4,0.5524592178036926,0.9433393793175413,0.5555033861562932,1.2677419825663871,0.9128522258456657,1.4029449735672257,1.3405873528692158,-0.0886459978961987,0.4827986531643549,0.9165909423513308
1,B,2.5,0.6224128437485492,1.2779141500503035,0.1563185946717221,1.0282923514056908,1.070879308168,1.0454744403219691,1.6686600666160047,1.0019975220270207,0.6742288618499381,0.33136666881271865
1,B,2.6,0.4426795547142338,1.3386118072512048,0.17261237646372973,0.7997040724044543,1.5209388190524389,0.9197940816813845,0.6573878367515,1.0856633066868964,1.2386434652042349,-1.1514643852750823
1,B,2.7,1.1582998187291533,0.5875598460617955,1.1945498056182995,0.794464286952397,1.381125702532418,0.744905269017486,0.6959770449439769,0.257648782914312,0.6706305668910677,0.9862342387389661
1,B,2.8,0.5251543797803926,1.1923408249561445,0.4856253944432041,0.24386438090117019,1.9495102494339367,0.36300574943442926,0.8058658205909963,1.2119650106583857,0.8975602883678151,1.006683429175709
1,B,2.9,0.8369911910495551,0.9402856864720045,0.5346086430648336,0.3659183858904988,1.8749819084829698,-0.05212000665422761,-0.2680542736194503,0.023335318542942768,-0.0310681449893927,-0.25075741698928194
1,B,3.0,0.9962303829788941,0.8343081188498724,1.0635586415588354,0.17716318045614132,2.01419544654338,0.583460061365987,0.1653149529325295,0.2365467420892478,0.8468771264284196,0.6937302224304535
1,B,3.1,1.0985769173113564,0.759406331408748,0.8525991426206573,1.233329467295019,1.0076025385499485,1.3330291532922984,1.2225071056125134,-0.23671302577729986,1.4046499376415773,0.6330985916184053
1,B,3.2,0.16791237766823686,1.7627056164839539,0.0843333435658526,0.9324077952533367,1.1584940031249653,0.9273847023831744,0.9552100874175231,-0.6659015919644775,1.0890968864910673,0.39461867417024515
1,B,3.3,0.8339148110643988,0.8550299820677829,0.9986647633395214,1.054652041271243,1.2136252168962591,0.9541457342921245,1.096776402748388,0.03430263998904973,0.7101544824898686,-0.7750014450932464
1,B,3.4,0.9436859665750177,0.8904648731756263,0.6867803234131202,1.1707072139488417,0.9543178277879707,1.1884579373772162,0.7166244828417001,-0.08184794714163113,1.6341075504045186,-0.35947563135236726
1,B,3.5,0.8231254043408427,0.8770833457283602,1.227462523770509,0.7642228567979883,1.303881011308281,0.7063807811323616,0.5420031584540561,0.2518313060416128,0.006358531523590116,-0.017218250808607095
1,B,3.6,0.6013870088796156,1.1467590388272646,0.7287257927596975,0.8394725625360003,1.344065968024439,0.9449454861931081,1.2394896446910868,0.9908480478378949,0.18002546639123873,0.9110070585019195
1,B,3.7,1.2074628746252176,0.47302093125113487,1.1002430586562344,0.7349034143096445,1.3711856893227146,0.4962600573115471,0.276184553994882,0.30314408024411,-0.44047259596962285,0.20651379892613794
1,B,3.8,0.5231957653889343,1.2364010475943625,0.6350080234120321,0.9898420238524307,1.2966426008140624,0.6594883313488125,0.759481003374071,0.7322361829341446,0.8539993681492677,-0.47518064479836525
1,B,3.9,0.8878242793597146,0.9270744533498064,0.7952708998049821,0.7857671654668588,1.277527786932715,0.6519028059097116,0.9055442833546802,0.151988648529402,1.9376409132786994,-0.7406146103285751
1,B,4.0,0.7003675324548616,1.077113414333588,0.6615297859732192,1.0317568359660565,1.0240572115972428,1.2431582288977687,1.0902809211510054,0.714451544117106,0.5338201943270302,0.5469073200019087
1,B,4.1,1.0444068130240236,0.7692356424266709,0.9099660315732423,0.7202747064787963,1.4368958895279926,0.6118330018829544,0.5417763108181868,1.0067555753967579,1.3129656393579485,0.19819843144316196
1,B,4.2,1.0978711245707564,0.5935664266690346,1.3265896266520727,0.8219644017002574,1.4522996177849792,0.6325128930553303,0.7441890853007228,0.5359115574919846,0.9979674138728256,0.16659768424069152
1,B,4.3,0.28369333066249314,1.4077166904648521,0.25524417214135664,1.0502496239844497,1.1841956242576575,1.138845955617297,0.7829863774761374,1.4143991786485732,2.1640817135575445,-0.7958817040611857
1,B,4.4,0.24030933785092945,1.5343857488067274,0.2621172385415236,1.0732266729822593,1.284520735761224,1.3543472841672397,0.9465228521110025,0.9227900974462757,0.7282873667305895,1.1145565795690588
1,B,4.5,0.7591591804880274,0.9801089053496236,0.9240067831293179,0.8873788500084998,1.225509964863939,0.980259028280787,1.1450720438353117,0.33114454139131594,2.1659580701723717,1.4616280506757704
1,B,4.6,0.7220774858795119,1.3051981177258014,0.6165398893548742,0.4945092854673319,1.7815438544727729,0.5156374135662742,-0.25947899582689854,0.6804512783472173,1.6282911979053063,1.030402925291617
1,B,4.7,0.9916232740490236,0.7276285047183104,1.0916876521994257,1.3539999905328488,0.8868436067695611,1.5561179851111002,1.7713076641240098,-0.9798062169097587,0.25115494842933295,-1.6760798285719518
1,B,4.8,1.1096591327086822,0.5806641306212621,0.8604254057851124,0.5657950815305133,1.5928501837603148,0.4549438357256326,0.6049066930289041,-0.007994711840048685,0.8793184443779862,0.7619427105521064
1,B,4.9,0.47205849135513944,1.312025207984565,0.41030466465915905,0.8786945557036544,1.3081905191670191,0.5078442216069858,0.6834154400393279,1.4498887305062287,0.17800804458497582,-0.7872952786083928
1,B,5.0,0.6133807076584803,1.1289881492734621,0.5792959401994533,0.7939237540039514,1.214929526288091,0.8659752297014282,1.127146710940829,1.114462925844779,0.3848668531981604,-0.24325507837580312
1,B,5.1,0.8871816619096267,1.1846388344553491,0.5112699181206156,0.7974517125548068,1.3949215434364592,0.6150032221417271,0.3494180951937566,1.453158830009407,0.6469477415822551,0.3925896344043048
1,B,5.2,1.8569452182043347,0.0,1.9320924774947046,1.1511286359431643,1.0079403492069567,0.6779493858917894,0.9376692078399229,0.9275179570162967,0.8550378424120435,-0.5723297686529629
1,B,5.3,0.39701179405390596,1.440445229534442,0.500122437491797,1.2887820255935056,0.8388111571211563,1.3709577204144545,0.9138390493895121,0.3756910434002234,-0.10136896870820011,-0.38261197816019743
1,B,5.4,0.9610374295545537,0.7513536657924493,0.9442342714815267,0.8937770117876679,1.332539254138216,1.0623887063542865,0.5669345112142434,0.5532465172839784,0.1482497762811047,-0.035765494350871785
1,B,5.5,1.119084378594688,0.7033412095026166,1.284756090258062,0.758227292146874,1.4455665669383546,0.45017555009133,0.7281636823766395,0.5111064705013277,-0.28092503493420307,1.8483998961848143
1,B,5.6,1.2284734613843353,0.45451342053950095,1.1294576489774881,0.9285159423797524,1.2719668198727399,0.7375306271483297,1.1680432845970599,0.2594483627767122,-0.5247328051882303,0.6583883424922298
1,B,5.7,0.9681080504478181,0.8334448833901326,0.8797486844213172,1.010954985336152,1.1753850281188405,1.1032140093274427,1.6738325669730751,0.8825453478103165,0.22864073816700864,-0.1649658866446921
1,B,5.8,0.8991176757052722,0.6469773273813071,0.8458555098289114,1.2428187851115653,0.6766343852404115,1.1013846449077918,0.8564736122829715,0.24698896691943478,-0.08292322778790281,-0.36068623193978033
1,B,5.9,1.060250222301441,0.692330235165979,1.1915560337682698,0.6465478481951852,1.6823785753883072,0.7823088693646976,0.8743888306800057,0.5701950437990781,0.12851958838926655,1.0398736395208033
1,B,6.0,0.9990733067795641,0.6182654404208354,0.8487081616955423,0.7184452609997067,1.5605462011733062,0.6512628043272716,1.4649654470263356,0.8723746156650256,0.12556035445602498,0.3299586845564295
1,B,6.1,0.9858114266891598,0.7444297842801337,0.8183649550073654,0.4866757925543349,1.7028534764002061,0.45069309386958145,0.4507703537281988,-0.03218953250636425,0.6741690678458077,0.3206253441253293
1,B,6.2,1.239880025022799,0.6371053412271177,1.3873609481283804,0.9329614653691847,1.2914098210916394,0.9680476746601845,0.9058741280823268,-0.000649867070154353,0.4050948154276329,-1.2567722251874738
1,B,6.3,0.6525979238055841,0.9560016515235844,0.6860794709410865,0.5254563482540968,1.6086308313090094,0.5602671745203462,0.558338195594537,1.1158039649763571,-0.6273938630270944,-0.5854444068349793
1,B,6.4,0.900664110934836,0.8323023530098679,1.1305412281671179,1.1660640499913955,0.8220529849737046,1.2494423158071577,1.3292109736598319,-0.1625329135539927,0.7298221578324606,0.8177495043576909
1,B,6.5,1.377865993203782,0.26353099163022176,1.5659236703082067,1.3534049915708684,0.7333829315791085,1.3534489724241219,1.7608631933201269,0.18319427982809527,-1.2907526203622104,-1.0252812887837215
1,B,6.6,1.0065353662493115,0.8535128544391456,0.46522023259442924,1.046316359343147,1.221174474401601,1.3251793066438842,0.9664873847205798,0.9707745278850608,-0.9648929676936159,0.9401771107932191
1,B,6.7,0.9206180619012254,1.139269665956798,0.8965754403784999,1.2121970641585735,0.9194666675030208,1.1491866524091863,1.1703742839783506,0.4664485718438488,-1.2055218983524714,-1.2695453339727085
1,B,6.8,0.6853247854482678,1.1008838624079682,0.8904435181882624,0.2583785680116003,1.9228584258018881,0.35791985336813026,0.007671715567142967,0.20957996764839082,-0.5521302649834081,0.27751434216706306
1,B,6.9,0.9038479628413995,0.9779950975536681,0.8881713150218107,1.058367152982786,1.017527518673425,0.9780076290843629,1.8100000725157877,-0.45623140835518705,-0.023611526463364008,-0.5759178923002444
1,B,7.0,1.0772918617733556,0.6583518122010066,1.1956146978427193,1.0330110149911353,0.92594835586433,1.20281778016156,1.2047232264503833,1.2452727903878342,-1.1604576290150075,-1.5512189733604136
1,B,7.1,1.088090346097444,0.5614275768503543,1.3078716353103015,0.6492739522615343,1.4898003659362666,0.8288489745418517,0.5184515720100183,0.4902514793187293,0.6334522631500792,-2.350262527328553
1,B,7.2,1.2476951747609029,0.2853833732929998,1.1917636082648098,-0.3938825062823349,2.453382944028273,-0.3806441123211425,-0.5892943434050089,0.5552696646816142,-1.444910210639482,-0.0959805571626263
1,B,7.3,1.1722993893823959,0.618837834118211,1.0454318833289986,0.9112058361789106,1.1678459378457657,1.140850241512618,1.5446095311938821,0.7814266416031821,-0.6834893963740248,2.4585595505697806
1,B,7.4,1.5132521342490088,0.29652552076753946,1.9573241092357716,0.9992564997067337,1.0887991890386468,0.8476832050036259,0.8947225723371942,1.471373271500561,-0.3034673547465926,0.21498509780432493
1,B,7.5,0.7930005195563283,1.190905805764312,0.7454750752462133,1.7251700066480653,0.4713559653316166,1.5301738740239113,1.3280734997310062,0.7006944536247584,-1.2934619689523772,0.05708344652389226
1,B,7.6,1.7179878393668602,0.12108083006083503,2.113271960750658,0.9260647159300126,1.1887429924782937,1.0802414839694041,0.8724889904341042,0.3836218224018171,-1.0067636954657153,-0.33815549773777637
1,B,7.7,1.3732454111818166,0.4419540063233858,1.2456576738012697,0.7558463029065391,1.4048922947409856,0.8463481442861431,0.7915457677126662,0.781483501958755,-0.7923175949577911,0.4043147300732061
1,B,7.8,1.271392282594881,0.41180072921024213,0.9983539496432157,0.4169567856079259,1.781850271656936,0.36845712712967404,0.9944453983826895,1.3816770688609235,-0.4344296247229767,-1.0823064916695164
1,B,7.9,0.4304104424653189,1.4022329176221038,0.39817261370253376,0.8245900705615193,1.3094682543527814,0.7467568928293534,0.6020559837889454,-0.013657706702088324,-1.1093749989428434,-1.523027295261828
1,B,8.0,1.4130971756101915,0.3203744726568374,1.4503640772733593,1.2368414396308323,0.9294918543264723,1.251917987080918,1.0327078078515575,0.5006292320712202,-0.7984069338906742,0.3805882508237745
1,B,8.1,0.14722065731251677,1.856639533124742,0.485879051523041,1.1396272516684962,0.7231700028334844,1.549640218998181,0.9883835310198561,-0.1853552647171124,-0.9690086521653439,1.111840133005049
1,B,8.2,0.9622096714400735,0.8191478449727889,0.9575748842862255,0.5946548515985198,1.6999857262289277,1.0326830745494568,0.21984019582813602,0.6771856894682853,-1.1427395837715042,-0.18256040553187747
1,B,8.3,-0.3656645319191817,2.093541600457525,-0.5145320271818087,0.2796410342257288,1.9971144825153035,0.09607322278315161,0.49728414629522744,1.629929222275929,-0.7858714749969113,-0.049480648267064546
1,B,8.4,0.8923602795121566,1.0543041437439986,0.8829713129185917,0.9232264682188867,1.2091247040878526,1.0211108958767612,0.30111914672700435,0.1785180143437956,-0.6097410650678905,-2.260041621889845
1,B,8.5,1.0784437745797741,0.6954930494646383,0.8498185360888347,1.5060407233398447,0.5858584579259023,1.4049069479413054,1.0471158830710452,0.6621501846034904,-1.663986695415834,-0.3776539997433498
1,B,8.6,0.930703370314143,0.7880329193530926,1.2925345453211403,0.31070411895254907,2.014988619308745,0.4298936941741699,0.07211296486526375,0.9651457336226918,-0.400927009127769,-0.3550471803436175
1,B,8.7,0.7199419215710682,1.1871627817130816,0.6571276112489364,0.8612026156017825,1.4294461049163516,0.8300402990931478,1.3947458548258969,0.9094664998167892,-1.9226083402209517,-1.6247476378597405
1,B,8.8,0.8073030554553582,0.8463973082588125,0.7858107125281026,0.9466188610925126,1.291408734703378,0.745896923287244,1.4310550463726026,1.4402199836744338,-1.6817883141229033,0.8410782902540423
1,B,8.9,0.026443834693680057,1.7910060225884803,0.04011078943961642,0.5359796217949891,1.6220320322362296,0.39424906439595464,0.14049716351706426,0.40630115594138827,-0.36010849443657933,-1.0459066650943902
1,B,9.0,0.9658847845987939,0.8250253065718659,1.047402729780308,0.42221261456314163,1.6879962785079223,0.8430475942450745,0.5837704564704693,0.2959206224496349,-2.5555406603389352,1.2556171461119228
1,B,9.1,0.6570460167565915,1.1653622766134186,0.3556021216259291,0.654808945950994,1.5727524748016837,0.3552697386513278,0.5108816957673963,0.24272206286083037,-2.0029259769973047,0.6551338477555106
1,B,9.2,1.1543882614643395,0.684123942379772,1.2424893244424267,0.6428137836488642,1.4692748971888565,0.7102941729083351,0.27665323550971577,0.7956934064127817,-0.45329171987128164,1.9881270754053135
1,B,9.3,1.4571867962140677,0.28795961124695846,1.4040634605328897,0.7252856328600377,1.3728179807525351,0.6679398425495396,1.2941006139731874,0.49190657821098094,-0.3123200166047744,-1.0871939626047609
1,B,9.4,1.4118980976105333,0.5468186345573463,1.6211327778670377,0.4210106803249372,1.6898430733017111,0.29858540409651513,0.5590568518839506,0.5818713111460807,-1.4652724238586716,0.5298812377025554
1,B,9.5,0.41126081405525255,1.447075212486905,0.40224803417226773,0.32926331034499423,1.9710212100043814,0.4973455728497136,0.5671166845641354,0.16673678123654212,-1.2369954110921526,-2.277415721420257
1,B,9.6,0.5461077503995333,1.1991883449582357,0.6219905375190152,0.6850209527763005,1.5519473150814118,0.7891998671761817,0.681922671993067,2.186724916584733,-1.0957141868216338,0.1797480707289555
1,B,9.7,0.8478508150028081,0.9625838547754771,0.8678462790609123,-0.2129262432619723,2.378620296220239,-0.21548981366992256,-0.32818765207542333,0.7925339224453345,-0.6812136106673785,-0.5379433819079822
1,B,9.8,1.1373271381721217,0.6329538390077436,1.0480067518944693,0.7577348962494784,1.4725177027678962,0.6028957846157522,0.6920061958682739,0.5996193806639407,0.4989240340136323,-0.5472264450663403
1,B,9.9,0.6343089555154222,1.2497921538790433,0.7809900007463322,0.45860080287279587,1.7255891663719405,0.4039886421926434,0.47546737675757844,2.3221837801369234,-0.8843928907407623,-1.1690536660893236
1,B,10.0,0.7186648731780158,1.2150438762980489,0.8914720781884202,0.19413101004152436,1.8335468973701747,0.28194408139190347,0.6156257594048242,0.9948161490169496,-1.0388751044866937,-0.8704350260865538
1,B,10.1,0.8124010019890182,0.9220872305793647,1.1330240611210471,-0.2868187143330732,2.5657628155064005,-0.15210669431716847,-0.09914367745234717,0.4356961626460953,-0.08048220956657892,0.29384821650411586
1,B,10.2,0.632918008782676,1.1107890250844283,0.4820556158796818,-0.10372322592772637,2.2078013636125133,-0.4361285135706002,0.08158289422144907,1.068660767940338,-1.1551795252555652,-1.0500081550898503
1,B,10.3,0.7260753791923206,1.166170233797435,0.9370122786208074,0.3587210992759323,1.70431017705261,0.3360424193231987,0.45175405522494494,1.395739056668764,-0.04384178423009932,0.3723011556230188
1,B,10.4,0.695250289613672,1.1119695161002747,0.6401157460153368,-0.13749897956829862,2.4495320115770656,-0.40914029817356534,0.3142561460908665,0.8731606413891857,-0.16805377708280356,-0.37923348626558484
1,B,10.5,0.6710664688299648,1.0522204776135111,0.47235709499575584,0.08081614758343136,2.3027945667145944,-0.30236925270592635,-0.3199080532457684,0.13361352044606156,-1.3181388765018327,-0.8244393804534527
1,B,10.6,0.6569830391448872,1.1024851210400077,0.9498194327464844,-0.5462241957929493,2.7786286231463007,-0.43821528742181026,-0.15427273085242338,0.1726149446359615,-0.8686808796360723,-0.7656538505542373
1,B,10.7,0.8131452647762414,1.0122172361702202,0.68749069738623,-0.25668307164753407,2.4385295311514077,-0.3409843848888341,-0.3587111406873875,0.22959251682554505,-0.28334831038238784,-0.12484110527388771
1,B,10.8,0.4275674062477815,1.400786977853221,0.23730130100991279,0.5037472452212072,1.6385431103991603,0.6991737490486192,0.6096755900890809,1.6995320440763746,-0.7392092095763774,-0.9852975921760748
1,B,10.9,-0.17800408636261233,2.0755394623712027,-0.39499798586760126,0.1833044777265103,1.9910584695749889,0.17641037722994524,0.2011699603268548,1.6095097596348116,-0.1916527876714153,0.6362104806983936
1,B,11.0,0.47562381005079624,1.2645128320599206,0.33033222607645446,0.7603373970069003,1.364476961678442,0.5518403859732055,0.9968931790960862,0.03805309370185894,-1.1904301235845853,0.4460978386077537
1,B,11.1,0.9394784486421999,0.7870947839569641,1.1794214883841438,-0.41439078745893565,2.5376219031520106,-0.09304888398725608,-0.7369320665591158,-0.3197036594796365,-0.5328557904258682,1.3480264375800892
1,B,11.2,0.570016245050881,1.0633912077629541,0.5816560371117722,-0.28990635763697503,2.577814107824059,-0.07070868017353554,-0.4691605574518394,0.09814079650687546,-0.490053305724485,-0.6844316564943314
1,B,11.3,0.16098608369443945,1.4793835644036546,0.4485055496031604,-0.12623680734173637,2.3286713830464705,-0.5469919312249878,0.2585804986190306,0.5259350831424865,-0.8090281589403208,1.129050931430839
1,B,11.4,0.6629168394192859,1.1006872379854928,0.41252018168193333,-0.14859057715322993,2.385974586743958,-0.20443147046389304,-0.054224479334715234,0.7571392709902822,0.00679497956120087,-0.41997004626142165
1,B,11.5,0.8719834298472808,0.9446998588544492,0.7844963975953188,0.16493782462609563,2.1274250743623613,0.10640499370003591,-0.4620939885061297,0.4857368320147036,-0.24379791989702437,0.42367037409158864
1,B,11.6,-0.04157028443393107,2.0263650432586253,0.15348288751070524,-0.39919783189305336,2.4697992258006796,-0.35625553587551784,-0.18181147136447764,0.5063786345753565,-0.5584308072216889,-2.1013556021221245
1,B,11.7,-0.015807493823311924,1.8330391576150058,0.08564193652607595,-0.5349301791459733,2.7314449143692725,-0.4478490915887252,-0.10535758703986658,1.4276084190913225,0.4375663028970968,1.2903134377815788
1,B,11.8,0.13464593090757776,1.7013330451888853,0.17013750532149677,0.03947751143978745,2.195430032064545,-0.029174576389534898,0.3323905585113244,0.5710497987787854,-0.44992665910631746,-0.8038561342012097
1,B,11.9,0.09586648605130116,1.69109281529628,0.10952851312849435,-1.1316240504757598,3.3805076630019926,-1.0211740514058432,-0.8104143884414439,0.27141115837120855,-1.0065520085531596,-0.7999430853435636
1,B,12.0,1.1145693752823718,0.6578450967241614,1.1192780464968344,-1.0145834861531564,3.309994905763177,-1.345982203465683,-0.6370841433408847,1.118437719069373,-0.22773491664452578,1.1706383058797027
1,B,12.1,0.07345523716482077,1.8101631920865402,0.20619714018427004,-0.14779353039765392,2.428711771487969,-0.23606704220774868,-0.19115966047987637,0.7510543077594285,-0.5507194058355115,0.13980641386711937
1,B,12.2,0.7474036028027353,0.890609925239478,1.1663250348967609,0.09450432370550627,2.1217355625091847,0.20146620350206965,0.05664604317460407,0.25859577836943903,-0.417613131785493,1.0477751256391241
1,B,12.3,0.6850750882722236,1.1963816942994527,1.184812103628395,0.08918710571390143,2.013369851660586,-0.00820759076669074,0.16136118608822775,1.857871954100423,1.2398833740792994,0.660081475623809
1,B,12.4,0.6512428344608991,1.186980566759005,0.7352682057150026,-0.03211515675733384,2.055925576018203,-0.07804667079144509,-0.3449102403317868,1.4918906703992878,1.158927315585415,1.4971741446374298
1,B,12.5,0.49333573185709273,1.4329879810431543,0.5156536028270453,-0.9130962685642912,3.215527432123479,-1.0814117815580961,-0.9004196960905247,1.4460611943677402,0.19299218383276215,0.01821155042434771
1,B,12.6,0.08990038089690999,1.569865027310104,0.23797424049276597,-0.44530985259719835,2.6176382718147573,-0.32480807331756667,-0.25384641773198924,0.4311603586150174,0.7930736915637546,-0.25434993301049413
1,B,12.7,0.15410555048822563,1.500088592211274,0.33337437803816616,-0.51076198242766,2.7242249083187366,-0.6228329499117284,-0.0881660170514672,0.33892040757150443,-0.334218785718911,-0.8236988507573831
1,B,12.8,-0.08989766753390355,1.794587586875675,0.231608402179397,-0.43612478957498924,2.7492842217316995,-0.23320110024309712,-0.7216550509801267,0.5617904947821328,0.41776682776234697,0.251582752398314
1,B,12.9,-0.027138765156740685,1.9402615436413728,0.32151955778020397,-0.8328990955629525,3.0116189739822143,-1.0208784216154467,-0.9916396707907589,1.1270784814747596,0.9096326894814675,1.3042095571034673
1,B,13.0,-0.10602277074607486,1.8020192221827547,-0.1220750738904377,-0.5057947143074429,2.7110376462348476,-0.27919877765777035,-1.0150790865952357,0.5903319486515883,0.21548904206126301,0.5123562622246397
1,B,13.1,0.24800955373603345,1.5242485866184292,0.02961328008189046,-0.22356108420652732,2.380344836252728,-0.01623916163262798,-0.14703994593002012,1.0123655957362458,0.7603320847696239,0.4553483773153592
1,B,13.2,0.012281267276158747,1.7468957860977912,0.15030557623142354,-0.22349026846664033,2.347477836323684,-0.39289391688823955,-0.6433783366812371,0.47405434422484233,0.9972095944411621,-0.4479345969309538
1,B,13.3,0.36355696225305345,1.3126340115054873,0.40846149228461215,-0.5902673870159012,2.78310413127558,-0.5842659594985549,0.008922350860450234,1.5729197490198041,0.7334128000275981,-0.9647480028826658
1,B,13.4,0.6005514386223476,1.2811504538349046,0.40691068849339485,-0.6006868992760694,2.9018647776852577,-0.722679098431751,-0.3521115478835938,0.9961855002828752,-0.44558901843919674,0.26272297964625574
1,B,13.5,1.0344593931853954,0.6806031287657845,0.772249421106626,-0.39824184428821174,2.591424540948799,-0.4925862750804023,-0.4658352775552972,1.4596677276367558,1.937931983473324,0.2163016812944802
1,B,13.6,0.10239832667430757,1.5886384874694086,0.5305267419546401,-0.5563769002999742,2.7382161918991708,-0.954760347807032,-0.5552432813834275,0.8421930016224444,1.321552962928495,0.4048353679242695
1,B,13.7,-0.4231340786510407,2.1696820006026742,-0.4963955295725896,-0.4259416799143555,2.395988648619214,-0.5957350065910021,-0.1711945695283547,0.3861861745883678,1.115214611833555,-1.8896096173692034
1,B,13.8,0.5905658268898719,1.3687554610740849,0.8888382248558058,-1.101645669021412,3.211950272032701,-1.6460875511224133,-0.8578110450290668,-0.04087178037431205,-0.651573317737046,1.2481627349161424
1,B,13.9,0.028964925336297936,1.930676894307526,-0.05712831990347805,-0.70091460784593,2.843470172511765,-0.36031671322353725,-0.6756889774958279,0.9333162143343483,0.26761522911935187,-1.3304257859534516
1,B,14.0,0.33717632113629364,1.446112510764893,0.5193584049479788,-0.9001227704484618,3.087729658015438,-0.8540792080325661,-0.8750665650349918,0.815820380971685,1.345242472679136,1.3671748403022748
1,B,14.1,-0.3847942047005571,2.1912289647002137,-0.5555045471332387,-0.7777116473844302,2.819373138240651,-0.7917932101819609,-0.6397781765415917,0.45041532692474523,0.3762226218002319,0.6611034010330796
1,B,14.2,-0.1652103564289222,1.8202810469345692,-0.4143583220899911,-0.7520000660010088,2.96386915189968,-0.36401150056450327,-0.4034298479822707,1.1670010560746629,0.8588725682233612,-0.14134667287239583
1,B,14.3,0.05354775695542137,1.8455339334558605,0.2352637675200428,-0.9766094542181187,3.1912899624633724,-1.1473231672862596,-1.3240370278860432,0.4318577586039727,1.0558950468813617,-0.7845467451011575
1,B,14.4,-0.34830874294471337,2.1560581078224312,-0.3142884607628519,-0.8952481812437612,3.184372237706976,-1.2615243103367995,-0.538941692901023,0.8872432727786269,0.2621099198155882,-1.9126333463101939
1,B,14.5,0.39485012652617074,1.4572168293667704,0.17675094957098422,-0.4696376820090324,2.7050589944947956,-0.33177194591392467,-0.5262370742994905,0.9447733844261628,0.9270093437747273,0.6306812303631837
1,B,14.6,0.5031916646594446,1.3412640115528074,0.3530515007644225,-0.15005039103343099,2.342875708080788,0.1746648679880871,-0.2980700519742402,0.9950099577040883,0.8971955830460001,-1.2411468856899306
1,B,14.7,0.025294450636674043,1.795334858931897,0.20245391637793209,-1.0009781748350512,3.083203491443827,-0.9695521179161622,-0.8400212736693767,1.2761062110012364,1.3014298258627102,0.6941772864175633
1,B,14.8,-0.30765886968227873,2.1377131198508548,-0.5287681322183277,-0.6214838536889735,2.7418240677576704,-0.5508339598235933,-0.7075818622450065,-0.10667376914334448,0.36323452160559533,-1.4827636280426901
1,B,14.9,-0.38589158013517966,2.2254985302263233,-0.48806618067025287,-0.3304280156128564,2.59564791301976,-0.258127497492401,-0.8361423364505137,0.03808304992060385,-0.19916617860627672,0.46731898126506094
1,B,15.0,-0.27057870733717165,2.083417132413938,-0.21073137309998613,-0.42536040677791387,2.646145890506929,-0.4138452329156083,-0.8450742023891553,0.6817829840442915,0.6156348857658174,-0.6366892269804489
1,B,15.1,-0.3122666012225887,2.115927972017332,-0.3129868769573563,-0.7658968191526995,3.206019230144471,-0.7494230007852213,-0.2502584660024102,1.2716019338854576,0.23034794049993756,-1.8624967873067648
1,B,15.2,-0.4491845819229191,2.319240166724688,-0.36601374231292394,-1.5024957634651515,3.6629418404719503,-1.401593149349711,-1.4560825960587063,0.8571782525897406,1.0969011589170499,0.09361355932034957
1,B,15.3,0.00994838195155806,1.8766441294922984,-0.24215386852203252,-0.38106758291514997,2.5931764461870443,-0.5262367960694181,-0.2324383989645186,-0.6669226158389234,0.218563432332884,2.430971449345437
1,B,15.4,-0.5382246103877121,2.152050118048182,-0.7681183293590129,-1.0842135505477626,3.272169719166977,-1.4137605001130977,-1.129260087175276,0.5412576178206397,0.28288045282186236,-1.964305523571256
1,B,15.5,-0.2907525497549526,1.997654103583599,-0.18032974549917924,-0.7782037980246506,3.0248407766472996,-0.4285502718614715,-1.2713099244553323,0.878421235109322,1.1493296788025336,-0.3808881065331129
1,B,15.6,0.24690716945048796,1.4046414278967352,0.4026052549823086,-1.1381802825054832,3.3528682819611983,-1.2098277513140698,-1.0492204105270306,0.6157931905178724,0.11255326907250285,0.4121886744580426
1,B,15.7,-0.6129469104992502,2.3996644844155575,-0.3040971591257743,-1.0966321678851396,3.339441692231075,-1.1225390153018961,-1.023618558113406,0.9846728231818103,1.8617241720883047,0.07838992056399417
1,B,15.8,-0.3263309205542089,2.271376034732635,-0.41684467937130887,-0.8651802825754135,3.060949101909975,-1.0844451187677506,-0.6020717743835677,2.128134110806206,0.7531343182560082,2.2337172768173446
1,B,15.9,-0.5420297316829105,2.398212058610774,-0.5758785467473718,-1.2749859406399426,3.475705796785845,-0.8445734246517458,-2.0303624919748144,-0.33090612139074604,0.42835765700698314,-0.1028109467671122
1,B,16.0,-0.2521209158293872,2.014981985488013,-0.32519024339526326,-0.48608316481233543,2.6573700677086736,-0.65116499422297,-0.5322833817222272,0.2787300636961362,0.22553220168295385,-0.16282635836393736
1,B,16.1,-0.580144228675032,2.446743591461691,-1.165696474644823,-1.0109551111000166,3.170882214227551,-1.1379244591821287,-0.9338077280412492,0.380663470013325,1.357594503356043,-1.4136688147642533
1,B,16.2,-1.0657361174002504,2.806512546777979,-1.1057869973318148,-0.610230498804391,2.781316046274629,-0.8060192760099009,-0.17953835276458663,0.639718240216772,0.5489921515578664,-1.4372527200852727
1,B,16.3,-0.6685675634441686,2.5858127345936777,-0.8706220934475898,-0.8811317316271932,3.1604594827352024,-0.7569569999141121,-0.8018617580865428,0.9179499834469725,0.26333784629041707,1.5053232576717388
1,B,16.4,-0.740176186224654,2.6052097279400206,-0.6974240544190177,-0.7567285187626319,2.8643225990190717,-0.6612655593277911,-0.3562605553954046,1.1607278660616864,0.4081979739312587,-0.8512178190991837
1,B,16.5,-0.15812745889822272,1.9930018070240214,-0.08863326321254932,-1.0611088694673738,3.221655742207528,-1.1291935163170645,-1.5571245605041995,0.7019712211895408,0.1547575308653259,-0.8964378738109289
1,B,16.6,-0.5662654202310372,2.3188585851614514,-0.5360666599459205,-0.9007706778430854,2.905459679801213,-0.6865501941716918,-1.2918713854916308,1.207173036206146,0.43782791891306316,0.5073803668906958
1,B,16.7,-0.5087184750479858,2.221976871803882,-0.43973697774409826,-1.3746638188607099,3.6443161506377053,-1.38422311308659,-1.053094778873104,0.5398322871916804,1.3506704809116812,-1.398751432152597
1,B,16.8,-0.5217115812123181,2.377407107843826,-0.4980023967520286,-0.49366754950179825,2.610241355533778,-0.5335291805452855,-0.6769192814476085,-0.24573659539185644,0.3047513140917636,1.64465746140426
1,B,16.9,-0.5690826835359208,2.2282898548899164,-0.41080802540290307,-0.8144027249396318,2.9815892791557275,-0.8847965731047,-0.681860396563698,2.028741011289971,1.1311341760233,-1.466822385240842
1,B,17.0,-1.0043967807233167,3.13369504378484,-1.135153753258351,-0.6578812361092226,2.7856036247184166,-0.7924289619223779,-0.6577517378767276,2.013902302310138,0.5775830320618902,-0.5246881521514306
1,B,17.1,-1.1006676558914656,2.8564385634231795,-1.1976526118316237,-1.8038622184966486,3.9326272079128097,-1.7506920558081114,-1.6026966189944591,1.1568863287079478,-0.18864513167309305,0.08287067001808922
1,B,17.2,-1.0963611047735764,2.871335590291318,-1.1361122507536336,-1.525555914999651,3.591698432374349,-1.4530569010277088,-1.5092523408891836,1.0745028609686764,-0.2911892886902435,-0.0031880323114464823
1,B,17.3,-0.9674984102430397,2.613616587083741,-0.9262459385547197,-1.095326798425915,3.2249239224049573,-1.0955909300483584,-0.9078533109127707,0.4079653045499507,0.5298787088075778,-0.22349670019001297
1,B,17.4,-1.191362489023831,3.017390793118764,-0.8306178032319651,-0.6326040597637159,2.9260100040797905,-0.8026091788117862,-0.8553571930982128,0.24111449483039804,0.846267634963215,-0.8906476064869218
1,B,17.5,-0.5950466119280763,2.441299226182309,-0.8456700839115949,-1.1178880497877,3.4706000755381172,-0.9733107317285633,-1.104400267367153,0.7223965842903239,0.4303668238839808,0.7684404645180781
1,B,17.6,0.23680898725075383,1.6597989827005575,0.08189383922739721,-1.2796052050590743,3.561878193208293,-1.192954485634601,-1.4696506035046837,0.996058584771966,0.4601110329013264,0.46743059605358633
1,B,17.7,-0.8325984613231148,2.642694960748868,-0.5628612108721447,-1.3450756616445636,3.5003615733538647,-1.4166992181987421,-1.349244877733622,0.2969654733863597,-0.996222727778454,-1.982946326365446
1,B,17.8,-1.67850577752382,3.4828116564745843,-1.925161942727672,-1.194408880756107,3.3370869337501454,-1.2211295621060765,-1.1377472009111276,0.7286888996633277,-1.4187525081590402,1.278642885983076
1,B,17.9,-0.7070127485731972,2.4668928141445443,-0.9280921763090321,-1.1461248043743675,3.3833472916012646,-0.9708727937087172,-1.169858766950914,0.9358839738500511,-1.7305663936014046,-0.07722021958407829
1,B,18.0,-1.180869435942698,2.8519233958966064,-1.1738206783234042,-0.642427187724053,2.875178846447646,-0.4469378174058398,-0.3539520843918216,0.9273569302302097,-0.6274983640778178,-1.4034126675314949
1,B,18.1,-0.4831282721431605,2.2489985161369743,-0.4876194627666746,-0.8502953964941671,3.1534472300229077,-1.1637723178348942,-0.9792824295747413,1.71639609875378,-1.1920479731688483,-1.4156895566262513
1,B,18.2,-0.7415144591206628,2.6387295162372295,-0.5703132572848852,-1.4183848964278218,3.508216640479824,-1.224963878758715,-1.2750349229624154,0.7475356986903408,-0.15187588442069272,2.01626829111154
1,B,18.3,-1.2583605310055974,3.028426115614273,-1.20086511633034,-0.8621170653195732,3.0532156656673166,-0.8932518237240714,-0.6410960724433175,1.6364772757426111,-0.41886911501654456,-0.48171240815049426
1,B,18.4,-0.5323377162912555,2.3905053710728192,-0.32543483377376703,-0.4888949916313684,2.621488258678497,-0.7152033526482362,-0.8534725660933555,1.5751585953087845,-0.9205703978678679,-0.8713488850165964
1,B,18.5,-0.8723364105507778,2.5882596285143555,-0.7385694346180485,-1.1415801712420635,3.361851814689503,-1.2955061125944598,-1.327562072127485,1.8617261909937914,-0.8933274587182227,-0.2961599899075965
1,B,18.6,-0.8630124633261698,2.427101326009354,-0.6676742496052647,-1.3466744597614309,3.519789470858109,-1.6073799999438725,-1.2597507156991061,1.268985251039857,0.7190318263792298,-0.17851189650472896
1,B,18.7,-1.009299086307141,2.8186311868729117,-1.2867552753817857,-0.7283630302587119,3.0916044169146026,-0.7744005888661593,-0.6060151267304953,0.7431961265359681,-0.6728445862325023,-1.1641749257227036
1,B,18.8,0.11172249473068041,1.6602074121488766,0.3224173360704746,-1.0172644828454027,3.1970335814662034,-1.0884370598243922,-1.264758400220578,-0.4401372060899307,-0.8964721451449,-0.5480543016733954
1,B,18.9,-0.8766019301878967,2.801710461047859,-0.5278119398930787,-0.4474086123002591,2.63307572677456,-0.1988654871331902,-0.4583316579944766,-0.24720760824446086,-0.6949361470765832,-1.2262843687985072
1,B,19.0,-0.832007999441291,2.565026220758,-0.7018858529283631,-0.9906049235200522,3.169128978025034,-0.9692109007826146,-1.2212979115198395,0.6889000545023577,-1.2693993555275964,-0.08137798859449233
1,B,19.1,-0.8492127516235735,2.5530930409969477,-0.7962909186668055,-0.6436222326931461,2.713099432711097,-0.7293818092192351,-0.3798136468951539,1.2489690440247105,-1.432653187980276,0.615643718216377
1,B,19.2,-1.207940271558554,2.8919016883952087,-1.1782152455673072,-0.6709152147290063,2.6592303413503817,-0.6956766721218238,-0.47113111768724675,1.2081961329480413,-0.8851178222160037,1.128241151014728
1,B,19.3,-0.9150300089026254,2.7619885705480636,-0.9586131204932029,-0.368336109762595,2.6511143618052486,-0.46410571621253016,-0.03448572098055391,0.33697749358052675,-0.015308249521941208,1.6499205664744063
1,B,19.4,-0.9320025909370243,2.8337841907661963,-0.950066541087504,-0.6643549969996531,2.7827199557156295,-0.5670626953113491,-1.1428254264433233,0.10330965636240663,-0.8302123734066345,-1.2448256304784286
1,B,19.5,-0.29131259997714953,2.0402492821119793,-0.644674324325148,-0.4250369442776047,2.641418583478065,-0.2959882371652941,-0.1707920821047783,1.8499672974171069,-0.546065324481944,-0.57130235678244
1,B,19.6,-1.2581816293279224,2.9991353482848657,-0.9940896394739214,-0.26107807517390075,2.5259753142684014,-0.2949779466963727,-0.20824171349095288,0.6457150828464215,-0.9319237521757254,-1.1028896026531074
1,B,19.7,-0.4489914079763914,2.2870536922183695,-0.4616217811589894,-1.3056024686123882,3.632687177423397,-1.2122424569400219,-0.7958440111385284,0.27257986424196756,-0.09464356808535579,1.8359907708993781
1,B,19.8,-1.1350973591557512,2.7418031809385317,-0.9186485431516045,-0.18116126602252192,2.2631041313373608,0.2195051666597263,-0.030179683271838037,-0.23206365095964665,-0.04444017699735969,0.6188233481335045
1,B,19.9,-1.3182369123342024,3.2151897961451104,-1.5217416961181895,-0.726281714388227,2.8740213156668637,-0.8596952338591088,-0.6780963502558744,1.2529750881301744,-0.5781432353572717,0.23607246709313226
1,B,20.0,-0.753298882922107,2.5161551878944906,-0.6856250720573355,-0.6219347004088883,2.638564538970363,-0.64231149085309,-0.9237182078610631,1.4841421104569315,-1.283618906309761,-0.8864294993372787
1,B,20.1,-0.9375789565000938,2.593454202522347,-0.8937882761906303,-0.2479252731423054,2.416295788136498,-0.19651733222906875,-0.3208810217596406,1.4421031389785708,-1.6313988653404543,0.9116967003152303
1,B,20.2,-0.879172487174995,2.6472024039312823,-0.9489116155276239,-0.44415322731724877,2.5505821860399007,-0.49940785319847614,-0.19990634427110532,1.9595395278919834,-0.7716900808723831,-1.392712865952797
1,B,20.3,-0.7991992367066411,2.5286263658689303,-0.8460366128066736,-0.6361175229242662,2.5351077732493024,-0.2158650347446942,-0.4407143544425256,0.13272954963389305,0.4298165675124552,0.7989051170423498
1,B,20.4,-1.101728563905426,2.8429330875941257,-1.390279688668688,-1.0187897609161856,2.9771013455132307,-1.334183190542475,-0.916581664059678,1.5597308860438814,0.8599707578549384,-0.18909255455211813
1,B,20.5,-0.8080686545886806,2.519589102222895,-1.1245770731456655,-0.6216486611002761,2.9236434943278393,-0.6601163847164054,-0.0726160988273633,1.6755647892103547,-1.2164596927934186,-0.21934850485454258
1,B,20.6,-0.7611066817337321,2.5147469375312363,-0.5054239843225128,-0.470812547234337,2.7951379490728723,-0.5430714355366999,0.0003480970521959059,1.1344039974909954,-1.9636484801637792,-0.6098233955837449
1,B,20.7,-0.7066912955780689,2.4983248726595417,-0.743935563620847,-0.8445848540674087,2.8458584942866048,-0.9591775098160568,-0.7580988194729834,1.2121936948078118,-0.995946058248228,0.4966208878491165
1,B,20.8,-1.1299086089290904,2.6870256930008853,-0.9228798325315902,0.0912909594382122,2.0359541836610076,0.4097160326751588,0.5602716970731962,0.9995887184660786,-1.4133104450783267,-0.05424292923711654
1,B,20.9,-1.1139828677269776,2.9180754180169406,-1.120917921788524,0.018023399808855423,2.267107965433503,0.2303808344965704,-0.35390583570438183,1.403743023233559,-1.1325609168975903,0.160993558697573
1,B,21.0,-1.4968203045279271,3.3219122247823663,-1.416230234887527,-0.48761930521179503,2.5256710033717047,-0.9353713315585404,-0.7164244172880085,0.5447811413134203,-0.878452733560943,1.028300117362397
1,B,21.1,-1.4421327940601572,3.3643965267833797,-0.9591594274298689,-0.7609769928692772,2.673252939003727,-0.8520513159499916,-0.9233438363102113,0.3165948574226567,-0.8689839748918562,-0.8023679765902605
1,B,21.2,-0.8451017461222226,2.752804618335473,-0.8044545704559734,-1.0579245323541182,3.145079727611492,-0.7531262055905388,-1.084565567969928,1.2547990900640562,-1.100041760876064,-0.5128291584520149
1,B,21.3,-0.9452677171337063,2.6389368247576948,-0.7864636573072641,-0.40925205590011293,2.530864006545852,-0.2196948020301983,0.19875607921382077,0.12202508085381003,-0.9477362338111395,-0.15315158192954836
1,B,21.4,-1.1694648455112573,3.081128795201492,-1.067060831400643,-0.8409135394338213,2.9505976684271378,-0.7168135406817198,-0.4818043178555306,0.3689153102813935,-0.8221801410922811,-0.20045895662577418
1,B,21.5,-1.105982505490568,2.800391516444109,-0.9959014137903079,0.05091053493955122,2.0330436310715196,-0.15532876198895335,-0.4527867388341601,0.9089616029875693,0.3305180068628786,-0.8472927512010886
1,B,21.6,-1.0198313665491292,2.6362326489826815,-1.164063418419509,-0.9336053932873342,3.197235192683208,-1.0971305455949178,-1.1219848444786766,0.6374194795947089,-1.5219353854031148,1.4918014548041885
1,B,21.7,-0.4742768025646422,2.1742397867375627,-0.6576469195190846,-0.030629228229984623,2.1923834001750766,-0.4798936257570735,-0.13359806937857144,-0.08618085109143381,-0.08906372716591093,0.21594035239787865
1,B,21.8,-0.7033596556187036,2.3212797123781934,-0.7066740755597221,-0.3471869232654128,2.561170849043074,-0.5282580545221484,0.13164485373460694,0.3570551969928429,-1.077367682201296,-0.720163285915503
1,B,21.9,-0.9121285166485762,2.6395706309115066,-0.8048823237676972,-0.0647328293374463,2.225832813143422,0.017854052328461753,0.3484887645240975,0.711128507163106,-1.53393450784538,-1.0285597917587745
1,B,22.0,-1.2987056200023308,3.0818535028757337,-1.3522542681616219,-0.35250602657535063,2.5942036498677767,-0.23130664031234022,0.0037077292529297257,0.22144128414577346,-0.6285061284956721,0.20308137300631063
1,B,22.1,-1.0742761354478736,2.911407147948186,-1.0584584745633305,-0.15436347358557861,2.2308932639678054,-0.05074156244312118,0.10462120076409398,0.011894394024178134,-0.15853030781363042,-0.2964207859709039
1,B,22.2,-0.4333899510399971,2.1907324455131083,-0.4786991171961508,-0.363066841079003,2.6482340357570666,-0.4610216512664583,-0.5361442743495306,0.28133141259846045,-0.8567312073780241,-0.16942885704979443
1,B,22.3,-0.37254846807004915,2.0551833313327936,-0.20546115668573925,0.22192226392090225,2.0608506694198967,0.020993808043807016,0.5788953224800578,-0.17832855597147235,0.2666499193678896,0.5767531871792161
1,B,22.4,-0.5959400372796719,2.391293303115305,-0.7485863165044351,-0.22672005430614653,2.4223670977560845,-0.49506963193489584,-0.44592953123211265,1.173311981742922,-0.4028343436775465,0.2051256826040245
1,B,22.5,-0.5446101641521908,2.423777841801005,-0.6090187601238446,0.4179687048112982,1.6233309487062773,0.20753285303861468,-0.02010764730886755,0.27783285384038525,-0.8028229046691464,0.8322432681470917
1,B,22.6,-0.802032023740326,2.5609022289120285,-0.7535242964283297,-0.3606688663236786,2.639753749402177,-0.3979726630961974,-0.034955462050668296,1.382007193464784,-1.4424366824400103,-0.9272106090153577
1,B,22.7,-1.470993676952009,3.3377818311781287,-1.5294616392672904,0.4137742273259647,1.7186597601133724,0.8174253071343347,0.8086151829909687,0.05244185520208566,0.4850628843107451,1.0406115326075014
1,B,22.8,-0.7573552969975242,2.413492592746068,-0.7098550917626618,-0.1891307901898204,2.4595461822558238,-0.13768156698812603,-0.09682907718270742,0.40486991726656013,0.018081310810949214,0.8185973783017713
1,B,22.9,-1.3353552144635574,2.991030036964871,-1.1451013497997506,-0.06507509248780341,2.5043254897228366,-0.13739643650521172,-0.02263525597955436,-0.1696441710704697,0.13430395275374885,0.8321249870195456
1,B,23.0,-1.339293862211862,2.885169900050337,-1.3898010630756665,-0.06306517583151752,2.233315742324078,0.09699006175600802,0.2190321141007481,1.7380441560754587,-0.39502476925770924,1.0987066112480712
1,B,23.1,-0.7353535138322689,2.718301018653226,-0.700809015047878,-0.21832747338424127,2.4117221902547805,-0.18587221149298905,-0.5697925445998887,1.381611762491341,0.14732401943070686,-1.7580664395570014
1,B,23.2,-0.6749467623792534,2.3484804858655255,-0.6104267579873666,-0.30961735128104373,2.4994666872596074,-0.5647866743466108,-0.7538846860434323,1.5244060121393312,-0.5387531998430743,-0.0541280065897105
1,B,23.3,-0.4684139007204767,2.2405869001706824,-0.5617234764996208,0.17873117914976824,2.047892571895561,0.35279340937523057,0.4457678514928902,1.5033433844484585,0.40938924008722627,0.30640527080941526
1,B,23.4,-0.7761346079001084,2.358623681301584,-1.0933445600565197,-0.33075280637823284,2.327581587720112,-0.19491976214905402,-0.4662872672847918,0.44230353936351996,-0.6296175101022934,-2.059090737370492
1,B,23.5,-0.5473998370104198,2.339370080916412,-0.7585076790426138,0.31346103142108317,1.7853603279895702,-0.05908998507635005,0.7986001103412141,0.257213173696875,-1.312203334708757,-0.5805820341278606
1,B,23.6,-1.1469071795815122,2.8955480165579788,-1.569740854360086,0.5312929895629034,1.742754475526122,0.5938851302250938,0.1791827189054241,1.0359875076212752,-0.155121669426525,-0.02600014913887834
1,B,23.7,-1.466990965660587,3.3281167490349373,-1.3648512683009277,-0.02398751795686932,2.2580994094933375,-0.1779104106245008,-0.4976501102466664,-0.47251358410141975,-0.010721788735674295,-0.6411575508154147
1,B,23.8,-0.71710764977563,2.3761039880448704,-0.6628607711038145,0.5099100250956665,1.5657233787912306,0.205215198148623,0.3685594047512661,0.7329053378289783,0.4720342718141395,0.23123060388207914
1,B,23.9,-1.0176755533413049,2.768494368605594,-0.8650018441396163,0.16975830722940555,1.959743302064862,0.07230440031209351,0.43568440924705154,1.3793905992314008,0.280362194018969,0.5394504192118639
1,B,24.0,-1.5519057374921759,3.2699187595212766,-1.470460758386667,0.5957040595661749,1.6212243272561324,0.7908870858408561,0.7702233664269285,0.9284965841626291,0.49117836571751095,-0.1323269407578737
1,B,24.1,-1.266663465752826,2.997847444000675,-1.2793437721854168,0.8401510838061368,1.3638212170198698,0.6837482310355955,1.047086291729746,0.16291566095045695,0.9728962347429524,-0.537640974457316
1,B,24.2,-0.30917065692777035,2.202165104886055,0.0027611774470207573,0.4408308523097646,1.5847259163681513,0.7577675479719188,0.1362502391267965,0.2425038400800152,-0.33794444295306975,-0.27165499890461325
1,B,24.3,-0.683891744254759,2.3241238719478137,-0.7975218347748164,0.6402091998446992,1.5258860369161709,0.47279365378466454,0.10266081657380366,0.8958920131651681,0.191530061918721,0.4334966086638983
1,B,24.4,-0.849444515007638,2.775167687046456,-1.0174065920802589,1.2848830543762795,0.8025861399144261,1.17143563389555,1.228850136091438,0.7631729885661616,1.0697062261116468,0.5525559652288997
1,B,24.5,-0.6373143314312011,2.3593741447863956,-1.1306503190451092,0.35805222768555556,1.720612594865351,0.3193620692622108,0.29036781891195385,-0.4490413636774323,0.9685547182831858,-2.240804496369873
1,B,24.6,-0.5000805979293738,2.354784038478027,-0.5990504192089952,0.7609510453815489,1.2917488570711892,1.0636804306006629,0.8459700323154487,1.0750087771930534,0.9839785750390488,-1.3735601916933908
1,B,24.7,-1.0963731216775283,2.9218327767251075,-1.2878481178443584,0.09490156299746288,2.0317521650701513,0.23561265531868178,0.24634483887394285,0.08564875273493056,-0.29200272869646393,1.3663993070345506
1,B,24.8,-0.9503617429663236,2.7743903381638138,-0.8372367910700484,0.8029540853601778,1.4416736306920956,0.6759780950634235,1.0006070559211722,1.426076360477153,0.466615389336249,1.0291554008161952
1,B,24.9,-1.2231251967972394,3.0760569559216195,-1.5944345024698672,0.4635279550361521,1.6441775866372643,0.2246579898361453,0.7047232983278228,-0.5895397193973103,1.477862800151482,0.11948288296729032
1,B,25.0,-0.7940078937717379,2.6409369522036137,-0.6591591502401547,0.5519260854252733,1.6420859670871026,0.23687367895884498,0.9129565743903203,1.1263974760103752,0.6512277512311588,0.002055538294257592
1,B,25.1,-1.219964918940292,2.8240462120527683,-1.197627104139936,1.3956389114249377,0.7225041440536304,1.5842618847261496,1.4730205232729052,0.35158934372082257,0.7866960391228939,-0.546587091551263
1,B,25.2,-0.5410062653853805,2.352144760874185,-0.5098723313990655,1.0387773461240877,1.2399123153312415,0.8795762210798361,0.7697880532431542,1.0235766855906765,0.420930016050296,1.7204570548849127
1,B,25.3,-0.26543771779614783,1.9968788023532287,-0.362065685407135,0.5772694200990922,1.792488434745788,0.8378326242157972,0.6424011564250042,1.4238848645805462,-0.0002458566259272432,0.2404795913995116
1,B,25.4,-0.7111103392175743,2.4916704954803373,-0.3436190772069092,0.6243558234840848,1.5539033339620048,0.3359106276722675,0.7267098064234773,0.6194278442357037,0.885805193494568,-0.34872222458739394
1,B,25.5,-0.9333042127322027,2.502763464420774,-0.995360458278686,0.7356919183407838,1.4395989775857352,0.8921085682524883,0.6591112867644253,0.6124984455763894,0.04113315814630947,0.035213993907059565
1,B,25.6,-0.69238513096581,2.4155102648416387,-0.6828782862131743,1.0879178145983284,0.9992145389870726,1.1323577319846345,1.31529544824428,0.2129040110963078,2.4289116140074114,1.0088311501068914
1,B,25.7,-0.44765546546272605,2.08802766991176,-0.07852557008311378,0.5905982091045986,1.660969589167856,0.6739665342895012,0.1272488668416451,1.3888347108264234,0.25751053169818394,-0.5347697811503306
1,B,25.8,-0.7128005079714596,2.3106130798670406,-0.8239254709984936,0.7979301579123077,1.2681315500644956,0.644656942404035,0.914600805558339,0.15431427506782341,1.0326517321993314,-0.30322204273214554
1,B,25.9,-0.7486985918382361,2.4442709830127365,-0.802379039243959,0.2711449131557926,1.9259346455993744,0.07634889162684394,0.05244410564338978,1.370060609056523,1.4614946081540836,-0.11292956474204154
1,B,26.0,-0.6324099105613976,2.355621482669824,-0.34481148712661486,0.9768286575880165,1.2175723929786855,0.9485781495853616,0.7623646007137919,0.913626232517831,1.0081165523164595,-1.3322763086694396
1,B,26.1,-0.2785292625387743,1.9960575995262007,-0.08051252386929389,0.884088627570899,1.3864498697942835,1.0064702519442992,0.6158336943725182,0.6500974791225101,1.4566866176877342,-0.09020540110761284
1,B,26.2,-0.6727897664533912,2.502467718871052,-0.6811671599470043,0.5887814693580404,1.602635076067152,0.7420537585444003,0.25183467221445127,-0.31064864204390796,1.1034072760876699,1.1753854780938489
1,B,26.3,-0.7737989437864208,2.6743433176388516,-1.183462002904263,0.5942705575043972,1.5521350042132034,0.5218622093003363,0.10829729840362096,0.56331576081872,0.8790336881780423,0.4778301931690827
1,B,26.4,-1.0915181810272299,2.8995356055685426,-0.9173377980120122,0.5324403026038262,1.588296008229877,0.6031455274128766,0.15937061423085042,0.3604294503012906,0.30362551890980405,-0.39804728818908197
1,B,26.5,0.20698815617717425,1.5729660067183284,0.3782827639497852,0.849130586484449,1.277851427810082,0.8466064216877182,0.8548570130546033,1.2670412482434927,0.6357808936058548,-0.028416641478910338
1,B,26.6,-0.10751698478208904,2.080573055024776,-0.3404262536100816,0.3768510192231792,1.7134824906177613,0.2466949979359497,0.5972701986952818,0.14178385648777264,1.3914660276586839,-1.1185572025591783
1,B,26.7,0.37069877891543146,1.451236070681532,0.42887580180966733,0.604160737352127,1.7761966485689027,0.6350590707075267,0.7306750962945463,0.6873511645340951,0.6962450923082759,0.31995664292073417
1,B,26.8,-0.06581903107734527,1.9083216987256222,0.008357606059753164,0.965034833908512,1.2777542745284223,0.8630408216360341,1.0140269543600258,0.8091393087630079,1.182461328793177,0.055725170857990884
1,B,26.9,-0.15706573987597464,1.9324346140699569,-0.23229397391632675,0.5893984804315062,1.810094145985428,0.17517692060379364,0.6520066188144364,1.1769330423455968,0.3413385832946525,-1.5445034291948183
1,B,27.0,-0.48068616749694054,2.1964063458452037,-0.3984338234175908,1.189881751293824,0.9758252450401808,1.4824342386909715,1.2748140048182932,1.1884348611153164,1.553276820965723,-1.6625943424479417
1,B,27.1,-0.09583119288065362,1.8710443421143634,-0.34022767119345104,0.734356973709604,1.3088100345369762,0.7714945012182921,0.7810559200456019,0.8679768832955881,1.4580440912940227,-0.3893835016210917
1,B,27.2,-0.45408813776087387,2.327127316126333,-0.5108408566866706,0.8461818390728268,1.2588429316377523,0.37797693546513905,1.0343697768465858,-0.5955923932032393,0.5926114800762053,0.8229289878338462
1,B,27.3,-0.03463116386126225,1.755803761228977,0.14704991332622164,1.1533398691518102,0.858568665042666,1.2189440257138928,1.3577747982451758,0.5042756977464142,-0.32598619811054597,1.1702892175479684
1,B,27.4,-0.11432356022073528,2.015667268675742,0.023328098968100203,1.4580299560130625,0.6236814475219308,1.793214449032596,1.3717018229816116,0.7391187688451482,1.0610853618410931,0.5391882956651232
1,B,27.5,-0.31189302279519493,2.1473382214901293,-0.6012260490989481,1.476128127536585,0.8352778827513383,1.2576196806528332,1.3944229719667978,0.8564541480369718,0.7422678044709663,0.11213473760300048
1,B,27.6,0.6022600461627132,1.2859019667128804,0.2925160810949349,0.5330082875289419,1.638256278507298,0.7422905546708237,0.6859207937459897,0.9189300008296757,1.9834985062362929,-1.396742963293064
1,B,27.7,-0.4617588178395726,2.3576642297957773,-0.27962238484861146,1.0775006089690002,1.1263254651716017,0.9709153849218716,1.2918649781954004,0.488836219492079,-0.43822420796449213,0.4586220619334937
1,B,27.8,0.1344951971368797,1.7264629293660188,0.5092870809754306,0.9116785100465362,1.3313939166680833,0.944368579486547,1.2161585642442447,-0.1785449156290841,0.2709466420907874,-0.16699966943695013
1,B,27.9,-0.297711016935174,2.1212601985544457,-0.016989410417475315,1.0237365533902556,1.2396086648458806,0.9987917854813402,1.264310831748399,1.0257990341451557,1.0679907289507629,-0.9492470615530482
1,B,28.0,-0.5123628924358519,2.2090258620987626,-0.569163898188302,0.8290987216766311,1.2632948551862975,0.6410988766219095,0.7323717042127528,0.35235445202447113,0.5444695753920251,-0.15951875530894077
1,B,28.1,-0.2969243214584824,2.029930876235414,-0.6206697813230051,0.9074756883677759,1.107102714892064,0.9942684525468619,1.0939379693500944,0.058992162351750976,-0.6233459871816414,-2.540062925965547
1,B,28.2,-0.28642463636550014,2.1941230559862968,-0.367900640670841,1.225589346088432,0.8578433194804334,0.9408911067125658,1.621032545060669,0.22084684272626215,0.4090446133662814,-0.47472459890957297
1,B,28.3,0.164533321970006,1.573783911080264,0.3512351361073953,1.030257630260904,1.1629745145084458,1.1400495225303777,1.144510851377321,0.41935855117700943,1.2674811831776363,0.1246972546894283
1,B,28.4,0.2584304672847441,1.5018635764163206,0.3225940404570996,0.857773833261283,1.3559619634009752,1.0557993283964224,0.6655216460648947,1.0097349917252885,0.3477823988580381,-1.7816641888720985
1,B,28.5,0.22089086034346378,1.4155566187223316,0.1947661197646054,0.9279479924705561,1.2836580007376206,1.0142030820421433,1.3971057768603639,0.21151633715213755,0.8874157342573481,0.520356843978075
1,B,28.6,-0.2763649100728598,2.184001707227229,-0.6298104023667521,0.9677205265940876,1.100085696679592,1.0381604790667784,1.0757221870186136,0.34814969891446745,1.1272804171855968,0.8875826521671567
1,B,28.7,-0.14148563471155606,2.003676276979098,-0.14818515029232368,0.554273352202981,1.6979959431755263,0.5104017432745117,0.5709380904725907,0.8523328375885091,0.44195223952797036,-0.11740652879201532
1,B,28.8,-0.6330307347040774,2.1647288743202853,-1.2882746625734571,1.45708734764751,0.7670236648824755,1.3385677540350733,1.3102716029468513,0.7181419362282615,0.663615157321606,-1.1485298667073571
1,B,28.9,0.3941962078636739,1.325110682115212,0.46344347915286666,0.6378071582797786,1.518174431997708,0.5179375728808457,0.38990864906650646,-0.37234611375475996,-1.0766048998743472,-0.11353755925808535
1,B,29.0,0.376895886515197,1.4143069762729887,0.35386032345716845,1.1106824810267606,1.0436505415636992,1.0118829470283297,1.3264239381698988,1.2277807479737428,0.026748036632010808,0.48698240065394843
1,B,29.1,-0.02118923794001612,1.7675011360323643,0.10309001991703458,0.6597843892861828,1.6009647452236,0.7044264745652444,0.7598554997915444,0.7437400668695096,0.9488953971173915,-0.3788875446537139
1,B,29.2,0.15769389005037218,1.5921974529335752,0.2970857527412311,0.20494630001233516,1.907255995266407,-0.06421560472247606,-0.021069199896923685,1.2021820861761006,-1.151594599461033,1.2565680549651048
1,B,29.3,-0.5215885454552662,2.2217524089003993,-0.29415358511849304,1.1470398447307326,1.0105609892508274,1.0666327560023345,1.537386219604876,0.05998723607759959,-0.3168944568187668,1.454579630367648
1,B,29.4,-0.29206567577937675,2.1692954927446517,-0.3848724634708987,1.0544615039278185,1.0163156695387923,0.7806206004175626,1.036093347229934,0.4737583768190221,0.2281265693069713,0.7833044862847093
1,B,29.5,0.3571884946644134,1.541853119931952,0.08883994550989827,1.1282144856340048,1.1341248311333336,0.6393180291763565,1.2237933171275384,0.07991457225002696,-0.025770953604633193,0.9113702935817015
1,B,29.6,-0.15493672426877428,2.0391139114352352,0.3243323495499495,0.7929250624315212,1.382841078470749,0.995770664198278,0.5788092096891535,0.32587278363218897,0.7498392191682665,0.8819919615960042
1,B,29.7,0.028321148203061974,1.7048000498525722,0.04620366751625342,0.915666775055932,1.3998552758585654,0.6737424367580394,0.8008569245258101,-0.02128033187479217,-0.1020087379457566,-0.0732499490439778
1,B,29.8,0.3703729649142779,1.5415869841481584,0.36076320365800546,0.3193207659483154,1.94783722392425,0.23945215538394726,0.019648708768287948,-0.1407874596157614,-0.42675999553070243,-1.3722759222423695
1,B,29.9,0.24426683683099576,1.504973994507577,0.5374935814291948,1.3203687495383862,0.7278807962539975,1.3347111923831971,1.3060469456868358,0.3775201347183091,-1.1504504306340833,-0.7415854769072503
1,B,30.0,0.4778023200676824,1.2130533997583868,0.6587722735050563,0.30796140637685954,1.9837685695169278,0.3520844797561326,0.2846580577881698,1.2995436928540687,-0.9101798808898314,0.48980124051582646
1,B,30.1,0.6257930326398828,1.1041135662316626,0.6576101442490522,0.5490189718022462,1.8393391843312692,0.4896762583464283,0.42671274919318813,0.06046002310212653,-0.1394324918081566,-0.05727621546975101
1,B,30.2,0.7522981603285745,1.13860042859188,0.567222691341467,1.1018781309236345,0.9070274839192256,0.9452393936977249,0.6773651162015435,0.8413220892605977,-0.32495255108991683,2.5814057048361474
1,B,30.3,0.4757427571424035,1.1343934222406529,0.4956630079703747,0.72300338827262,1.3616523837929593,0.5976014598177778,0.7098103327803625,0.6321902032702764,-1.1591737013248355,1.5548925159581162
1,B,30.4,0.77569840366987,0.9147296381055957,0.5651092727177518,1.1814435698124663,1.1009027185111238,1.007925984113727,0.8271255024202397,0.2784119556362314,0.23638205981288252,0.44422213868825683
1,B,30.5,0.4301019547693838,1.3207092670886427,0.5188576944463772,0.6392546174886629,1.3559178088940895,0.7493615869594448,0.7023212138173269,0.11382715461381596,-0.762032762994352,-0.07096097872011004
1,B,30.6,0.14078652447115014,1.6005493882290167,0.01633896965814391,1.0363194603385204,1.1671114279555033,1.0930141530885467,0.6875092485949068,0.8500051937544184,-0.21459363933196623,0.08646065169887415
1,B,30.7,0.6521074892219378,1.1408067210268473,0.4681248211751059,1.5169445326403244,0.7018863355287559,1.5548330190313886,1.4763512187572245,0.5389401389465792,-1.3834764644613107,0.7952513868865673
1,B,30.8,0.7577521285924513,1.0317435833997988,0.8845465342920913,0.5676393419007469,1.5580191705307362,0.5616617335600764,0.692003554312174,1.1145375439322958,-0.9423398216922984,1.468072480175857
1,B,30.9,0.9377952693992773,0.7352755076442703,0.6962149106840575,0.724695514648522,1.5197247018104232,0.545705170428995,0.4046226881353866,-0.4380451791122161,-0.9322944437677356,2.175038197692217
1,B,31.0,-0.19358189045776508,2.100800128217791,-0.2210890354588548,0.13845520854583326,2.1451915490741733,0.0490181523394564,0.202510738236714,0.2178919776797916,-0.844197381205517,-0.6349764591356372
1,B,31.1,0.2740459577482378,1.5006020891712335,-0.045172230520894974,0.27481994376794844,1.7684317446521436,0.4908112538182007,0.7694029296310221,-0.3778025756677603,-1.5780693149776608,1.339614740733224
1,B,31.2,0.13698457612418197,1.68253362921305,0.5705930180002299,0.5646718705755471,1.565194237550481,0.28891490329996283,0.46552629924327626,-0.3034800821253244,-1.4289415591012578,-0.4634059603349947
1,B,31.3,0.8498736091538055,0.7108190633265943,1.0101231963693447,0.24821300852587708,1.9233073832976761,0.4312759560736521,-0.03701854443840591,-0.23613932735320667,-0.9207951538199666,-0.02814014785220817
1,B,31.4,0.17675251981342677,1.675968327404375,0.27578927151929444,0.695885808228402,1.2552078409509941,0.8908218134637474,0.5033261175030971,-0.34971118758203534,-0.011311063249245912,0.30919710986187443
1,B,31.5,0.04005355795467913,1.6760451276776283,-0.1350576935085915,0.357890083503854,1.7662584249592492,0.4753132022320101,0.2722160466166606,-0.6801106135439808,-1.4879730469888606,1.205899171463835
1,B,31.6,0.6700897514916477,1.1355963029470417,0.6669472347129085,0.6638376208803423,1.2511767584441755,0.6288873367645258,0.25342243694125766,0.5430289552770587,-0.9807574265295566,0.6724381874454842
1,B,31.7,1.2947087670472819,0.3996255814381322,1.2311736261158888,0.4160298278926597,1.6485240501733118,0.4382397522303668,0.11145130480319121,-0.5693543942882392,-0.9255155352646826,-0.7133192764477405
1,B,31.8,1.0128255754861728,0.8529585561359458,0.9509971759154584,0.845617329465298,1.2110325826598918,0.883042221232794,0.7971014319008135,1.1054871806027644,-1.3703594005685855,-0.6499926533907927
1,B,31.9,0.042575870976566454,1.5642384938474925,0.2943522308843474,0.3558393668783678,1.8757976014612685,0.37507918368220444,0.26574798166649316,-0.29237860759322526,-1.792284333504013,0.826788767225463
1,B,32.0,0.7249321092850485,1.1764406051435579,1.0680010257785357,0.09767813108292583,2.006945167706339,0.36798761789494905,-0.051673180876395025,-0.610496361593439,0.03625658446323654,0.5202841246227548
1,B,32.1,0.9071915418924476,0.9338080560550486,0.8042056143982972,1.1799051457943395,1.0442331764042825,0.9624673279658714,1.6624924486637418,0.8694551269091726,-1.0996709224810983,0.25979611844909867
1,B,32.2,0.6123262771521039,1.1493427515129206,0.30579292794754687,0.16169588154839132,2.1493805351332753,0.09301362540492979,0.2825500592526346,0.46689122190716115,-0.5991587665798063,-0.6629328450076475
1,B,32.3,0.8212000179736691,0.8395063180349966,0.766666636392623,0.5153537020640995,1.7760786642376218,0.7706727186142677,0.3219179842558866,-0.5960294651458268,-0.9159329822756317,-1.4954311046307192
1,B,32.4,1.3842047409211853,0.4672657420560351,1.6514267708931487,0.2256203624026027,1.9000135940394764,0.3102216207710082,0.06194165366652776,-0.47210704663284064,-0.7044021704789096,-0.9979605804907665
1,B,32.5,0.8432532490094626,0.8021119958001045,1.2695956298522972,0.15575761547539177,1.9887594137965423,0.06752121308323711,-0.054666063813514965,1.084444332911897,-1.687472923494628,-1.0342920431299705
1,B,32.6,0.45513013261545515,1.2042711568968578,0.5434225302843098,0.3115383990836855,1.7593611590747342,0.15132274993835518,0.024809174627647812,-0.6151380449377202,-1.4914450382896214,-0.30968337914979666
1,B,32.7,0.9953872683091018,0.7295599987516881,1.0241511471738736,0.19225777500368807,1.8935790698582222,0.3265246748064571,-0.116034112382913,-0.13472264807420714,-2.0590596601300812,0.9661943177961468
1,B,32.8,0.892097147781051,1.0370570609545768,0.5385326277399598,-0.17377622698250061,2.432525038782906,-0.09764165720032886,-0.44726723361317033,-0.1134562959060821,-1.878181414797539,-0.7039021718117158
1,B,32.9,0.7643237967612923,0.8443433807405547,0.5741599292214877,-0.3082816339538542,2.2664716705184156,-0.7775200797957016,-0.8827864286111516,0.7756983129367889,-0.5451621505828557,2.775028176401204
1,B,33.0,0.402849928285735,1.5411871127378214,0.21807767709615494,0.16241519552504097,2.0261127517285042,-0.011841620597383917,0.5525512511620514,0.7478021430940731,-0.8674692156095625,-0.2632133269549047
1,B,33.1,0.5540491142254935,1.3539877245599743,0.46444119836825337,-0.32127089521519414,2.4195053490448846,-0.545062397398654,-0.020098237264043917,0.12864005574786436,-1.8090641444997635,-0.09697191953462794
1,B,33.2,1.3535113826621763,0.47701926427763164,1.3254493786666528,0.28198104422918463,2.0357692708556683,0.3072218803249952,-0.3435849063954984,-0.5703697068397723,-1.448308870430692,-0.3039553037537079
1,B,33.3,0.6990514704069177,0.8612620198482751,0.9721025849278113,0.12037618220615084,1.9650748044318513,0.2494797178951946,0.032782083757227076,-0.021202720316897773,-1.5913125787605118,-0.5798965017115909
1,B,33.4,0.9579650596573179,0.9214465485932166,1.0669645037332554,0.23704496092918861,1.8229982433692207,-0.06716857510476901,-0.13967196562264553,0.4337284688616661,0.13526289336746977,0.16229336841634195
1,B,33.5,0.5166491808282605,1.3359774268910591,0.6618136486479749,0.08287325156606179,2.158160608776373,-0.10531271504487916,0.8692576105789462,-0.4034683532755243,-1.2331075494030008,0.20776876512952858
1,B,33.6,0.7589173626071284,0.9368039405618026,0.6673364115708765,-0.11665465702273363,2.2609376772765275,0.09960917293615947,0.20419026503541327,0.7813003174869956,-0.47391835429078594,0.36149856274444236
1,B,33.7,1.1047928928226878,0.5560087837114462,1.1462051484908287,-1.2824886938414823,3.4296383285544043,-1.504557624504039,-1.2105964275439778,-0.05501510697508566,-1.0838110102557814,-0.7417431323290506
1,B,33.8,0.878081024369627,0.9862445216495831,0.9477586571977076,-0.026045495556253753,2.0686619408259572,-0.08195138579573108,0.2588006621671448,0.5680958865013241,-1.5705942881719135,-1.744564381475441
1,B,33.9,0.6695200116000735,1.102691008404626,0.6810359920333826,0.20761410358994062,2.0060353254359145,0.23754693117780082,0.06718116776767921,0.22885862938698628,0.4995229419412105,0.051156507866011516
1,B,34.0,0.6833104200793318,1.207469312487778,0.5638438835133046,-0.27235548827205264,2.469262652151345,-0.3973172455739924,-0.14080899574602154,0.061445843399615695,0.12796654471169255,-0.9972258393052049
1,B,34.1,0.31514910944439534,1.7524620337657382,0.38256196819965166,-0.32647729372060824,2.48773158444565,-0.4313075970567262,-0.9510769693104975,0.04516343820739882,-1.0710619285093923,-1.1038892195830983
1,B,34.2,0.8203595032460165,0.9986960506968224,0.8021066112723672,-0.022873965867782398,2.4228707946009744,0.1737675240956133,0.5711904645559502,-0.23329681439390404,-0.46037835799354493,-1.295351204786776
1,B,34.3,0.8733191011052776,0.8351183496554739,1.0356729124406923,0.07084306222434766,2.2112359914954625,0.13888955049108284,0.10439517297514542,-0.03167973270363955,0.009294217667667914,-0.3532078415606697
1,B,34.4,0.6979363769983233,0.8037589913577614,0.7680654406986354,-0.5872663574297698,2.6956053632653667,-0.33372456465170064,-0.8847003332573788,1.119949723244906,-0.4824998470018614,-0.1922559278910018
1,B,34.5,0.5463134555570056,1.1157064609105798,0.5934983178659414,-0.35550529266961295,2.5898399299283525,-0.25635622909214295,-0.8785146805044893,0.7481638525485015,-0.26343321609749504,0.4215692685595567
1,B,34.6,1.5311882320016625,0.38321872774257426,1.54667456976307,-0.5947023940238698,2.9116776376206936,-0.5131840127711239,-0.7138088244934906,-0.26195743891898376,1.00257815877804,1.7586330396316545
1,B,34.7,1.1124717846385337,0.523947693505278,1.1085696036311832,-1.0161140392193944,3.1607147283547934,-1.0809465982604585,-1.457836852099291,-0.49664157967000877,0.2423167529094753,-1.3168550708606876
1,B,34.8,0.7453498433363398,0.9014951335580905,1.0578279730556102,-0.08082604752040584,2.303908336681197,0.11324718569252479,0.3443645494348702,-0.9222394932988978,-1.2877158176407235,0.8364836015835011
1,B,34.9,0.9487504096297392,0.9435392866271551,1.018710436323256,-0.3687539679721388,2.6105129469755006,-0.5195356753269763,-0.244838789349805,0.5402386590300733,0.11559682215826378,0.15867075967368816
1,B,35.0,0.9311649209835575,0.9137709223252483,1.0558243511713994,-0.3322877234965046,2.624664627578265,-0.7855156570919504,-0.692618281516215,-1.4597628928076203,1.2795111646869366,0.33489996326377436
1,B,35.1,1.2457788775761038,0.5660646602766484,1.2417436369160635,-0.6853116762838362,2.895607156696404,-0.7554708564372813,-0.6917319856615444,0.08067602309615093,-0.7479831707126656,0.32047963885225583
1,B,35.2,1.0718523468776198,0.7717246156327136,1.0672089918586385,-0.17366606618105918,2.5609518013511345,-0.4007568482473489,-0.10508613585536415,-0.4651613145484898,-1.0418041161423488,-1.0116473196659288
1,B,35.3,0.6860342000545414,1.0726636149842677,0.8179808370744276,-0.4727611842660817,2.588295056085162,-0.8471054807446942,-0.5417907990001332,-0.16305920312189287,-0.1932533107234465,0.214066515175652
1,B,35.4,0.8412327803590307,0.920265539830772,1.0548462608642015,-0.6985512413380954,2.779963067342266,-0.4511444051321596,-0.5591479034077806,-0.2714802274853374,0.6961928050612025,0.15585598697365793
1,B,35.5,0.9201856789445613,0.843731515407898,1.0100120999123974,-0.6662870671809138,2.78030853503725,-0.5736694246518987,-0.4801051599102346,0.5385229202291397,-0.16261557064005694,-0.054818363903169236
1,B,35.6,1.0750169985879006,0.6889362780601143,1.1187560363997653,-0.9680311705351925,3.0499329638822688,-1.1348092728847092,-1.0007858636114204,-0.0847142792856233,0.9853856321204131,2.4002339060901705
1,B,35.7,1.4401492258142061,0.40171623843409066,1.6333957428346502,-0.21391158923338566,2.43227752596574,-0.4857769934762582,-0.31623310958900364,0.30089089820493276,-0.1106619188806118,0.4569392490148808
1,B,35.8,0.8732447150217418,0.9079833363428202,1.0455162023734306,-0.6546133411308639,2.8488709433732198,-0.48035366290566417,-0.8564541315087694,0.3423708697334489,-0.03802520691364014,0.32531013875435477
1,B,35.9,0.829595231116538,1.20985757410422,1.023845074249982,-0.757788071374871,3.1628901978368376,-0.8961889074940014,-0.41642995573825287,-0.4796301211733417,1.0443651477309628,1.4724234033725223
1,B,36.0,1.3730268803961834,0.4902558671902508,1.2601795050633529,-0.20381872469518997,2.5007039859791655,-0.34113976686433417,0.04457687567832877,0.662589038825252,0.8965872510469335,-0.7089111775312753
1,B,36.1,1.2315331420678917,0.4365341253665156,0.9226939778133165,-0.2601256812734703,2.437760519929082,0.2315625855359708,0.49147709060737405,-0.4035837599808895,0.3675633529149047,1.0791245417828104
1,B,36.2,0.8146847679394581,0.7711682097606454,0.9110958166836073,-0.840952809648181,3.046598381841201,-0.6094170348404542,-1.2989440846556812,0.23965376235106722,1.3482231629797465,1.4508906569938804
1,B,36.3,0.5322879568207779,1.0289793125358406,0.5079769967803037,-0.8364749257833439,3.0491560272667773,-0.8549399427951682,-0.8693858868834905,0.434230495726582,0.7086244207582303,0.05999861772264492
1,B,36.4,0.7868600189672756,1.0128976309137019,0.6851368053161361,-0.9772401010626777,3.2467180098559285,-0.809928772106611,-0.8025487790509706,0.16179379247876807,-0.05554590889742417,-0.2628245160494908
1,B,36.5,1.0461943911754705,0.8534595078315496,0.9840488094569718,-0.41010367602117787,2.6560661093475177,-0.7594609265629249,-0.4363206515871337,-0.024739811934994527,0.6783825161022575,-0.42410406369770676
1,B,36.6,1.6329583273765296,0.34214972822878087,1.625925390351345,-0.16097048324457075,2.437394950022682,-0.4522761449174325,-0.05206006735244477,0.011011253511439056,0.16827427527130018,-0.2489299622714936
1,B,36.7,0.7392093326894835,1.0337089661015002,0.5377574381649528,-0.9624719006404954,3.112602889343715,-1.3928891326332948,-1.4966209942433375,0.18115556783762182,0.37907042216771614,0.35168260379371613
1,B,36.8,0.6983158936577126,0.9249555062464567,0.5018161937834744,-0.3775446686226017,2.6415448414699876,-0.4182749603838798,-0.30067671051148487,-0.48497622114989114,0.7446069693418591,-0.1646797239714027
1,B,36.9,1.1376383400601513,0.7191067372077349,0.8787179167495263,-0.6865067837267559,2.807897925227465,-0.7143153107969573,-1.036957351011247,-0.19080902648405945,1.1993014097044064,0.47318710607478803
1,B,37.0,1.066459399952107,0.6188106528007742,1.1150701437597088,-1.6662109342378228,3.856050234166018,-1.7441882360913115,-1.4484752931788296,0.554138564473768,1.20011326734162,-0.30997915026845574
1,B,37.1,0.7233659792855422,1.1137251919995728,0.5096985473459891,-1.131554654154452,3.325051167795012,-0.7802895880748313,-1.4309280667622308,-0.8100427011534799,0.8800392257713221,0.7264347890344635
1,B,37.2,0.7624513646317164,0.9433235994100727,0.5289732248941952,-1.0687105109772064,3.2328698286316584,-0.7115101445898142,-1.081351486018073,-0.691607214226021,1.9697458145847486,-0.1385964151418006
1,B,37.3,0.9719721305655951,0.9162418383740403,1.0342525600058128,-0.9326823129845324,3.1761370302217418,-0.8594636743684576,-1.1473432262776297,0.34740386221116976,1.622170294547915,-1.4170362735972335
1,B,37.4,1.4374687087147184,0.1257713964337115,1.5262704678190313,-1.6025786054394948,3.8467113022797417,-1.8848730774345266,-1.759975468485402,-0.8325666060251529,0.31892145148692774,-0.7804547972081215
1,B,37.5,0.3723272236495351,1.488978997237969,0.32270925412583107,-0.6803230101898724,2.7663799102981623,-0.8609340874590794,-0.9001617288272848,0.554235283927311,1.3415449933720955,1.1962630783507127
1,B,37.6,0.8235502468672318,0.9230073300409831,0.9072410574333482,-0.7694471205897114,2.9735719117269177,-0.7617695836536881,-0.6472087573652945,-0.2816948058234742,1.3031587899578991,0.3200271591629286
1,B,37.7,0.9352734517143431,0.6719083426302261,1.1815516457602666,-1.0941147295080635,3.2422485766764466,-1.0474218381194502,-1.2580864123811084,-0.22491374567594888,0.6176053467744962,-0.7654607713564505
1,B,37.8,1.2312163412511348,0.4680690122559601,0.9768977434593995,-1.618461950698097,3.875520544984613,-1.5749599026619077,-1.4252438278537278,-0.33987101645546813,-0.14027106419287982,-1.3169819805751726
1,B,37.9,0.8474359803863758,0.9835771957630044,1.1458936764473338,-0.8412242752230601,2.925632717926632,-0.6707706040607203,-0.41898680652693937,0.3509177826941716,1.4284332649858333,-0.3154281998119767
1,B,38.0,1.2804357223912417,0.5550250279714364,1.1337238068373745,-0.9429833672835961,3.3319789141096168,-0.6215686641927833,-1.0026335660734278,-1.0236938847738979,1.2724112074677416,-0.190143892005555
1,B,38.1,0.8708544352667482,0.9255773230016678,0.7548644049669455,-0.7361543873913197,2.8315961202956617,-0.942907026725889,-0.7791754779261056,-0.889198257251917,-0.5309773212573525,0.5420185357952327
1,B,38.2,1.424919323933489,0.2849528120910765,1.8242723832467136,-0.22475380802313438,2.4860473102957847,-0.35253289631808615,-0.9644865136356191,-0.2904807776011867,1.6329060315159316,-2.286773792437826
1,B,38.3,0.38538560563214896,1.4156118591211335,0.3482071643132632,-1.2624794380158966,3.362161560738076,-1.4386702417746025,-1.5650658487607423,-0.05113356155678661,2.0454738655832023,0.794909561073365
1,B,38.4,0.7520050866008463,1.2021406458580222,0.9425365617837117,-0.6195553100577059,2.818080515946221,-0.653702452281734,-0.7762503644208129,-0.7084582200533805,1.2391477581252235,0.39821362654900555
1,B,38.5,0.6173840691923891,1.0413256598408942,0.8634313711119477,-1.2452237540031241,3.487076938123937,-1.1487065617308367,-1.096490351247557,-0.14895589454146818,1.0668845926716861,-0.05591924100693085
1,B,38.6,0.8419503420069019,0.9682813063184975,0.6375074855950965,-1.010912143160342,3.3179099142258073,-0.9596984301511586,-1.04204083083327,0.01611677074080964,0.48175261322647184,-0.29889856002357207
1,B,38.7,0.6238173629707929,1.1596577322820842,0.510161248547434,-1.3438681066728488,3.5804446032404096,-1.7455988334753152,-1.0683783985915227,0.2230937413227182,0.20220263630711532,-0.023403507698661712
1,B,38.8,1.105565030514554,0.5182428768464038,1.1250197638495065,-1.1894724338184166,3.2431722772204763,-1.5385532945950167,-1.464489923110142,-1.1248181892919127,0.517944986797121,-0.24183566359942033
1,B,38.9,0.8267381815438966,0.9663209758809052,0.946131379910718,-1.0879312359025521,3.3849669706083256,-1.0831370234860629,-1.0917765275692966,-0.9977714448029967,0.7398531606681715,0.008676457874453253
1,B,39.0,0.4407846886336589,1.3655349758664201,0.7837846444147528,-1.59157719669501,3.7863400088944,-1.7264730125650594,-1.8813600450516348,-0.6716987052400487,1.43640519185075,0.9042526768837982
1,B,39.1,0.7220772594583958,1.2280019309229928,0.9781705240595481,-0.05485351090476687,2.2148103453289036,0.21236056906497913,0.17236703101582804,-0.041334621695039875,0.8612564117480883,1.0764984008915137
1,B,39.2,1.0152979239826712,0.8377448975213917,1.1061945876134684,-0.8080737794031432,2.8568228166263725,-0.7655266506589579,-0.7827422237532082,-0.4995214062754625,1.1956424641579997,1.042000946466449
1,B,39.3,0.9080597499655693,1.0465407660478414,0.7035212978338343,-0.9321762143053154,3.195919491654088,-0.4380175317406498,-1.1184467342894875,0.03924528565486507,-0.11277610438623165,1.0050126236023107
1,B,39.4,0.9153459444453558,0.8693406141869622,1.2704357070627752,-0.924419221852947,3.0371826888134623,-0.880484487831314,-0.8323124050567224,0.19513370584734008,1.1642990789502357,0.6532264031425525
1,B,39.5,0.7865194920093851,1.04018278022905,0.8822301873289157,-0.8627139219637991,2.9941466816831337,-0.6595180819881985,-0.7706445875985795,-1.3798724844750325,1.4019052019994085,-1.6423280573578625
1,B,39.6,0.4160129858193388,1.3998364736780209,0.3574246908289027,-1.575673814649908,3.7127498961399725,-1.4524643486049453,-2.028629564084534,-0.39296961705267036,0.967578382062837,-0.8942978514396797
1,B,39.7,0.4064602547058248,1.2634179063987916,0.6214024391312386,-1.3211364964916026,3.536683064874101,-1.5764396213683574,-1.4469693653441356,-0.6597220491052632,0.0330960489649591,0.6918868939135064
1,B,39.8,0.24361845889729045,1.5644932348976948,0.17238497296585265,-0.5973323529352395,2.809405334959565,-0.9770762623087846,-0.146886247152132,-1.9299406334939264,-0.0033556080638666996,-1.6740880744157196
1,B,39.9,0.28590883829446134,1.551439432824521,0.19878191910324283,-0.7909054814471577,2.8802917492766187,-0.6697351006249954,-0.8685495679107621,-0.24236761673351087,1.1069866099595096,1.2437327738280861
1,B,40.0,0.4788053036791926,1.314107427434483,0.28050010803820635,-0.6342075962778893,2.6298811359244945,-0.4458315119624345,-0.7838311659557258,0.3232206068634015,-0.2152500920777327,-1.3787118462393992
1,B,40.1,0.9237353240795858,0.8005765048628332,1.017615098481711,-1.9333880656129732,4.1949122070451725,-2.21079864117753,-1.9570620221808217,-0.6812995905346132,0.6728965699910092,-1.0919124170428944
1,B,40.2,-0.01503986553925718,1.9035183197716576,0.07375852613391569,-0.15954095502793098,2.4366128208897035,-0.40954981011723984,-0.05960224932435411,-0.9107429242866032,0.9935322618977251,-1.4151345055210902
1,B,40.3,0.07660323938005797,1.8092926785552095,-0.16705037320267402,-1.0769341802486545,3.405282706009171,-1.0636909736121292,-1.5649875212762387,0.10388349110975847,-0.15179773775253907,-1.6133919688670075
1,B,40.4,0.5669409097412796,1.1836457053779545,0.8956627606226323,-1.244335929732979,3.5757578969105075,-1.1007804346659686,-1.4488773532117802,-0.4835284663007789,0.2609603146931853,-0.8496377011209536
1,B,40.5,0.8567568902567047,0.8465210482351161,1.163037797674454,-0.9448931728108557,3.1565889057037753,-0.9819471431054337,-1.3703565872661008,-0.32399924858611534,1.0294616778899686,-0.6739487568526372
1,B,40.6,0.3884294643711599,1.4679695741727414,0.30771088350077397,-0.7842732353556634,2.9704288644523142,-0.8056719129936383,-0.6102117999984726,-0.3984873673278654,0.5621043116038056,-0.3626626798705335
1,B,40.7,0.04079457043729279,1.6069582728180238,0.3153325506831529,-0.7795613824919897,2.99487627170719,-0.7745901462649836,-0.9607993173701018,0.4016046454990594,1.1899622747555503,-0.9776774845113017
1,B,40.8,-0.5229477183153478,2.4079484666037594,-0.4091740787864671,-0.7091872549845324,2.9711836723115774,-0.26680280881987484,-1.4175191079436762,-1.4679214589821665,-0.3749508389029378,1.4432867374456815
1,B,40.9,0.5976003154822653,0.9866120186852283,0.4837716373931235,-1.5284600744944994,3.5911541166720884,-1.1980820834051285,-1.3641203011581404,0.2856356948692902,-0.06885022045850017,-1.4872002291278017
1,B,41.0,0.38459065300295336,1.434759917442881,0.4066073435113491,-0.8141275980693488,2.9946424199863415,-0.9482196402967034,-0.5317742573058448,-0.42356605937996283,-0.4915967535236525,0.0899232038465937
1,B,41.1,0.503241952886982,1.2455408922033804,0.25608652861552217,-1.0913071612877068,3.399638398044334,-1.0587505200705074,-1.3396916515798967,0.427765791333805,-0.06434013021362442,0.40467871097990604
1,B,41.2,0.2221384616841057,1.552093090738966,0.3532298285365119,-1.3124813679175444,3.5355750199003007,-1.1045747519686104,-1.1847824530715931,-0.4705654528863249,0.8549309619363276,-0.1237906388641559
1,B,41.3,0.3625727995571376,1.4094257869962186,0.26088988367202187,-0.7444727151848063,2.769892878946448,-0.856066945505905,-0.6698033560637813,-0.17947292056202885,-1.515071732209712,0.42323388560075326
1,B,41.4,0.6694518051815113,1.0904051260971142,0.22768269772043348,-1.0004044699984256,3.2044423738703895,-0.8784271623096809,-1.2021834546586705,-0.1422936433661282,0.3888287006517345,0.5161068078985209
1,B,41.5,0.4273127454334811,1.289165111705426,0.24407272065341598,-1.0479486569611487,3.2580188501774385,-0.6309935567030411,-1.1136615375914376,-0.701071201489122,-0.7937296834997196,1.2612680582842666
1,B,41.6,0.4099121095351136,1.3041509591368643,0.3461292185228425,-0.7046851448647973,2.889942288074848,-0.9913916746554059,-0.765987034161817,-0.47222355109478104,-0.020859198692504022,-0.2462584889756904
1,B,41.7,0.16546974016416438,1.517653746516924,0.4481445521794746,-0.12812664543238061,2.107180835511029,-0.3283170881595461,0.06828692764909675,-0.2220778942894613,0.10144799264104248,0.9063912633845448
1,B,41.8,0.3428345287023123,1.588578626827263,0.020499733244309593,-0.45542970253214554,2.8288505868524596,-0.43120461544857075,-0.8835719449986945,-0.33647897018416034,0.30740339555199486,-1.3405905302552057
1,B,41.9,0.5310704534285021,1.277232275111366,0.5382220830028623,-0.7774627564584069,2.957296219517641,-0.8563675545952932,-1.1543729910397573,-0.6211891062240994,-0.21265512336951953,1.4539695131214374
1,B,42.0,0.04321281355564069,1.8224613140461106,0.03566006337927082,-0.1740440066519528,2.4013158414135387,-0.12158758603098278,-0.1900648483278626,-1.8678675157331535,-1.1218617143404772,1.1910101550058687
1,B,42.1,-0.47558442621954594,2.211064814943142,-0.294205940542778,-0.6682386457677673,2.864909495734354,-0.884698554556353,-1.1084574123302247,-0.6970983548369022,-0.24548427447287754,-1.5620258459338614
1,B,42.2,0.2617448724448619,1.344252582470149,-0.11532737035309848,-0.47234303858140614,2.8236040889202285,0.05999109120790591,-0.5019542567845928,-0.5180699268514882,-1.3319670660091287,0.014799674660556907
1,B,42.3,0.17240993021815154,1.562473617901526,-0.06121065168452633,-0.8366203844515598,2.836195035494825,-0.7468552552870037,-0.8358986957769851,-1.130085538767745,-0.8501664305067623,0.9970680878495737
1,B,42.4,-0.4037566818803167,2.101659220184846,-0.2576699888461491,-0.8710521715082902,3.072110555045807,-0.5719434765503739,-0.7390934949819543,-1.7229722527121272,-0.46606343467737754,-0.9301574605637956
1,B,42.5,0.4577191027782669,1.425029794264782,0.5375746510737555,-0.43056667088112216,2.6711117918599934,-0.8907023177873563,-0.6201553531321542,-0.3576657158742364,-0.5215274944765091,-2.003285504877147
1,B,42.6,0.0015712409782169534,1.7969429676644162,0.09605107764404232,-0.43227905029763153,2.5563734449502613,-0.3761297630480142,-0.23010866958946735,-0.6823296096516677,0.32149952334557985,-0.8764270418691764
1,B,42.7,-0.7173883763200453,2.5189977411080307,-0.8348847354190988,-1.0781890819870146,3.30427529194707,-0.784161042178819,-1.0818163027569232,-0.5424631532907689,-0.881066321973953,1.2204791484576465
1,B,42.8,-0.43705780508265407,2.4030548619562566,-0.36333947599403793,-0.40415268391483217,2.542073369852054,-0.30147718143861624,-0.9030729959206882,-0.2938851643382655,-1.1877263494536394,0.05175056634328907
1,B,42.9,-0.1273394322920038,1.822044663386852,0.11790443946757878,0.27502195317771927,2.013552956898395,0.05922058297417743,0.09449256253964874,-0.8316326271128465,-0.2500062687843235,-0.04850655864761259
1,B,43.0,0.2357293300171675,1.6530328760495834,0.3123402472856869,-0.30953382612400443,2.4224003968157017,-0.5359590059974387,-0.47443801290989507,-0.8855903723567103,-0.9606768081132545,-1.2852183753010937
1,B,43.1,-0.15011321638042163,1.997224195995867,-0.4370218462076139,-0.6234022186949308,2.869622694508857,-0.7460952769322216,-0.6908555131169078,-0.6665019906492304,-1.2025646006032158,-1.7139513827317392
1,B,43.2,-0.09942066270270371,1.834770422744549,0.2969658104722762,-0.3878965546366612,2.483355203585367,-0.16908239118752044,-0.007008391008651194,-0.9756849143976546,-1.5080555016199193,1.1543313771376467
1,B,43.3,0.07530570182704983,1.6683232218153057,0.15710835079109498,-0.5625200233749438,2.6678038198386895,-0.217891911393569,-0.5906794081667306,-0.8497365090145612,-1.4432142656785376,0.7279914616627445
1,B,43.4,0.09626369889281114,1.6971184470605813,-0.072988583705978,-0.3452690346727256,2.549745250697479,-0.6319940503054666,-0.36411855650842,-0.902955024266909,-0.8594434462973884,-1.302529035662185
1,B,43.5,0.10131175486866942,1.6576255995547653,-0.15316219717501425,0.2574669754240365,1.8965620196651454,0.7000511448122833,0.4485304088207376,-0.6713820086371101,-0.7146992863375268,1.0798787549219304
1,B,43.6,-0.6629625852156246,2.467311703646794,-0.32458869980799765,-0.5461097430105762,2.734091623749961,-0.37022069396772805,-0.8917326342287816,0.2946814493672877,-1.46973526021051,0.4340315674252372
1,B,43.7,0.3060475160542615,1.5770349644498514,0.454071725757359,-0.6688747748184988,2.9798031067382875,-0.8439669128818268,-0.8591255608193141,-1.790542360038869,-0.535383680481947,0.06487068276358067
1,B,43.8,-0.7028988423289105,2.638153660430422,-0.45228911803873006,0.15472180808921754,2.0314760292244034,0.7076260853733399,-0.4462770755874339,-0.9994155677527069,-1.4906609969702012,-0.9756253942055043
1,B,43.9,-0.07968209412323438,2.026109182791685,-0.0924660613651403,0.3215386954334414,2.024259063785855,0.4419254275228854,0.3057931574960405,0.28631518235814724,-1.0646780735568273,-0.26228720157954233
1,B,44.0,-0.3378251222441306,2.22420246534596,-0.7191150347798676,-0.11025030631243125,2.3920709195908323,-0.10833482934348503,-0.22666704400894205,-0.33941222880067085,-0.2763863892170979,0.6745706131344239
1,B,44.1,-0.2002172611953163,1.955413865403211,-0.3758956405057802,0.5501579070217183,1.7803453657506314,0.6334698927229792,0.9609890319146555,-0.34151775501022963,-1.618300953716099,1.2321002111032582
1,B,44.2,-1.1765517006582198,2.996774484275738,-1.0890184164986862,-0.3775382010814199,2.428402828732376,-0.5403449904178113,0.07780791364444528,-1.523281542588586,-2.003452651562995,0.11321300314144575
1,B,44.3,-0.549167829281749,2.2824942878136305,-0.8155132817003736,-0.4058150103211611,2.774720232443763,-0.3833337076841494,-0.7707457583625809,-0.975343800569065,-0.8604310398393777,1.135698249943648
1,B,44.4,-0.6134632583708104,2.39342108654482,-0.7141521159268774,0.3116431334978227,1.7762182046962878,0.2564723903070898,0.25225176292470564,-0.4473369013557187,-0.9014344958301638,-1.157132169774451
1,B,44.5,-1.0132278915300617,2.7263657039882823,-1.2069953499031212,-0.19904997541308342,2.302745049471431,-0.3218916829841384,-0.6552515594135079,-1.10519116485922,-1.2328965883031289,-0.15069600748241777
1,B,44.6,-0.42676168866909664,2.093615904517407,-0.4980521692913229,-0.0161940643400887,2.146132535410447,0.38772688718355103,-0.2531408511846605,-1.6019728752419604,-0.9983640278176676,0.8843286970948024
1,B,44.7,-0.4133265123759628,2.3259553700519504,-0.4717419253123935,0.1120431674564825,2.013778775582402,-0.1589834406926257,-0.1089897027362876,-0.174662417698643,-1.1909209015283042,-0.7215314229268126
1,B,44.8,-0.72437687420134,2.4850758330511162,-0.8690050754233879,-0.08574858734428947,2.333965531496401,-0.3256444690427691,-1.2075639466346932,0.30334865718936843,-1.1540184644279052,0.3841265279134121
1,B,44.9,-0.4771265676800286,2.257333312436504,-0.3230918368704837,0.684489611482156,1.486457324633038,0.631574012375235,0.7547371877502747,-0.6001825905029334,-1.2854179365248375,-0.590244262257093
1,B,45.0,-0.5776838896150196,2.2201940864421514,-0.2701733862746578,-0.30862009422314995,2.665051596625125,0.05029255840981245,-0.28460599570719525,-0.4114877183958981,-0.8906388752056427,-1.0123082487815764
1,B,45.1,-1.26074535194032,2.954909139464335,-1.4925055382319172,-0.15212944020639427,2.3232053355776587,-0.05493040658434782,-0.3430672378463249,1.078622428164627,-2.7565295047821015,1.4602905913165394
1,B,45.2,-0.9884131953676718,2.7737169923148457,-0.7615165094355061,-0.35139600747982147,2.573222824890189,-0.2208916527205367,-0.5312069673967608,-0.29826948375927775,-0.9690811705096933,0.6057467001577935
1,B,45.3,-0.4620126580976579,2.0981688920257167,-0.6517588000079539,0.14038886003460815,2.0850246259691443,0.04834192665769635,0.468764314555666,-1.2291566000718832,-0.677146554060911,-0.9083951419926541
1,B,45.4,-0.7362992909189572,2.5384573107549055,-0.9206474339525083,0.4681367202570465,1.6210148480264825,0.32866650543355946,0.5351256045283546,-0.3072636587898706,-0.8983607858507153,-0.40724799909955434
1,B,45.5,-0.24221180391897862,2.105148862908594,0.08256726707303336,0.17108127106438015,1.8649987903490148,0.13402229244694328,0.29442474197900975,-0.5506453736916618,-1.547242201766139,-0.11245552042499163
1,B,45.6,-0.2367975323671802,1.9761183131831452,-0.6171026971316147,0.7409854463730021,1.2987832401441,0.42569678473071715,0.6181205779636763,-0.7295549988494496,-0.4022461070332978,-0.05461476846040953
1,B,45.7,-0.7169682074229502,2.3440029774003954,-0.9745253092161367,0.9085164561943855,1.1818544490139637,1.0205464004730396,0.8403100775300754,-0.6594020062037849,-0.7177371307063499,0.9832615392594319
1,B,45.8,-0.6973640621733109,2.472998160130234,-0.38104896333066524,0.370176090222343,1.9682042756923672,0.024062746494274923,0.40744290978469,-0.7691305061810276,-1.1490008069326378,-0.5519794893301238
1,B,45.9,-0.7342726395623026,2.300876466745808,-0.8406497784472676,1.1244477413879375,1.1050374160564043,1.206721354557669,1.0821754656599074,-1.7708867526037229,-0.8087562310767966,-1.8042102747365591
1,B,46.0,-0.4976620602755163,2.1382979804047957,-0.22731225954264517,0.8300878423218339,1.280582546535598,1.1007704669371479,1.288032957738138,-0.2063404699715834,-0.3107702202815356,-0.045491720981060614
1,B,46.1,-1.0163146265067793,2.8001823999215754,-0.7049991769545663,1.0529095510998787,1.319343557154316,0.40912350533968844,0.8798943669201311,-0.7580635075365465,-0.3951507963498283,1.2693960868705028
1,B,46.2,-0.7564239143149217,2.565166073524329,-0.7820245405116757,0.598948233516288,1.5315479993989416,0.984803356306727,0.5183184212140362,-0.9892529170384272,-0.36071692948306466,-1.475749268611849
1,B,46.3,-0.9913012553014027,2.9227875734571755,-0.7224799902300705,0.19919099318742106,1.962777203283948,0.11540207764747594,0.4633293183432052,-0.1603939599448424,-0.6474088566687511,-0.6519992599901179
1,B,46.4,-0.4608694152329205,2.4150798998189127,-0.35115801604331137,1.0274530709952385,1.1189215261649306,0.9927697735549964,0.5115939088037832,-1.5159705725106114,0.8811966253975221,1.1197937988301259
1,B,46.5,-0.5837537829235695,2.4229407720626117,-0.2700542506765977,0.7019300630870218,1.382231497781346,0.5853794794584004,0.7846946201555202,-1.0654153038697707,-0.22082219528313674,-0.19385911011793294
1,B,46.6,-1.2924343966526817,2.945971549087015,-1.2104086253028554,0.6260330574474987,1.576484133892586,0.268625076657112,0.7776899815357197,0.004795326442156744,-0.15826421678149216,-0.131177753658734
1,B,46.7,-1.2192034446216404,3.0746388812978362,-1.4234913079765894,0.6906017985375446,1.3851602324748002,0.8504270349074315,0.6234407948721494,-0.7995079697758845,0.0971457607102082,1.609418187045328
1,B,46.8,-0.9515493705255786,2.702395123761164,-0.7673237826261423,0.655133100900987,1.4404255214680344,0.09103724817779313,1.0289280234311369,-0.727130567842984,0.29813037962053424,-1.6848840370446023
1,B,46.9,-0.7648005629879666,2.525051589192545,-0.6858378354359952,0.9136783422344127,1.1761693533908246,0.6255555268988293,1.0063437420207118,-0.1846651042332781,-0.6258362760139631,-0.5099879901796633
1,B,47.0,-0.6882311625176607,2.3729365250422796,-0.9457121625277827,1.0163113051868615,1.229463297217182,0.8431873055348306,0.958914953076783,-0.6347920895712055,-1.6957024349788608,1.095587483957204
1,B,47.1,-0.642935744260867,2.490681095096626,-0.7489706429925954,0.45254565481211834,1.7683473876528286,0.13588938420674507,0.35425256709869296,-1.1372303558998056,0.08766255123987417,0.056842763802462434
1,B,47.2,-1.1237349995088883,2.8887625189746817,-1.460131385949131,0.8218271554131349,1.3650626700281085,0.6962077322532922,0.991851809971479,0.049217977512335365,0.6104517397905121,-0.33355937360038773
1,B,47.3,-0.5978499347730151,2.41155575858712,-1.0848827545222304,0.5221854476778817,1.642035712662011,0.5619064203948695,0.23082579079132826,-1.2358464535761102,0.5324459222904018,-0.34110621839795163
1,B,47.4,-0.6923654581287887,2.396284848749777,-0.6723913039359519,0.34346387625813096,1.667515956065391,0.1776572446796681,0.5083612529106463,-1.3730117318813153,-0.7163823775741983,0.5119814983830095
1,B,47.5,-0.7926767664824851,2.617897368131494,-1.191335346809526,1.247044541068763,0.9120207452766147,1.284349761917387,1.3196289754599986,-0.5014670524196803,0.12584269911695045,2.034361748791997
1,B,47.6,-0.9432098948331988,2.652160261948909,-1.1334496646505148,0.2211017076983719,2.0797999834466627,0.44713101883486606,0.37598570597932346,-0.8608492276760759,0.0999127078624856,0.40382490575283686
1,B,47.7,-0.6989575312598864,2.3845702549451633,-0.34303736342377456,0.8637040626293268,1.221113266849522,1.0142323208617583,0.5592494388884315,-1.3613735743963562,-0.2572907107259127,1.5882274805224672
1,B,47.8,-1.1055037501443028,2.7106030336823146,-1.3329029091336153,0.5373090422066427,1.7699370943368316,0.7154134353171029,0.5663468748692846,-1.5484718791087122,0.5404697431945615,0.8834545086556664
1,B,47.9,-1.2483173259520028,3.040359864172208,-0.8186522783663854,1.4507103094903304,0.5744080691398792,1.655963186894343,1.4490119943716424,-1.2704164869720784,0.41482926348992893,-1.031416729135336
1,B,48.0,-0.7348065566458482,2.5097707005255576,-0.9019773867149563,0.8307857983593503,1.2478148555088162,0.7053836478183404,1.384983612825703,-0.9318403049925391,0.21054969885740696,-1.174994358526769
1,B,48.1,-1.4523082156295808,3.3600839588078517,-1.6685573876954534,0.738232003117411,1.4079665866532043,0.35659977477817756,0.7342157337884966,-0.5376793245503093,-0.22367531057619938,0.6090962575944937
1,B,48.2,-0.5896565523685935,2.5134903809022164,-0.5634023378845877,0.4897038995775927,1.6405142242488977,0.19005515635785042,0.6000847628258439,-0.7623209928670994,0.9283051059766744,1.7521060747498907
1,B,48.3,-0.5748116518541111,2.2836492525894183,-0.7380080645671532,0.987233820798327,1.0856045320484846,0.8516851381608057,1.1778740287298337,-0.7953606999532462,-0.19162082699049898,0.15334661293627969
1,B,48.4,-0.31778113733986857,2.0554406393679328,-0.21163945223433542,0.3308419595383084,1.8478400412357536,0.14722525199537206,0.4707402885519516,-0.09769870661774249,0.9397117933747252,0.6257417016910903
1,B,48.5,-0.7830193169000117,2.430143011386,-0.9735957807129965,0.987483041059683,1.2435322867489496,1.0832631188908968,0.9403804216181655,-0.7795990930580758,-0.6064985364258972,0.1483359476382741
1,B,48.6,-0.8280129167043822,2.520189765868171,-0.9357811917340456,0.8932601605363636,1.3044041657659342,0.8620637637283314,0.6338055168939192,-0.5844223262252719,0.7434824069886156,1.8934117743193404
1,B,48.7,-0.9675352600940352,2.798838360647629,-0.88141424354416,1.1506511877568133,1.0848582885888383,1.238957199544454,1.06236658847789,-1.329653154821715,0.13806998785884206,-0.2684339783619395
1,B,48.8,-0.9194476513939794,2.62359589423441,-0.9652600651846159,1.8737182304564826,0.0,2.162423987317443,1.980759881244992,-1.4315539827038126,1.5998131689080568,1.3790250500315862
1,B,48.9,-1.152258123958467,3.0877173563503417,-1.1182482183917992,0.8201390337979697,1.3688772947375032,1.050174211764261,1.0132902297504105,-0.7070809619497924,1.0499653081438558,-2.954559690395487
1,B,49.0,-0.6315505340535988,2.3979211542972982,-0.7143258212660681,1.4734691339339165,0.4989512347796794,0.8333389356696925,1.2192851330927794,-0.9931823223119992,0.5704139800910767,-0.2244668105628777
1,B,49.1,-0.4166533837683045,2.347719944161979,-0.1444437310946322,0.7503309726271503,1.4437324771273863,0.7070349469345364,0.13123346903510746,-0.07774427351268431,0.6487382595133686,-1.1980514715168442
1,B,49.2,-1.1487217880883684,2.796912444067749,-1.0467745718104555,1.0267210446294157,1.132390650067546,1.1666670921760083,0.7582566722741189,-1.2949646752388917,1.1780869902474649,-0.11123389936880554
1,B,49.3,-0.8772988815193484,2.498953941803762,-0.41546646383588975,1.4141051243884801,1.009275982455173,1.3913371321490124,1.4457440924839435,-0.8038703108790985,0.679238254078898,0.1424208869983484
1,B,49.4,-1.1619224885445247,3.0862255831484227,-1.3216364809986318,1.2468226700245353,1.0210387718984855,1.2781883815014976,1.4198048603572213,-0.7852654787795754,0.7246686325460915,-0.32353026118224054
1,B,49.5,-1.4701645217055597,3.4617399501787425,-1.744514975924698,1.1587971278505476,1.2427256895411507,1.1128633598903839,1.3156735913614332,-1.5213414366820566,0.9399184726894836,1.450476000267766
1,B,49.6,-1.3191314108957402,3.0654440125105675,-1.4293085367423108,0.5469166290223824,1.5607741743660477,0.5756047164206441,1.002684790093975,-1.776688769896357,1.5968272301214674,-1.0114656489051288
1,B,49.7,-1.5292182227049929,3.453032916344039,-1.6235792770417512,0.6835524909858046,1.6061509369652796,0.6294347137031276,0.3888270307686686,-0.7734652398192938,0.8470012989974388,1.9398770245990344
1,B,49.8,-0.7638752558438051,2.483501684671266,-0.5429046514486819,0.9691664092141861,1.3453837596684635,1.2293244777640246,-0.053407360723667585,-0.45184925920896674,1.116380973798083,0.6940752786323611
1,B,49.9,-1.299049821126307,3.1463044497249726,-1.195189061443703,1.0166466107229652,1.197771805565763,1.1129829922666301,0.7815381379764711,-0.21680891020685955,-0.3914605738848115,0.8064160169366699
2,A,0.0,0.5685208772821345,1.4322873823312132,-0.007661808088354584,-0.14586524659191472,2.1139530961547357,-0.10631526385609075,0.00834348290038997,1.0731770840581911,1.0891838260960467,0.03468126349311669
2,A,0.1,-0.1858441780072531,2.0090008905504395,-0.12162542563235566,0.0022959865632897966,2.13735519377494,0.06966321380957083,-0.0013826219131818957,0.2703880848970232,-0.4390374309394481,1.1320074094049648
2,A,0.2,-0.12834157881018493,2.037165140030756,0.025399216830768963,-0.7037005151660939,2.581764121334402,-0.8232319668913812,-0.4992193236901301,0.07486207658707253,0.2728711604032929,-2.5567265322280974
2,A,0.3,-0.2908176956125862,2.148845967314065,-0.016201616451000333,0.6400203808931239,1.3431975210651905,0.7076077028855323,0.9419683465699424,-1.0926521119254484,-0.08760992987471014,-0.2689573102662727
2,A,0.4,0.4157490551371192,1.4390180423543295,-0.07555383039551014,-0.5398512582674588,2.643368731304524,-0.6858568818085883,-0.8224616418260351,-0.13251175710569835,0.4631460232811093,-1.9096203268902252
2,A,0.5,-0.6646373119705162,2.4745768043660457,-0.043571103279747884,-0.18487726688862607,2.1952794814234378,-0.07287285518916886,-0.4049047868282187,-0.17045958192271365,0.7834348311592869,-1.8400740467034211
2,A,0.6,0.7795175621885019,1.1057301234211239,-0.043241497073279365,0.30757285509759746,1.7834763119651915,0.2699437771479435,-0.0030020577096847023,0.001221792144346208,-0.1950944693124979,1.9569701208224635
2,A,0.7,-0.06979172069786593,1.8896918921170023,0.03043745411708511,-0.2825200465755704,2.0666253742352954,-0.2373278312508101,-0.0699617866147072,-0.3168673679380683,0.8187594245271215,0.21127980750382683
2,A,0.8,0.3359344445693657,1.553050047646968,0.02808190482617027,-0.1952602176265425,2.222496185104232,-0.1441518240547686,-0.26084558151990445,0.041503223589582514,0.21723685333011475,1.4834869999768225
2,A,0.9,0.16445191725140354,1.6088095438922534,0.07573751912411256,-0.12152197060897713,2.3145034943331546,-0.27322427511678365,-0.28825601402072143,-0.2100816282878355,0.026533657588492354,-0.2414100744170262
2,A,1.0,0.7907288840049702,0.8687590168176171,0.03239624061564591,0.41115215698779106,1.5512980001308376,0.3003928516154353,-0.005993993683782561,-0.7036213700309464,0.34916318063917534,0.5404527323951792
2,A,1.1,-0.41502160613567807,2.2242034403620443,-0.06758246926588372,1.041823100527157,1.0339379843533854,1.0089972959007378,1.1126286239214298,0.623911679025131,-0.07621485843299336,-0.431666770637482
2,A,1.2,0.21997352311825902,1.5919083634983793,-0.07046046382360957,0.27538029383933815,1.588516365883976,0.36034050239996335,0.23292328174553056,0.6303615717106514,0.090609190025287,-0.5469514467897013
2,A,1.3,0.2249263718719452,1.7203432373955705,0.05653626772645655,-0.10926732988960142,2.088548384082009,0.07343376683030015,-0.11282404834242613,1.1357380581376695,1.1773297089172396,-0.07463857612378184
2,A,1.4,0.7824032970947996,0.9771288924905573,0.07833431005480722,0.49170568183605,1.678927982705936,0.47685747153865876,0.34782140538777523,0.14842810848917037,0.5554618843603036,0.12833227228356336
2,A,1.5,0.026552415045198063,1.8781231299618206,-0.011887404907268176,0.11526152326588596,1.9275912260951613,-0.02450296720913203,-0.3533407600756285,-0.11599534001671014,1.367139841621352,1.5332694376615283
2,A,1.6,0.3767658940082804,1.532987637790328,0.02794014940925557,0.33794724939211407,1.7636425078975144,0.38158640390529797,0.6769017726811528,-0.1920129383630369,0.9755930082963602,-0.19682800607291293
2,A,1.7,0.1551173047685117,1.6180075620970804,-0.07524456418897563,0.7764521887166896,1.292106967014759,0.7680661031203754,0.7411246180877652,-0.7843034471911433,0.1332333535794299,0.37983922585678326
2,A,1.8,0.5020249370757898,1.3087400006398187,-0.09719608791658937,0.12382916002454475,1.9333189304006384,0.2696409695140255,0.1633791208777775,0.7413705607963565,-0.3597683527105001,-0.2569233713518073
2,A,1.9,0.7157283249148827,1.0024229421416064,-0.05870118382714219,0.4089385955068638,1.7847134576473793,0.6446576907830259,0.15107114340229688,-0.5003368168290963,0.3945282893969686,0.14486810097479155
2,A,2.0,0.15061008295447426,1.5339710363472903,-0.017859376280150815,0.11844152893095306,1.8547057820703827,0.5015773053554191,0.4812077541763415,-0.5423847330849516,0.9909672396674887,-1.311176705074926
2,A,2.1,0.9601355565460319,0.9227014118256127,-0.026068819270401902,0.39082096274227807,1.6895422746687188,0.058739994585867816,0.10770319789486871,0.0535776855003534,0.8610231000230252,1.0914222638877025
2,A,2.2,0.8982472318760546,0.9177838812597464,-0.01150570317256336,0.5549507362779119,1.5271837850396004,0.4563536849076727,0.3786469324171801,1.0769653609376473,0.37848173050883654,-0.5208761370430881
2,A,2.3,0.7813059259966552,0.871521367797208,-0.024550721634955513,0.13843162377503043,1.779151741117438,0.11921513247308373,-0.16235333993850198,0.33559837365154943,1.502530665827217,0.04153347767162659
2,A,2.4,0.9429909435332446,0.7892239435952451,0.033965057247483145,0.3850355135255421,1.4180448625287339,0.535767099400606,0.018201841113807293,-0.4124273991014378,-0.136838403016187,-0.21415049741585737
2,A,2.5,0.4101432976191671,1.3474206095019015,0.07137734756636724,0.43983415391753844,1.6158473615718139,0.5697613895551359,0.6336171153541167,-0.21769509259691475,0.16856347206620037,0.9846478775851835
2,A,2.6,0.6276739976051932,1.0705742080326575,0.0018098731380217664,0.3179419977573705,1.493623049939278,0.3251288337580528,0.14306296607353233,0.5934862874135642,1.0106500061533086,0.5216643408637679
2,A,2.7,0.36386766696453243,1.5254614421033006,0.10149987437202307,0.14381795786731766,2.0545822166158882,0.29214076717509085,-0.2016163479664343,0.130250375889493,2.2583881487238306,0.012993202777979117
2,A,2.8,0.6177748493401797,1.1474356218697528,-0.03172023551504231,0.0801466738658233,1.8563564378321409,-0.033592353589491475,-0.005131822309542719,-0.2265444545306308,1.1956614321771801,0.1750006191092925
2,A,2.9,0.9167400080882292,0.7712034651267654,-0.026255169696946964,0.5416605212214227,1.5093201549335014,0.4647538543136476,0.4179539503056463,0.10491703164768326,0.34662649842670334,0.34343944486038813
2,A,3.0,0.5080298065266015,1.158747777062619,0.019386733137147505,0.5187371175773717,1.4814367803195387,0.5742814809586925,0.49256618346545555,0.6981257552785287,1.305125516343875,0.7565446243942913
2,A,3.1,0.6296431828194846,1.2798441110701333,-0.017739938100533703,1.4111122472956805,0.6803109895112853,1.1949771924536297,1.20169216542659,1.4448926922890737,1.3566223959159014,0.5069596102163996
2,A,3.2,0.5457779870947591,1.3082582458197787,0.05885261278883208,-0.205112690212921,2.2573585405143297,0.10263450857251977,-0.17059281609921345,-0.4791365739542308,1.5036525109304837,1.2852070420516892
2,A,3.3,0.5076194255875758,1.2829778691913831,-0.03205539075989446,0.7031194181182856,1.3211353665623475,0.5415264207959467,0.17239045472902415,-0.10042526874337082,0.6866903217927687,1.6184245125146142
2,A,3.4,0.5850159635325657,1.2727525829198112,0.066134699255432,0.8096089665545512,1.2178586870343806,0.5808488003751908,0.5008873411695332,-0.19877178905617154,0.44178440309971634,0.6144153513848561
2,A,3.5,0.8313747517466548,1.0366756843855454,0.009708750814688853,1.171784648527723,0.7798446002479416,1.231123675661336,1.3481635270713899,-1.1599242275288673,0.9789337316689839,-1.3226089776438679
2,A,3.6,0.45993585977234464,1.3005328195608554,0.128272639035839,0.8871856995827451,0.8729488107146386,0.5030361541626761,1.101822981077492,-0.2547376229467851,1.1409620922220467,1.7478412046618568
2,A,3.7,0.9475468244890012,0.9166629859490957,-0.023205745282410286,0.4313396691464513,1.624839244026696,0.34188292556682076,-0.13645090090898582,-0.3068025594033676,1.831989031740568,2.149909566697527
2,A,3.8,1.4602470721790108,0.5474130290923562,-0.010134695385373116,0.7417451892537978,1.2664694073915155,0.7046839470570664,0.8174376566569799,0.9898676635466142,2.105598309863224,-0.3641003130641346
2,A,3.9,1.1521438343257853,0.6405402462416534,0.007282590864324383,0.9461337805036322,1.2215687002870976,1.1968472313507115,0.898941012293327,0.244262316724761,0.3882990759505455,-0.41399925543572436
2,A,4.0,0.8376846091394543,1.0336334820690338,-0.10905139835409748,0.6607853738280962,1.5839461562182935,1.262671611539411,0.9682842146834801,-0.6426591700849381,0.4883285530275192,-2.058895494764476
2,A,4.1,0.6058322844772053,1.2961896258472234,0.030113256376926884,1.0541976002577043,0.7994597574098594,1.0845270187104412,0.704919544271946,0.7271891807330497,0.7356508423626953,0.7792429871946657
2,A,4.2,0.6659397505218683,1.3195028766951178,0.024042305663258438,0.14396271044125397,1.9817455342187,-0.11568496045225046,0.22331953705125202,0.13326313738160994,0.5934080060910609,-1.0078588172651801
2,A,4.3,1.5300056096569468,0.1974809557972781,0.005465918195271764,1.4167742139255373,0.6505590279092266,1.4649816553108186,1.6345329118208496,-0.6910481702634194,1.0021024152603568,1.8294722618105361
2,A,4.4,0.9648810191663545,1.0866990561700423,-0.07721978906933491,1.3372199013291222,0.6534276140994371,1.4658107500941435,0.8948508015209649,0.004626007131776855,0.9674012164056164,-2.4772878839897663
2,A,4.5,0.7328445384990565,1.2659576341245686,-0.07732805199843286,0.7183202928849238,1.1833615560381037,0.5319775435116088,0.48698932054558114,0.01720629493165221,0.7941000781294534,0.07239694486037992
2,A,4.6,1.030544097923623,0.8259093204838868,0.029330925930042225,1.0616472089358844,0.8995987832896335,1.1269133589882518,1.3078152014907403,-0.146252223086754,1.407384428435943,0.6744823287057321
2,A,4.7,1.7059732535863257,0.0,0.05875893437786776,0.8759282884281384,0.9302244914550619,1.186395211450833,0.7745721806697976,0.40358609461422545,0.46570119723665415,-0.40228725092261597
2,A,4.8,1.0193237569367637,0.6785744646463663,0.07972323159111107,0.5799864035143532,1.4310369592227166,0.6742463821741957,0.8133459494345293,-0.9555504705601239,-0.11141013409625278,-0.7954611139177733
2,A,4.9,1.1988921665299759,0.745474909114356,-0.04477207619749597,0.9115066913659197,1.2640935429949731,0.7526766798768479,0.9282175289166793,0.24035851123157295,-0.4604994421537299,0.24923351556020118
2,A,5.0,1.0927479525796775,0.7538840791700729,-0.05153990138793918,1.2411345844811112,0.7377434442023341,1.1274121838857973,0.7976855374175219,1.0165015148974887,-0.1855929500384405,-0.5275901721928847
2,A,5.1,0.8684286138378314,1.1114858358223207,-0.013596939984227521,0.7673916694750257,1.2134369144679709,0.4386831071971027,0.7667583214969713,0.9278096805093822,-0.24106398291538422,-0.343264862586874
2,A,5.2,0.5950696476735511,1.1326784581003535,-0.09878650709369184,0.778621672607348,1.2960418478138105,0.68924081850634,0.8629361181663611,1.088546038909795,-0.7914630136724392,-0.039379834162575296
2,A,5.3,0.8751206723878165,1.101404405815597,-0.029446558802187217,0.8929330045805279,1.1331045223137188,0.774888084086145,0.6952280834710327,1.1027328655716198,0.6886389219825169,-0.557314780572885
2,A,5.4,0.9259199529969524,0.9172684336551667,0.042589481875765806,1.0791688688614611,0.9722435270957366,1.3519339268098294,1.354306047215339,1.331050992348323,0.3531928905661828,-0.22800950846727888
2,A,5.5,1.2051947493954298,0.5203756848609904,0.08173012506847076,1.3828767614250213,0.43644520454397573,1.072325194859478,0.9586885971327201,-0.22506760905105222,-0.0610277058769981,0.7868534886426969
2,A,5.6,1.2935652390598928,0.5575449759444935,0.013957772681733191,0.7208527790800876,1.333195977096071,0.4048388745425553,0.6738871003474274,0.960760925706494,-0.39121907776374654,-0.3910361419542006
2,A,5.7,1.325051862798785,0.3568009149700364,0.08202768242776345,1.1280197040399729,1.0040980980696366,1.1628764401512688,1.0013662599707778,-0.6559650172623577,-0.8561935065612657,0.16593470959171167
2,A,5.8,1.0975680702002157,0.8183015642702649,0.02054364689995355,1.0323526537511192,0.9324775710038955,1.1465593575279382,0.7588967684037183,0.10610454595430757,-0.5100620456618615,-0.7557781390110362
2,A,5.9,1.3050608097010632,0.4868889554956448,0.009568195756946,0.31236609141536353,1.8626306358382219,0.2001663712767344,-0.1526447183706659,-0.6736222652929287,1.0997920274596165,0.9132679829158662
2,A,6.0,0.7280754219656493,1.0154651716033727,-0.008572059373876667,0.82182239237519,1.1282494622787644,0.8568505368435455,0.18559039154790258,1.1111326228288498,-1.386125977299987,-1.2870083918597066
2,A,6.1,1.4266787734419313,0.41616121175357135,0.00934685228859977,0.9275023830242687,1.0245724424740232,1.056772447896563,0.5310187704647376,1.2896271261664052,-0.025092167138416027,0.9564402966655933
2,A,6.2,1.1629706421416328,0.5272667435851308,-0.012742647362194454,0.9647313204327101,1.1124731040383447,1.1081076063104762,0.8810657100988947,0.3780324760706373,0.2857904099730161,-3.0270480042355885
2,A,6.3,0.8735968475447713,0.9004590061378048,-0.007045537619507911,1.0969722798178225,0.9517833318844677,1.1666284015055473,0.8942177282659205,1.568321051135511,-0.12846835032017534,-0.911175535186028
2,A,6.4,1.1426130842027977,0.8500006872494319,-0.03309459174698363,0.27257287715281786,1.780252763797616,0.3767641308148167,0.1967724151371929,0.10570554802705279,-0.44938729122969767,-1.589814483753099
2,A,6.5,0.9381073189004285,0.49490122284717053,0.012951595089600185,1.0062130908161515,0.8250731858870244,0.6959210403108393,0.9076857044955409,0.6078748460579642,0.15312281872123112,1.0137531025492121
2,A,6.6,1.35278233716683,0.41122211057549873,0.0007224207508893229,0.7556961525049992,1.1975821258665373,0.911369328045841,0.5870029095774632,0.6161888533592074,-1.0172582013790032,0.2685242133769713
2,A,6.7,1.4800377894318015,0.3380966933372349,-0.07397900173080561,0.491457742847792,1.6216972045061822,0.5159944040885387,0.5268318176019169,-0.10722560994124952,-0.06846087000963702,-1.312150474321184
2,A,6.8,1.7036852499404804,0.2650648440775627,-0.012035025087599316,1.180662650764236,0.9368581928063999,1.0132761598011961,1.4022539898604671,0.8008824515198161,0.4112496874682918,-0.5747319138505722
2,A,6.9,0.4398416847201692,1.3808503455506647,-0.04278356961972493,1.2559220327423306,0.7446061926300265,1.1744307480689675,0.779733359798348,1.7082766928831976,-1.1160990725319402,1.3367451589602883
2,A,7.0,0.4123147937836249,1.4625483014518392,-0.10241002293703877,0.7708689666385191,1.2232386089060698,0.7096551426923312,0.8168290014733804,-0.0633421764771731,-1.025879252816266,-0.0674315269580159
2,A,7.1,0.729597158190032,1.0348362873583312,0.024194182467066172,1.2948152856589188,0.7747906397099154,1.1829886482533172,0.7747144891001589,1.097897149683389,-0.4935970368723936,0.5508740280881266
2,A,7.2,0.9498543984580046,0.8418473845722043,0.07793441272611906,0.866390275586036,1.0972599238234013,0.8304429564117984,1.4913080686638938,0.472218114022058,-0.02095948600403863,-1.520974178751614
2,A,7.3,1.1874672373136823,0.4561006263307752,0.1184865094532452,1.0226741015561236,0.989832593665851,0.9419244169866963,0.7169341623514442,1.6332765704621302,0.1509968238343835,-1.5193026268666343
2,A,7.4,0.977542932699052,0.8371007421997116,0.07812097647464816,0.6138429186603553,1.2712477167961278,0.32181212376778756,0.4686038163144425,0.8683003964192442,-0.2800443015669524,0.5553311661169891
2,A,7.5,0.14486973881569132,1.6326485253368492,-0.043540077630403046,1.5514878034716146,0.39754477375180786,1.9756443676497595,1.7811068883330037,0.9902330834150026,-1.1240873316427562,2.2885429671867494
2,A,7.6,0.7303566356222116,1.0612664913780394,0.0587622496354027,0.0641437072470793,1.9379496797950313,0.13644501058130237,0.15963992738099214,0.9768251485350918,-1.422938505956053,-0.5589498828526618
2,A,7.7,1.1115375335421265,0.7321802589152082,0.05599495017780694,0.9604951327350933,1.0187153260688013,1.3968413700856972,1.2102280824018874,0.7467506513247131,-0.6382579801339714,0.5703839564343076
2,A,7.8,0.8858410430886562,0.9613677887947416,-0.09939147656973109,1.2328679803690978,0.8481765021978223,1.1743261047624107,1.6272104585921707,-0.23384108270135695,-0.5726089839643026,-0.9667757919296965
2,A,7.9,1.0549295250996487,0.6638392667848985,0.04306442576957251,0.27445684508607415,1.629842335903291,0.5914440402123687,0.15715734771089385,1.4448795383699764,-1.4970990958936092,1.2281157134141427
2,A,8.0,0.6926983928621635,1.058167705755369,0.03135885176957628,0.9159730080793553,1.03848014598414,0.8865843705495923,1.476912592166272,-0.2063090121953901,-0.8237114086185329,-0.4788469542291286
2,A,8.1,0.6819196129386123,1.2098933596181611,0.00814041251533959,0.9509028069571869,1.0835702083398473,1.2587854844694302,0.732088016065534,0.7653861875032264,-0.6806099842550577,-0.460391329088526
2,A,8.2,0.7985518330684598,1.1416605893802347,0.014430835783840266,1.26174456288507,0.7192493825488986,1.4417223816856501,1.1497183005939628,0.9967951297465816,-0.27077152548144423,-1.9182885319922172
2,A,8.3,0.857257678799311,0.9783521358467698,0.0029153691372041995,1.4046716225378273,0.6417705087554257,1.5527219593355472,1.6403692563771828,0.1316463049267489,-1.5074447728629532,-0.44244337148134927
2,A,8.4,0.7630582078571744,0.9496666061267817,0.08159679243275142,0.820665377317807,0.9233897655585301,0.7820245832607267,0.0967238747969088,0.7274200379504734,-0.5916218121920229,0.15791912305221284
2,A,8.5,0.7146655395423839,1.1169562112358093,-0.020089441691594354,0.47121148151077735,1.5666982243337895,0.5116110391780473,0.25740010033585314,1.347043039767855,-1.6374193381598565,1.3491063716897667
2,A,8.6,0.417101925099718,1.2371233781288802,-0.009996969661063972,1.427628543364788,0.5132614443535666,1.689889760226758,1.3380107904008391,0.6377251351256039,-1.1991900619918425,-1.2044503066795262
2,A,8.7,0.7622811963976911,1.1440946444610478,0.0003694491853091927,1.368200272278492,0.5881285276163772,0.9681849331164118,1.589605395271875,0.12480958454510804,-0.9948993635185728,0.9504057099198077
2,A,8.8,0.6505677425416082,1.1641370158432067,0.013783203757503595,0.7726270706029288,1.2999814027115535,0.6329941539762701,0.5380873036919728,-1.0856808454532705,-0.039175237254967854,-0.37470670038006565
2,A,8.9,0.9805601217946819,1.0999390764532884,-0.08816249004956157,1.0490767239497778,0.943131096746582,0.7977621602670112,1.279784942720456,0.08635631528275689,1.0393747159054034,-0.3207341973514433
2,A,9.0,0.9817046358176579,0.9067309644247665,0.06939869047744827,1.0514078076283249,0.9734592635644157,0.8660862085198725,0.7176310911681538,0.3204527195758884,-0.7936564611903489,-0.9820649525000836
2,A,9.1,0.6032814269460408,1.2564995170695408,0.011309987842157835,1.1069960868608997,0.8608261585751724,1.2270581656817028,1.3762340789054388,0.3708289215532404,-0.6424879743358213,-1.736960197440596
2,A,9.2,0.3830898012499667,1.3946852334522197,0.028456229791238935,0.9708780441863102,0.9962647170654686,1.1344481625569012,1.1770788606571967,0.11020055177397314,-0.32633733093889505,-1.2508771564913281
2,A,9.3,0.2664355090352586,1.3913671192490233,0.009865799587389522,1.3819195609598176,0.5340915311991714,1.3400451921866388,1.2096257822084646,0.9180333659650892,-1.7364009791996347,1.5867458915400912
2,A,9.4,0.6133741019998976,1.2120003512151238,-0.009322063564194209,0.2710304836559575,1.6434411080195206,0.4937137290918343,0.16567019720079412,0.35222770188323743,-0.44593233340289334,-1.2319332012971889
2,A,9.5,0.4670081937779111,1.2164688602126026,-0.017762075674848082,1.2329198981249463,0.8005600069659367,1.0842604314405788,1.155439773580212,0.6367147662761318,-1.6337157455097118,-0.4780326096982185
2,A,9.6,0.29402679454340785,1.4686739099613892,0.004805707116976032,0.9906918457689023,1.054570921352619,0.8698001774497655,0.8557899012513527,1.1151025488182613,0.10798806999222421,1.0614399324252903
2,A,9.7,0.40373964652335265,1.3264939476068363,0.007602617046671452,0.7700097616071344,1.281744707143925,0.7931731902871955,0.5783623277554142,0.19960665162904145,0.018288099741595065,-2.1596379237842607
2,A,9.8,0.14527507132270018,1.730209226511288,0.05776308777090753,1.2448144580864047,0.8342122509357617,1.323359090707583,1.629524004238795,0.5378913508729836,-0.5227933561421904,0.395985495617967
2,A,9.9,0.580091601317857,1.1102780764686746,0.017302887314233698,0.001485291779603437,2.1655755990541503,-0.026022414121626508,0.10623257996426355,2.0179868653350663,-1.28129753853105,-0.5620044930886258
2,A,10.0,0.15252199669984814,1.7836432433227118,-0.006674433468303035,1.2155495161342178,0.7168569382150214,1.0012826728344095,1.329714174140542,1.252686728503765,0.23224901787335106,0.13463965067588185
2,A,10.1,0.7105842725820541,1.0687686784493096,0.09932825554712,0.9310236633422737,1.0697112822694277,1.0427662074022586,0.4503293903415868,-0.04305332478961221,-0.5818491622317439,0.8128671318976025
2,A,10.2,0.39599280031016226,1.528082221911859,-0.0639713078156761,0.3857941647896441,1.6281067047627584,0.723770419834914,0.3566182887745493,0.690112335481564,-0.6385085586474906,-0.2055137389443794
2,A,10.3,0.4350836987796195,1.4455996686116515,-0.06701045879517503,0.9200893113489184,1.2384577635039062,0.8442917537070894,1.2260928081742404,1.081470903800458,-0.321911753228258,-0.25033527967810804
2,A,10.4,-0.18350916549495758,2.1585183381185638,0.017730102605641396,0.6478211271556432,1.495056482234612,0.6519221509349734,0.6651852922919221,1.487618935948125,-1.6601192167140701,0.6726053128644055
2,A,10.5,0.2312129518499434,1.6492906511660541,-0.010618664274531018,1.6444842988012018,0.5998332472227192,1.4223857870221248,1.468453928625566,0.8416184620400377,-0.3368808700093738,0.584454546801531
2,A,10.6,0.40320554043594836,1.3905515820643506,-0.08872979941124169,1.3670195831897352,0.6360501203458766,1.3652754651926067,1.3184137299935244,0.4385008374552895,0.04410893605960153,-0.7729263772440056
2,A,10.7,-0.21781786582381568,2.053563724283075,-0.015611483068890611,0.8635661849175621,1.062284512567909,0.6804543723365372,1.0839218605859111,0.3230904088850598,-0.30815225781017896,-0.24114028710168833
2,A,10.8,-0.005325280550524572,1.9689705868272864,-0.03553278853403915,0.44191446131346757,1.4914282233919363,0.4753241990112809,0.3714353890224667,1.1529322246055682,-0.38093572718327817,-1.3973866444142098
2,A,10.9,0.07106991273284616,1.6107249137494124,0.0565564300212481,0.47345132936744927,1.5271330047806289,0.7817089058556173,-0.17750376177438343,0.9581518653184836,-0.9954891459345021,1.2383331298488172
2,A,11.0,-0.44918030300823625,2.244327021328786,-0.03106258852151224,0.5475444953900264,1.5531030538580344,0.651111726764898,0.29971408817165157,0.46467906942465936,0.008842401298278513,-1.2641168539343983
2,A,11.1,0.1134473747006816,1.6146148941431375,0.05253073244336362,0.44857541144436214,1.5450963519108276,0.30351234082936185,0.472402709620683,0.6655081973662893,-0.20992945187890077,0.13324181222965562
2,A,11.2,0.27102613121142455,1.479319988976502,0.022989085010509194,0.311905237466025,1.6806324295111186,0.47166729930282725,-0.17294744310059446,0.5334465701244843,-0.27675123052719725,1.69308868854393
2,A,11.3,-0.3542122690499558,2.2495678578980725,-0.010316545602243992,0.40358139156729633,1.5186169550171542,0.05927548824772044,0.3841347939716505,1.2221045908437773,-0.5712864339033183,0.7538316751199078
2,A,11.4,0.04110048096427989,1.9822730270483193,0.001058591429407446,0.49619399787330076,1.419992856652328,0.7362417683163303,0.6159738949791304,0.3774082727831811,0.3298306713807227,-0.34132184475142346
2,A,11.5,-0.5690335050241465,2.4894447539987126,0.02143293698169431,0.394095889236873,1.6253013849722469,0.45339396612074906,1.0381629992979993,1.087237752240993,0.6144544514735748,-0.7776900758718539
2,A,11.6,-0.15133371892775566,1.857686946151828,-0.11540192568141497,0.31236913401045185,1.6838730029991715,0.0994885227088009,0.728342135103508,1.310234174223015,0.1494290677943934,-0.6748078923827407
2,A,11.7,-0.7312564469742726,2.6654798664956996,0.016353420378468365,0.2133645072433233,1.7097897179224781,0.1477156086912048,0.3095971312272455,1.0949351359763329,0.505226334140191,0.8728806422550243
2,A,11.8,0.1989467298316219,1.5483177138873674,-0.018955980540041936,1.41247072517859,0.5345840231490917,1.2302967702399648,0.8639641107100116,0.30643302270364137,0.8135199961347022,0.2965531210789157
2,A,11.9,-0.07809290451235762,1.9682024139766354,0.08989596831940559,-0.01470401136925048,2.0245477668904712,0.3817286555180087,0.05317770381066707,1.617692119518201,1.0214807704360545,-0.0462362157688917
2,A,12.0,-0.25730582172137745,2.0468637093873747,-0.034563447838108115,0.12425851841899199,2.085376931880837,0.23649135803647697,-0.32806119492298197,0.4074167396147264,0.2544566621573741,2.5668685436973564
2,A,12.1,-0.5472794493579514,2.5585402467718663,0.05712819600026108,0.613706246383854,1.4455853706340647,0.41149129636702264,0.28072635370444193,1.0737807587844812,0.04121271317180866,-0.8717144114789452
2,A,12.2,0.14277930592279803,1.569381989628601,-0.1257462312202889,0.3295052065121182,1.5793970953465775,0.19408507244668538,0.6423467189240856,0.36942155250466907,-0.030097565753217842,-0.5255612153538508
2,A,12.3,0.35863019738030394,1.4742054847801396,0.040731250749214416,0.5712732448383611,1.4065175605668,0.6009187320194842,0.3186418514875452,-0.22161397066844812,0.2761544545145774,-0.410014245268715
2,A,12.4,-1.0067055312696143,2.746991763524419,0.013805137696163755,0.6826194339759177,1.2148364264039992,0.5670016042241047,0.8646714073555628,0.9636588223767754,0.6473584122340917,0.18331212606736325
2,A,12.5,0.04997397829339739,1.7599086689196883,-0.012350824544286768,0.8245982145287765,1.20269958237962,0.8693362715181059,0.8645206918712327,1.0037126780770527,0.926458421822975,0.27629117125955044
2,A,12.6,0.16102868886576827,1.5880337437557328,-0.006044465524316825,0.6254630639297536,1.3592834746487679,0.6987817034710525,0.8849802797765576,0.7882360616652316,0.15383803079998742,-0.3051636564575855
2,A,12.7,-0.31598395548873803,2.1550459715664934,-0.013028029531117561,-0.006124236200023725,1.9195453770234538,-0.29701619957688263,-0.07931823268071422,1.003476652150948,0.5449629214491782,0.7046110365538915
2,A,12.8,-0.8793236719388032,2.6338568297388125,0.021150160479163793,0.7091437582837856,1.2148474262336255,0.829113450414567,0.6463310461000644,0.4518495152270619,-0.09903211180177512,0.5072856598356725
2,A,12.9,-0.18233342970399036,2.16215951027779,-0.00671242823151593,-0.3176812986552383,2.2712866126327165,0.013692548620413025,0.12432179548083927,0.4014029468922569,1.2997390862619569,-0.33580623945729104
2,A,13.0,-0.5723635214777238,2.50930340287367,-0.08938688542089211,0.2389436520786869,1.6449441017366742,0.3002109128387378,0.4319205354443876,0.7459386328856542,0.3473850693035885,-2.4889906780771858
2,A,13.1,-0.7445438404648286,2.5008652521680705,-0.009290542839016435,0.08344642034144426,1.775796004884926,0.20503710773692344,0.177779540607287,1.995194403286884,0.8362549972719575,0.7528471132587693
2,A,13.2,-0.9873959639716245,2.8201826017439697,0.11173608688129429,-0.13478066569192662,1.9885196650905275,-0.2393290362737368,-0.14424487756301224,1.3412771992460648,0.22734860300457527,-0.9924305439066761
2,A,13.3,-0.38744633080017404,2.239190560073591,0.0023423102429150646,0.4221595192718005,1.735782041116844,0.31857704273380627,0.5787016104603331,0.5430778647321565,0.5155941905924357,-0.6996260676506951
2,A,13.4,-0.325447138617253,2.172277180233784,0.014539397323435278,0.12940966722800634,1.9119957912499277,0.18773236802739612,0.08549127459800518,1.192909330273951,0.31657069399310994,-0.19484425617872497
2,A,13.5,-0.8434784117236322,2.6221747129405113,-0.021902725374381177,0.5288782555586422,1.4967521918505102,0.35143880198255234,0.7008811281111864,0.573194917052571,1.7826803601370877,-1.292102347066687
2,A,13.6,-0.4648542435937646,2.353057431169402,0.008702723308086429,-0.3686373281171781,2.397872428806523,-0.6919444087871268,-0.4060622453956684,0.5883131378326543,1.0046843493844702,-0.866960140493457
2,A,13.7,-1.0688715065358927,2.8467095590127625,0.008897277898080534,0.42465859234503045,1.7318764464291374,0.5870893629254107,-0.09432647142522377,1.380619284568772,0.7163148531810382,0.0005076609575207532
2,A,13.8,-0.40846244723237785,2.328910444290641,-0.013060095972825586,0.28089020620364685,1.5817713519504157,0.14963043754646024,-0.2259261216464427,0.5521925233676286,0.27238435627413715,-0.41786435839122443
2,A,13.9,-0.693026175123823,2.562620191577215,0.04316316994687074,0.12899778349935034,1.963906332223441,0.16974147810750503,-0.07918632765186118,-0.13580408235721386,0.49717986930041325,0.23877757721720058
2,A,14.0,-0.7942680475889836,2.524641692568458,-0.046153897854216475,-0.4337931733726738,2.4166168472500558,-0.41367369140265553,0.1576138026140807,0.327828024671171,1.2245106990287977,-0.9406481372398154
2,A,14.1,-0.7836408542885831,2.5053844236553893,-0.00650976041008378,-0.04729158945092861,2.280487795143103,0.03154061961815606,0.36035501274122445,0.9268446839580614,1.9002518193069757,-0.3179434292691666
2,A,14.2,-0.4623828518572959,2.4009671000342276,0.02525268761460488,-0.5224876742271376,2.5659686548617495,-0.40587693895342625,-0.6462132725822719,0.9525933525535744,0.05700419611767449,-1.1487866124768888
2,A,14.3,-0.5216994179806576,2.266704755409215,-0.013350208967095734,-0.7320697649966124,2.7506483080282176,-0.6297642999413342,-0.978219365888314,1.6226738778134249,0.377539463559845,-0.37456204068302057
2,A,14.4,-0.6162541213474282,2.549041165702314,-0.061193982528762236,1.1227807949456516,0.9635796968965487,1.0622113125187234,0.9680942765531027,0.4499258327009227,0.8318787497417361,0.1974710908210576
2,A,14.5,-0.7699542939259382,2.5255207829054256,0.027913210928381865,0.29269501130445247,1.6265375429589026,0.45268914500074764,0.22142569331872525,1.3201799710516524,0.5673024969146502,-0.3357604458813453
2,A,14.6,-0.8068410388437239,2.825591056927049,-0.04910804790143345,0.5583474726249931,1.1963776817413676,0.48427359621256866,0.9166587097684169,1.1385615156088713,-0.04702776863348457,-1.522735811957671
2,A,14.7,-0.6329073085638329,2.5734871899591396,-0.022365408087668875,-0.24113486538201603,2.321466598797363,-0.1728304632648778,-0.41746215174523926,0.7951757069898402,0.9615811617410057,-0.2799576983106756
2,A,14.8,-0.7825503214802769,2.6623163614139584,-0.041407379459413696,0.13081290799051862,1.9484816888406493,0.0046202544487578545,-0.32063728004529735,1.3876142423854685,1.3994256393962323,0.058189925996690844
2,A,14.9,-0.6389228345585518,2.484440242198543,-0.005536420702054921,0.10941770579977234,1.7081740784626172,0.12333916811238622,-0.04852207093522071,1.182824464354368,-0.0013675443553435862,1.0432894306978888
2,A,15.0,-0.9995473949196888,2.6860547641361854,-0.02146929866065066,0.05409606974328873,1.8824734169071982,-0.117923148535368,-0.31402979709008205,0.37153441437349977,1.064879789570138,-0.12909862626030005
2,A,15.1,-1.7556781818705334,3.494147076621576,-0.023729493353970402,-0.17683446851414614,2.2012174717070874,0.09742962588405485,0.26961970935248397,1.533217289364442,1.5078366179712086,-0.49805018603204015
2,A,15.2,-0.5516525619701227,2.22297458326428,0.03404894636570257,-0.27959662588231926,2.400325914676873,-0.2172534330103973,-0.3296887775501257,0.15887413118930604,1.505308953432439,-1.2571566892274486
2,A,15.3,-0.16082287457807642,1.869030896925915,0.0881304450708324,-0.9455723847231554,2.86508098379127,-1.0937826591969646,-0.9218444563033836,0.9283137139537044,0.6506545520349336,1.9049295051453359
2,A,15.4,-0.7820723314991885,2.6392274988140683,-0.01787571070095065,-0.02904880055307793,2.0005065331679948,-0.3879753140052985,-0.048750515133364675,0.8950608413063734,2.268316984395274,-1.0347729903068779
2,A,15.5,-0.9811396904767702,2.8366411910600373,0.026132758704906108,-0.11564913481036801,1.9531713918524538,-0.26261030975461824,-0.7037962596610965,1.1493462924255757,1.1989011556776359,-1.2130464648514563
2,A,15.6,-1.0026202051102544,2.7245918550415236,-0.017770674524607077,0.10624109423781836,1.9736277175117156,0.36315430494455775,0.1735512404615199,0.46019582704406276,0.35708989542301894,-0.23537339775063584
2,A,15.7,-1.004549392279771,2.8293810613288826,0.004947112301624813,-0.4020123732907348,2.412142112345512,-0.5329275463259311,-0.2603344330227991,0.8753013997534127,1.409799492616779,-1.9067463903077213
2,A,15.8,-0.9640333035851042,2.8086014829858312,0.056387567247511476,0.282746236310339,1.7408209030252442,0.4748106779040856,0.15488619579544086,0.812627319021076,0.1188217307011229,0.9899867542410267
2,A,15.9,-1.3693038171252354,3.3316929015781502,0.002514661951352429,-0.5042156436384635,2.5186723705005876,-0.5506653500444465,-0.40241121832096305,1.4959045829652822,1.3004310021832657,0.09992031880757596
2,A,16.0,-1.1632703110007685,3.002785135307718,-0.04077736756023731,-0.8075240791057288,2.6945342224722197,-0.8768887460586852,-0.9164914345503847,0.42067523965141024,-0.02524502584408872,0.4073692280349889
2,A,16.1,-1.3361514036724111,3.444119856493191,-0.036496330614381976,-0.06012346168541638,1.968660127595005,-0.27328671972699253,-0.09637494437411723,0.9423640804984196,1.1729440118024106,-1.0597468264502732
2,A,16.2,-0.904227924583787,2.778708492250051,-0.030837321253058332,-0.5725702655817304,2.6293857569539245,-0.5196545307576654,-0.33800304566524086,0.7423853504071012,0.3131200874710218,-0.588053484785079
2,A,16.3,-1.0984552153212344,3.02531305263881,-0.0006652110653748474,-0.8677718912646282,2.869777820618155,-0.6667830611658715,-0.9934241528144849,0.12063467091778624,1.3053772968171902,0.7789196724567862
2,A,16.4,-0.8238349368683276,2.5834463142657875,0.04290057260455405,-0.4046949398549869,2.420549841075614,-0.2542409067714268,-0.25694928974879494,2.505383250947183,1.0313730811587885,0.8271132628222307
2,A,16.5,-1.0600359808718454,2.936772028664807,-0.06793984205509648,-0.2031540641921803,2.107015432812838,-0.10379466855955603,-0.18177010292388604,0.857157552937158,0.8145797410411186,2.7602054471376105
2,A,16.6,-0.6546050366433742,2.516379003728878,-0.05186445846774923,-0.40274625563074057,2.413144462692748,-0.6142472817912346,-0.4055277010655058,0.00798739221806688,0.5391650854687781,1.0252673760117528
2,A,16.7,-0.9252187216415452,2.6193769873258907,-0.04622706057880238,-0.3322358302294746,2.4368056157023483,-0.3181490534050326,-0.4872243481956924,1.7451717339910484,1.1124888305595868,-1.9638295291956858
2,A,16.8,-0.23254456750118258,2.1663201541694397,-0.0874702710864611,0.912867788370524,1.1144366375871113,0.6799624284707828,0.6953636596994128,0.25757764029193253,-0.6667451694353081,0.01793030810129122
2,A,16.9,-1.6615508644693238,3.4587537871050538,0.06629613417442409,-0.25636817571962345,2.2539194899982244,-0.43158802452436773,-0.2582197638675481,1.1223043672114417,0.6285893116908083,-0.4309526745920102
2,A,17.0,-1.2219828054922979,3.24037831239134,-0.0018189321882047295,-0.02596726714119635,1.9270188197827505,0.040951872579425036,0.3290487180271449,1.4172551613068183,0.5698606450235268,1.027785629081787
2,A,17.1,-0.6769831386697749,2.4968790390767053,0.09503896598619128,-1.2751804752192757,3.140371385546896,-1.494013784586437,-1.1627535040782904,0.5101903072426512,0.6109176146979859,-0.15456120848328828
2,A,17.2,-0.10373774735567476,1.8915799849673858,-0.07121668375905009,-0.4701362523032249,2.3338330565283556,-0.38111087600221055,-0.11016365018423674,0.6403292277140546,0.72041134041217,0.42577846289341775
2,A,17.3,-1.0710317978515507,2.813913512823255,0.06470911566295871,-0.34445765848752713,2.3008203970488474,-0.41491083837491827,-0.33847237180147766,0.5742350004760582,2.3965546686941313,-0.38129187105614576
2,A,17.4,-0.963296756713036,2.882033888196296,-0.03508242660819818,-0.7601378439775552,2.8047048768024143,-0.48273982149384137,-1.2329821185658916,0.8202346498744703,0.19505574202975678,0.5484562159639912
2,A,17.5,-1.0515799052774384,2.8484830232343743,-0.020368484258719215,-0.9560408655130721,2.8906858419176404,-0.9972217429830841,-0.6018944250080298,-0.07625110192195572,0.5572358614739706,1.402317855336124
2,A,17.6,-0.4993716494276167,2.296425041611143,-0.04944822285457688,-0.527229811893904,2.5390958687689356,-0.43993547993232085,-0.5432933886892561,0.15513827376518174,0.11529468880739635,-0.6714499242027809
2,A,17.7,-1.0581793981742291,2.888971373735388,-0.04749319297438295,-0.7923697115889724,2.8476686638096615,-0.6036621984794949,-0.4610869292758732,0.8112633966749033,0.9167438023356089,-2.095284959948134
2,A,17.8,-0.7110717010329579,2.524938885311573,-0.0661872705614277,-0.9059798730023856,2.869828219841861,-0.8021587615859621,-0.6790124450934005,1.5182419817699724,-1.2899973701105547,-1.0912679372862235
2,A,17.9,-1.051742510700855,2.834257890679084,0.010816647881023704,-0.3114144035751276,2.2641582552997415,-0.1970295724321104,-0.05670886143179771,1.2729731795955577,0.890824427487418,1.5055046227028765
2,A,18.0,-1.3751720502243492,3.1642528198875595,-0.06571005162634111,-0.26152046850215926,2.1679408588460882,-0.6190616755449465,-0.12462870726462835,1.9305536887092083,-0.5882960988869379,0.16596051296745046
2,A,18.1,-0.80925606943122,2.7377259704914554,-0.01209009326614364,-0.637924862144691,2.72118665056389,-0.4738506548865041,-1.5240515269404185,1.3082318396417594,-1.5849175569670746,-0.35079028409659163
2,A,18.2,-0.731369739838753,2.6798247030225966,-0.00046007721216998463,-0.9173416644393608,3.077478863394448,-1.2527459465148296,-0.6660907971430365,0.5839411112106376,-0.9233957048973074,-1.018342443901054
2,A,18.3,-0.4426165894385199,2.020887373058048,0.03333053427030552,-0.592482212564958,2.535337377219698,-0.7422874453284535,-0.5053600616613311,0.8156513838314289,-0.4293191051183163,0.9950494570032771
2,A,18.4,-0.9209476856810141,2.5578372691896005,0.00501958611997738,-0.49597798142193134,2.5858848024370076,-0.9988537236214892,-0.2675434604842033,-0.33021878247989744,-0.2552578343891641,0.23387853977693543
2,A,18.5,-1.0847082367375174,3.052746436494316,0.01606629167312938,-0.578966969940099,2.472725302135934,-0.6619953638947348,-0.3082900527002958,0.31013332741093635,-0.44547702854481835,-0.16647997835386108
2,A,18.6,-0.6573110478826357,2.4411580858302466,0.02572057802831611,-1.3213716868129701,3.424980453913328,-1.4717983380497233,-1.221818505499225,0.2728851172134056,0.027203014921552526,-0.594951910062353
2,A,18.7,-0.7549824703691757,2.52110757424526,-0.0008625432629858607,-0.9436168807676798,2.9953995412253187,-1.008520458965131,-0.7447315449001749,1.045880410674158,-0.5276192315073291,-0.20877794498866847
2,A,18.8,-0.7252998206355035,2.47903490927085,0.018167395928713255,-0.7118313739143103,2.8864302200006224,-0.9247335042499921,-1.145533895004399,1.270567425591737,-0.58661262899441,-0.3730024862297806
2,A,18.9,-0.8327558695579478,2.647585138064608,-0.04898600957224898,-0.63156325519954,2.420671861739639,-0.6827288197484704,-0.5990032129300233,0.5439123545171525,-1.875419736240404,0.5193808020719883
2,A,19.0,-0.38403651287787127,2.305592518950129,-0.03877352173519611,-0.524468346308814,2.5643226234290055,-0.6872335092985431,-0.3088651610725532,0.5252241139372154,-0.3358398318734314,1.2208915079715421
2,A,19.1,-0.6431895129463608,2.490300365734066,0.09487554035696752,-0.6062977850301399,2.608668332510165,-0.6627570451279667,-0.4082976309616958,-0.05149774595723067,-0.05924557257680996,-2.011594557699389
2,A,19.2,-0.0876208328167607,1.9656021587472379,-0.0005867107188278834,-1.2793026954956699,3.3260908972252237,-1.1336553288649183,-1.5418185352860065,0.7978113248916909,-0.9530411591694609,-1.5047123362646706
2,A,19.3,-0.3465180162848389,2.1619495168322587,-0.03552503373334775,-1.1400256887710434,3.1582504102786553,-1.591213588462565,-1.689733229401728,1.0213245124513604,-1.8601369450191703,-0.14993618127334885
2,A,19.4,-0.4852690543867579,2.340974996950211,0.06899399505354734,-1.3296341671517218,3.2410401280953995,-1.3577599486006835,-1.5095577370006257,1.1377699141780773,-1.5669457857676068,0.02727024295059101
2,A,19.5,-1.2655162158080047,3.107552590588102,-0.007842130525738424,-0.2798364520825414,2.2637969467621994,-0.3290540043935524,-0.2658832502575902,0.3984762505435401,0.21011998968528567,-1.6043716260828722
2,A,19.6,-0.4645210600175539,2.191534624692161,-0.032324551339199696,-0.8570884149468295,2.852755599919999,-1.1841697016022927,-0.7746284887898298,2.058918712313808,-1.1844515934883275,-0.6743089416327028
2,A,19.7,-0.5071141976593904,2.2129271898153133,-0.07244957742610225,-0.7350079061857833,2.610513250538869,-0.84067850354845,-0.2443724042275175,1.580506226251404,-1.2438474126901213,-0.4556143609600363
2,A,19.8,-0.3487370764318795,2.295716205860457,0.03897459330261058,-0.5749897136735251,2.704805712374484,-0.31079645080198853,-0.20312056993269056,0.803898287182573,-1.3587276632776528,-0.4973635377823393
2,A,19.9,-0.24486695483406212,2.1197287774289157,-0.054315045360544593,-1.059182316286297,2.940602937663998,-1.0055799594686339,-1.2810462215090717,0.5422213179102784,-0.4780139306066632,-0.518032039172957
2,A,20.0,-0.7280926194185977,2.63604142694751,-0.026951629001001856,-1.3539075467445558,3.1889921293400083,-1.4850689393986187,-1.164511797585597,0.6630000488103283,-1.2562098222674059,-0.1402829452884231
2,A,20.1,-0.27627698360843383,1.9827735745638182,0.032204999397146765,-1.1069045107569668,3.24034806965783,-0.9797749330675265,-1.230177205813949,0.9439699363074238,-1.439305664265692,0.8300346768171067
2,A,20.2,-0.7379281529835574,2.5727337553898026,0.00918167871290603,-1.0155751952020655,2.9830542030193463,-0.962678474389548,-0.7776146410263979,0.839380138327649,-1.8334695300599888,0.6862349996264259
2,A,20.3,0.16707633611500472,1.516893535620567,-0.004321343692090403,-0.4438567420638274,2.567173685166342,-0.7182716079009407,-0.6453892093234204,1.1378635430828958,-1.0034455620011613,0.5387311200747825
2,A,20.4,-0.9589104248293285,2.8355373224463962,-0.010699389078076417,-0.6701675036458465,2.875928024535782,-0.761716822200294,-0.28148823885041463,1.3062395665034987,-0.3446348629511655,0.22127115755015372
2,A,20.5,-1.0841708104001477,2.9104396231329774,0.05729636770671609,-1.3597045118166202,3.439190662695873,-1.3866286417759528,-1.5255465151973426,1.6616453338822317,-1.037705111008092,-0.7703846643752412
2,A,20.6,-1.0205106740773358,2.9842491309084553,0.11151370739008395,-0.7509677103068593,2.693204821135048,-0.7663133893003137,-0.8584794534618269,1.5272228770799565,-0.4206494384698717,-0.537663705876562
2,A,20.7,-0.7289271681188323,2.42754242662161,-0.02743804145761927,-0.729982380285486,2.64889079708567,-0.679616571023343,-1.0060065576115709,0.7696163686857614,-0.8430522795475771,0.6388416355134955
2,A,20.8,-0.7830640563331073,2.6481940772422288,0.028445204525135798,-1.3619394360724446,3.3933756145707177,-1.3782422690075498,-1.1169392971420458,1.065519734721949,-0.8552286202663157,0.060558505662368194
2,A,20.9,0.3194258544046868,1.6579586028792541,0.09644001526770588,-1.031232747413984,3.112464118152821,-1.0392114517500841,-1.01148602427426,0.5970348480325711,-0.8294778838191788,0.7456570318573341
2,A,21.0,-0.4530127445726559,2.3411276852393783,0.05395285274753649,-1.6432033554300967,3.681707838680672,-1.7669421189332946,-1.5149110439227433,0.473646975718596,-0.9064560747915718,0.21174927944645386
2,A,21.1,-0.7819398229705175,2.8412994288989264,-0.03434158128891946,-0.8817198028327017,2.9480574555265537,-0.9726273034379006,-0.6581776162835884,1.9690699120604744,-0.29901339417568473,0.00753668540923603
2,A,21.2,0.10501477940295101,1.7270357500183235,-0.021534031353697455,-1.1092295802119883,3.1669236965776784,-1.2300559539871174,-1.3607833131732552,0.5431876834856368,-0.6070316485130528,0.38789741540733125
2,A,21.3,-0.4630907668016172,2.280710804711593,-0.02989842712501192,-1.472101043583197,3.7076999897793943,-1.3880684556148306,-0.974655254207985,2.009986876592508,-1.2290510396273386,-1.593210967955171
2,A,21.4,-0.6632881084660796,2.46334910391696,-0.04567217048273866,-1.2443401100101497,3.2628262073420835,-1.284842386471387,-1.0129357875660676,0.6024993276418645,-0.7849381752992022,-0.2126428546245952
2,A,21.5,0.10375632932074236,1.5753016644729496,-0.031195257633433112,-0.9158937130861503,2.9223651431044866,-1.0493953636807638,-0.8456466509880866,0.9599198729174838,-0.8851561294024495,-0.6414637540322301
2,A,21.6,0.04315370282703543,1.8158127247198939,0.013093773947017013,-1.192821776487717,2.969349135685004,-1.0598503049667451,-1.1922136487882804,1.458103010647917,-0.5236911357021352,0.7919233758122878
2,A,21.7,-0.299353750872967,2.047476971323835,-0.02935145025774019,-0.8933846806651564,2.820403156385166,-0.4262970829604817,-0.9696547044348968,0.8149715018258532,-0.6792102200105394,-0.7252244387853625
2,A,21.8,0.3735418399895603,1.4241031032605351,0.043809993132517905,-0.8032336345725601,2.8120334908653604,-0.8474697197658108,-0.9617764033774228,1.0325833489540497,-0.5091579544811236,0.17852721478470235
2,A,21.9,-0.0457946510048168,1.8939956272036127,0.006162773178639647,-1.2887858663634562,3.276256818496969,-1.051378582711996,-1.0120321702316344,0.6478964235450896,-1.6126410615927744,-0.48561109195805996
2,A,22.0,0.5031418400707418,1.5334071742730089,-0.019856284142807098,-1.101409435695003,3.063347409945187,-1.221429077774907,-1.04273774106177,0.5033610973515288,-0.4647654977975353,0.4178631149745609
2,A,22.1,0.14140866732549434,1.5927100280913336,0.044304496010349574,-0.2384814815830988,2.30348388749904,-0.20805012291613326,-0.24394900630139071,0.6850884520057953,0.131349614583118,0.6601183750973989
2,A,22.2,0.5392987952513919,1.3399674118142353,0.01594859128602302,-0.9432576415965829,3.1463870762654076,-0.7730208628960249,-1.109154795439522,0.39053317859982656,-1.429358405646484,-0.26862556885147854
2,A,22.3,0.06028031984140513,1.7667929031449077,0.013243381289288536,-1.2780837917260615,3.345994876309809,-1.0642193183670523,-1.226351731112233,1.75493305217673,0.3806589210709287,0.04397373756246216
2,A,22.4,-0.3766662207628926,2.332581110552836,0.052001922726724006,-0.9561062664171742,2.9736942003717814,-0.5402309361698621,-0.3437170103006091,0.6711548289144088,-0.3606618703830644,0.11434968248918526
2,A,22.5,0.9357381228993341,0.8648311358709612,0.028663272426251992,-1.4408760283516595,3.424292450048349,-1.5433747550401216,-1.3017497478706979,1.8009776666267023,-0.6210227377223543,0.7119254346765275
2,A,22.6,-0.08440980451863857,1.9024755349387994,-0.005444923341902133,-0.570540361185763,2.6372746691905236,-0.5597715856740735,-1.1645029422226574,-0.8481550642032002,-1.5351191829912314,-0.39124643978331847
2,A,22.7,0.06508473748603896,1.76084231276828,0.046877742143387316,-0.8315587268273179,2.9189074984359524,-0.5654752111839976,-1.521400167874763,0.76942884777318,0.24536941747109414,-0.025086789288371658
2,A,22.8,-0.08250231152755527,1.924850436608523,0.015465890110233076,-0.574832303338909,2.5963762747111834,-0.3189682022389527,-0.36068184651459934,1.090946239491179,-0.9425198635474512,-0.49281913105515934
2,A,22.9,0.11927827409359383,1.6046687089825449,0.1458654381436554,-0.6323391152798256,2.6221067101038424,-0.8043824950919014,-1.0433156913028379,0.5728144037540313,-0.6200771074385101,-1.028146556399895
2,A,23.0,0.30307754577517093,1.4291691801183903,0.054934425052356,-0.8042770115204586,2.7423244315788793,-0.8071133132639741,-0.7172745148991736,1.4011643643663576,0.06250100931218527,0.10661776077354669
2,A,23.1,0.31628633379832805,1.4399907931009852,0.05766063106873612,-0.5917763383539005,2.6111817256021457,-0.3921046341737432,-0.40449363415897777,1.1233871808885,-0.8313125745973711,0.35582379352265997
2,A,23.2,0.5043090361768672,0.9924519003574918,0.06454966858142445,-0.8580264305217357,2.8093896561378027,-0.6143863464387421,-0.6492284089614532,0.569945253452324,-0.7583719456805151,-0.8808601390477094
2,A,23.3,0.9272952793827249,0.961596065806402,0.003991980562814317,-1.1482755760348848,3.2433479983623323,-1.337509303342824,-0.5524530522428274,0.9907791776521828,-0.8068732042935444,1.503398600356182
2,A,23.4,0.28472542952896435,1.5820951341758192,0.06564477057648642,-1.2657146692204273,3.1795360135888866,-1.1947805458098093,-1.3841945183340703,2.4119041221435342,-0.13242313461284438,-0.8209678309355319
2,A,23.5,-0.07811741362699182,2.008466594864254,0.0011678513784828784,-1.0548887639311444,3.055737160084453,-1.4982224290405113,-0.9861783018081175,0.8709132686483176,0.33819990094226904,0.6729819094723452
2,A,23.6,-0.034032248756570294,1.8193024412783247,-0.04155867015927014,-1.765046795039582,3.89653733678184,-1.5623882206847186,-1.9427829620187467,0.8942927575072298,0.27760931091600044,0.3010310057225776
2,A,23.7,0.17276567629650522,1.7248518751609077,-0.028199322920507836,-0.23871776696398717,2.259158003711096,0.11282839771926939,-0.6256977916666844,0.44540826405461725,0.33087287762109036,-1.7801305773930234
2,A,23.8,-0.15451248698566683,2.2532174733036667,0.026397527716626963,-1.466994295048101,3.4514856474264572,-1.685527555770692,-1.6975352471744332,0.7842499541326133,-0.06969790188907016,-0.10134839078986073
2,A,23.9,0.7455478728879441,1.2046547518463218,-0.07805599453293435,-0.8827301150702118,2.984243195153282,-0.9263814463865657,-0.4450302750503699,-0.07471885486866792,0.2710808102127633,-1.650389473297853
2,A,24.0,0.30737892683083834,1.5142646954049686,0.010417646072712587,-1.305476469915928,3.2280487178346444,-1.5883922010685625,-0.864632754331863,0.5744877645004322,-0.17776905637203697,-0.18346873538763608
2,A,24.1,0.3974900649471352,1.3304000137095042,-0.03641750427236862,-1.5412990309827685,3.5696862244559195,-1.6329846681311,-1.782495361946774,2.162576954055293,1.4836430988939409,0.5989484252840277
2,A,24.2,0.5298491653134324,1.4547138026244661,0.03591081912809267,-0.8487379905870479,2.7983126929039552,-0.7401441417778866,-0.6043888192946268,1.3228550542016326,0.4498438968706576,1.7708540685290826
2,A,24.3,0.06544633012829332,1.8246666948515364,-0.03730868553286736,-0.91379972794378,3.0083596012592384,-0.796784519158748,-0.9629047240137721,1.061818836714129,-0.7929635390378273,0.7078324020243186
2,A,24.4,0.2761119771506526,1.566692015545835,0.09361516311376633,-0.8498938441903205,2.81389272736421,-0.7688359529427045,-0.5782683346282811,1.3337000296447619,-0.2156206225864884,-1.604868069004527
2,A,24.5,0.836569259316674,1.0651533017771915,0.03839090644954314,-0.5882991114004129,2.5106276233090115,-0.865932806469794,-0.8507565035767961,1.79472098014524,1.4314674218952614,-0.4294207249483339
2,A,24.6,0.8392764762633155,0.9364759565424574,-0.06344294795868999,-0.9829244265900369,3.0219846146363727,-1.1511826312132163,-0.8853880949863624,1.0160826804749763,-0.30582718305485457,1.4245788907924217
2,A,24.7,0.48954731288236786,1.33892141507149,0.08793796750419171,-0.61960687406667,2.6338257495016006,-0.24648777438143316,-0.5733294348838402,1.896660134403864,0.29336184183162844,0.10273963254916008
2,A,24.8,1.2996990873781615,0.4970431333248506,-0.011362625468017236,-0.5578751118499068,2.609945383347557,-0.5116116885321312,-0.8164460348677975,1.290157137473312,0.8384822223661639,1.6898172509380316
2,A,24.9,0.22982942364919995,1.671560881076732,-0.036373805485990056,-0.8396800867635512,2.8012932888200694,-0.9245302583133681,-1.003451808793487,0.7422773480597394,-0.023039790257384563,-0.804509074008685
2,A,25.0,0.5863612576323045,1.088853921716981,-0.05118996581630994,-0.8063386119137058,2.7981087752965257,-0.7557537887320693,-0.9512865939295758,1.6680820362410749,1.311714260425702,-0.6371215837447469
2,A,25.1,0.646020555389489,1.182885757637742,0.028388236982782644,-0.5029384769784889,2.447831616493214,-0.6186757604271503,-0.493591016018289,-0.785158807102241,1.7141029610383356,-1.4309417013294856
2,A,25.2,-0.23163860462710695,1.9311524547121715,0.07522609333323359,-0.6552949768386354,2.656099136451884,-0.6222053228969462,-0.15017182443661747,0.2814785980742594,0.2446956821015588,-0.46408876246164354
2,A,25.3,1.4426066161887192,0.43016196232930404,-0.02892134862658227,-0.6032710920061394,2.7252670735338045,-0.7557828087162508,-0.1188734069505995,0.7776226899387705,1.4478939953054333,1.1779946697311379
2,A,25.4,0.9106070156656083,0.8592578500697041,-0.04988104209190264,-1.4732935925997728,3.5994075917887267,-1.6077864219567297,-0.9859059043216283,0.06470349296984623,0.2641635463382844,-1.0100140222717213
2,A,25.5,0.43407837481936346,1.4627288156317553,-0.056985004401639186,-0.6047606789874694,2.644518347072348,-0.9172861884463517,-0.4170436410653458,0.5120762204610967,0.22642999309308864,0.7552366552090036
2,A,25.6,1.5342499557172897,0.38970978153918256,0.0748202655680107,-0.4761392288326899,2.424892149614055,-0.12583987186287837,-0.17843153325781702,0.21613614286424443,0.9965604060344964,0.37872822090985664
2,A,25.7,1.0373229739009973,0.861980871402744,0.08353646108554623,-0.6377418668624075,2.406249120139587,-0.49387493125997706,-0.9265514273081363,0.2004077291489454,1.0134361071474163,0.7087292244274667
2,A,25.8,0.9980120850927707,0.8354433956656014,-0.017423557005964894,-0.45486418730631467,2.362755642849383,-0.3299533782018256,-0.4290134203243861,2.213806153488794,0.5321011516005176,-0.3400755482403569
2,A,25.9,0.6498875381872877,1.2008546198608787,0.02688525437204436,0.11226808947639444,1.9438316300082512,0.2861522921943014,0.4544847187223518,0.95667607320886,1.411444863501316,-0.05761542130293295
2,A,26.0,0.9134846334561898,0.7614634777296994,-0.00014527251377707096,-0.5059492432810687,2.703309511649704,-0.5306440125462544,-0.3892541231767523,0.5413128812595284,0.038645015434113805,2.0588126028856744
2,A,26.1,0.35558776569806316,1.588151469417027,-0.0030315151139621212,-0.28426399286537724,2.2275882066979937,-0.5001807781659264,-0.47234210108181973,1.3562208186317606,0.4180541777834583,-1.3305469266320487
2,A,26.2,1.1803930924168986,0.7575095529799782,0.04820113161087092,-0.7956835312897637,2.788652422945405,-0.6930705179550961,-0.6406148290607723,0.4181065171206465,0.2933756792874884,0.6797227437921979
2,A,26.3,0.7829174786789339,0.8759325188079089,0.022047800034022177,-0.7773179314857066,2.89325798096452,-0.6391695152780397,-0.7021306355360861,1.0850515382637291,1.401078266938085,1.441718879297572
2,A,26.4,0.9719940756285761,0.7959963706320083,0.01647449833807386,-0.6275746496579155,2.532779357049672,-0.5198959267955545,-0.5623456543461534,0.7576267725026739,1.4316663217251409,0.38012610766858107
2,A,26.5,1.3561632325997643,0.6608466662682371,-0.01462894676799541,-0.79681635467249,2.7906675192663837,-0.8746401129363626,-0.9479037593549731,1.516322365768525,1.3500470683008383,1.576267948456706
2,A,26.6,1.044724913976975,0.7344169883098226,0.0407800179855439,-0.42274612685645885,2.4585532826339183,-0.7241613032987975,-0.2105379648471364,-0.3183516456519564,0.17037159838114035,-3.0513130596790443
2,A,26.7,1.0457902564795376,0.7593452857378982,-0.014100295120548029,-0.7268698687331769,2.9146711754156853,-0.5680679784387912,-0.7641521121004515,0.9861493218372342,1.0225392525962576,-0.38885375150891666
2,A,26.8,1.0588024282738502,0.9845107885503903,0.0024961244033928215,-0.44102799082896627,2.338889418411061,-0.3585987694985812,-0.6601008932726699,0.5931652802990752,1.2099282260277602,-1.2561922461668193
2,A,26.9,0.7127146010402697,1.153110453644869,0.010973874688771815,-0.8623455972866632,2.8500284988477915,-0.8736949012927998,-0.8535377639110058,-0.1815620108738123,-0.04506136452373355,-0.5043376113430833
2,A,27.0,1.2685184137407415,0.5620958935942717,-0.0600577827626725,-0.9170080221798438,2.936383729004125,-0.9632918297166982,-0.7335771096876428,1.1451271490165174,0.4192631395650217,-0.1962109169492477
2,A,27.1,1.5218694173279683,0.2338591431109205,-0.014954748338057211,-0.5544482599827003,2.645114925462012,-0.5796931568099118,-0.13710141298266676,-0.02458826593463348,1.2843472964753813,0.3933563557734969
2,A,27.2,1.2522679252421438,0.4811513202544828,-0.015630150683253585,-0.6705150749011972,2.7016696599284558,-0.7821783615844788,-0.31442363629776254,1.4632980028190323,1.3010158425488556,-0.9464649362413107
2,A,27.3,1.3006075032850477,0.5186866317553342,0.005060154324915973,-0.5044987834471422,2.375087357776494,-0.7980150679483435,-1.0207702796947762,0.7924848177854987,1.0114515935435382,0.7839218215044549
2,A,27.4,0.6872522587756329,1.0382714730493388,-0.05559090453877607,-0.46900388824211503,2.411054828248585,-0.4897336842856612,-0.13901153382736214,0.8947504557273984,1.1605958996291483,-1.6684513416033937
2,A,27.5,0.6931918057276041,1.1503043338849266,-0.059327585047250435,-0.35638722523837485,2.1501772961973513,-0.44210615586436824,-0.17258397782870977,0.518523141192692,1.004465789960416,0.8695634881522638
2,A,27.6,0.49443034810387354,1.420188146521499,0.08117310516465431,0.15391018575142282,1.7340245488168669,0.2182113714323229,0.30912291759485944,1.0057126724585952,0.8723071981560148,-0.3467070134807992
2,A,27.7,1.4310467792269366,0.4912402172392538,0.05782218031968234,0.2886892773091492,1.6708080707879402,0.22734731509438635,0.7188527654354575,-0.6636893768730832,0.6869186679000694,-1.8733371262825953
2,A,27.8,0.9110173071935582,0.8635869755012056,0.04445196783510513,0.08504019606223714,1.8192975044577526,0.14250357368068403,0.6052577593780938,0.49320327117550417,0.19758448200557654,-1.8779444140653532
2,A,27.9,1.489348328223318,0.5353373924879785,0.09124093932949935,-0.2729349725393978,2.250819954066177,-0.513208139957209,-0.058477771030067766,0.06404155239735287,0.5390314184279557,-1.8988092115352386
2,A,28.0,0.7243576394878913,1.036730415551523,0.020979761877477982,0.3985998927685662,1.7404415422069914,0.48938280965008996,0.3817569702727613,0.60317449111747,0.40857078384515055,-1.1016342411526476
2,A,28.1,0.8427245572151824,1.0968015616754014,-0.004553936746358984,-0.6393758329077757,2.6938338803507698,-0.2256336566785524,-0.783764645326799,0.39783191997918993,2.0030894387733156,0.009356722071302049
2,A,28.2,1.0262813850867538,0.8385098366357154,0.024108787421672995,-0.789767990220906,2.7504080110523996,-0.8089596442317722,-0.7041355588269111,0.7885827002591241,0.7289274998516938,1.212248675630657
2,A,28.3,1.311626336802791,0.46670428507331274,-0.09396434957250843,0.03413558037735111,2.0532827064627415,0.16032989276792253,0.17213824933784916,-0.09147017715641387,0.5250910657919057,0.6765663551732358
2,A,28.4,1.0058269030590328,0.701247819012228,-0.05490415727105157,-0.03846243856331582,2.084249979799382,0.13703994098140626,-0.22343848423671073,1.5070360267934204,0.3495310573407757,-1.4465690090837122
2,A,28.5,1.0531164748744668,0.969820433713418,0.03793185315107242,-0.064459476280839,2.183153778226679,0.007089909190948984,0.47783641331763693,1.7854604112205947,0.3754102813058688,-2.4175890597551866
2,A,28.6,0.9788831595390918,0.9306034738076493,0.0016307741578338237,0.017681058224932076,1.8073381357803797,0.06670945517134068,0.5036230650099651,0.2633403902632129,0.2357212946633127,-0.41862128613841904
2,A,28.7,1.0282120333783011,0.795750609535784,-0.06388181675406174,-0.5459255119114206,2.671815285157025,-0.85671518188331,-0.25994664731749006,0.37165722588619915,0.6793145298421295,-1.5465232524276968
2,A,28.8,0.5677572827577155,1.320720162852446,0.03292684357798977,-0.35460039150157885,2.4526614028079514,-0.5170036978483707,0.24358949755131953,0.5454726131137695,0.28722953417857344,-0.29771178609453386
2,A,28.9,0.9784055044414194,0.7643009975758557,0.049945082449664044,0.5041059103604624,1.5785662391563324,0.8133736547500487,0.7991019798707457,1.1236532321261772,0.743079700093117,-0.8105369198697807
2,A,29.0,0.8755781212252125,1.1619297474718355,0.033393978068216756,0.45397302802316564,1.4426901411245785,0.49557363208025706,0.372066204290373,1.4955736750534847,-0.20986957675528645,2.4483244406749085
2,A,29.1,0.9110398248068893,0.8816488232874015,-0.0015148389719406002,-0.13668055932950335,2.017802560714727,-0.09372865543491998,0.1604669578540493,-0.3738490025168793,0.3675900696734847,-1.8513869397823477
2,A,29.2,1.0925496419436975,0.6937271525574162,-0.04180247400261924,0.8143952289068161,1.2348903098663375,1.202986357491528,1.4488061246293302,-0.027263952679086267,0.6335072880719487,0.1865612072964229
2,A,29.3,0.6705623330029302,1.153398439434302,0.0053797469084257525,-0.21524211157452397,2.151503538532835,-0.556450324313166,-0.257574434501588,-0.3033543348433521,-0.6358833113176955,1.7286635479876367
2,A,29.4,0.8670632271936156,0.8515819116992456,0.021346216441284212,-0.01877779913199673,2.1018874905574605,0.1923605138685276,-0.37364131777400594,-0.34162086022920585,0.10663098593572023,-0.5426099500192829
2,A,29.5,0.7796889711179673,1.172137266388071,-0.017929439883265234,0.3051385189219903,1.688399312591118,0.43614494502905543,0.624431784175481,-0.6654503889888581,0.10348934075909791,-0.9167086474872412
2,A,29.6,1.0162394564107278,0.7017676799417001,0.030151795506334945,-0.19397920227432722,1.926382835898594,-0.5819051412677267,-0.6806824720676891,0.5278607225873466,-0.2961919921070265,1.5476562168895072
2,A,29.7,1.1305759955265895,0.7685848569158227,0.015721596687623546,0.07487008072527396,1.8243119046883618,-0.05065837673131485,-0.20343367023235548,-0.39321952855940123,-0.4379608304141035,-2.2599276742934413
2,A,29.8,0.5065457404673781,1.2497680198761438,0.01665572752357495,0.20632708149146003,1.7915331861816328,0.29216259582672477,0.339988840852381,1.1961563983127401,-1.3085155424955066,-1.8563243095007196
2,A,29.9,1.0303793095789153,0.8309099245210012,-0.10162698944107938,0.1496578956063865,1.9765569331853303,0.010228224405192138,0.05248086122679872,0.8311612002534522,0.4443757387774454,-1.3699315675674606
2,A,30.0,1.5320411564515397,0.21539334278496325,0.05405464965105461,0.6138112619878212,1.409762611577483,0.4619661936612487,1.1551048909107617,-0.3397104202505134,-0.8533204166353061,0.25954302958381553
2,A,30.1,0.2771716902085485,1.4736501289670094,0.08621958599759436,0.5373377937322474,1.588327320957928,0.6594253459832198,0.5662566880968675,-0.34808925500678584,-1.0856004487561153,0.6353132485930081
2,A,30.2,0.4839428968384442,1.4913312726710104,-0.020123381228480817,-0.03421973800368894,2.246290008683938,-0.0708911992941405,0.18182348017355063,-0.10549810046502317,0.006531462063454674,-0.2671932455094023
2,A,30.3,0.44810822030601233,1.396209711226436,-0.07384494905927405,0.13250798467464295,1.800319054191966,0.1713751619663195,0.49122269672718744,1.0937852159232353,-1.5333128762294796,2.0503454867457815
2,A,30.4,0.6398289148180225,1.1982831291875315,0.03194646597099043,0.4543970065645274,1.4807490824375824,0.42298328643267247,0.49439581994782034,-0.26410767386221384,0.09952063357374819,-0.3428125444572617
2,A,30.5,1.2861234778470894,0.5665328608499893,-0.023282986621691655,0.38808849320632854,1.585292264676035,0.4157722967154659,0.5675535941743783,-0.6586440557045872,-0.26104020201867123,-0.13744056592312542
2,A,30.6,0.7028388557149846,1.2015962329466072,-0.04835061855041049,0.15574370656920494,1.7376793343923929,0.21718782446438034,-0.36325046407610734,0.19963932196184075,-0.20436020907426578,-0.44083533307524686
2,A,30.7,0.43450367911957327,1.2092213435744712,0.060885812793767646,0.5998528697381977,1.5606772689003603,1.0424827844181466,1.233244106183709,0.44511516047400057,-0.701650701486067,1.1039201638310538
2,A,30.8,0.874216982259907,0.9337421622339364,-0.0691689676243082,0.7576637229523678,1.0958968659471207,0.8395160551613996,0.8077676524226055,-0.1815053937283338,-1.371974111954012,-0.1148781253379219
2,A,30.9,0.42506862355396424,1.2482985891641223,0.03587143110185287,0.2690996127394536,1.832549155408379,0.12987678823652865,0.21267233053883017,1.1762565780664052,-1.8113104097595154,-0.5188742524769029
2,A,31.0,1.006101310360654,0.8796823671419385,-0.06238670604529102,0.785212292754182,1.1701323351273616,0.86240815661905,0.6176962000995032,0.3406029855056411,0.1614816978229474,1.5744855841685348
2,A,31.1,0.6971674134416984,1.2378810748407818,0.0731133991387737,-0.03974031909839881,1.9873705240176442,0.013043540445060411,0.0418866445755674,0.45986497342709576,-1.0282908854535688,1.1826056970263505
2,A,31.2,1.0533417378563505,0.7623022964030663,0.02582762330211856,-0.0172803937445678,1.9026178529102278,0.6448556179049809,-0.17860341013936032,-0.3335806501269927,-1.0855309783335159,0.9007966105029258
2,A,31.3,0.31228999767523613,1.572902474887905,-0.012869749825341498,0.7396578674555943,1.0535046551931564,0.456284384238495,0.8186258968705972,0.14758179495101764,0.14559090323608914,-1.3814906127668967
2,A,31.4,1.5806173319509202,0.009236883967123966,0.007468497905744366,0.2906101570836588,1.6676185063204774,0.4299334892692094,0.10955654485137414,0.06917389872757405,-1.208440816567014,-1.1824887028464552
2,A,31.5,0.7840632871941177,1.0202632400383658,0.029104369374167122,0.2514843348499222,1.779569575519296,0.30440663740380824,-0.1664913199172825,-1.2086102785210449,-0.9959020079640684,-0.34416629550489103
2,A,31.6,0.6998069855706778,1.0138019130796572,0.041494718871555585,0.5256737861226642,1.5784299455157198,0.8325448782991088,0.30513204764312224,0.3189677859019121,-1.01641931855222,-0.3592006438510001
2,A,31.7,0.42765696571421385,1.4236354236495314,0.04138957141461158,0.3979240373186851,1.5690492606303232,0.19478544756701133,0.15921971307731222,-0.9388865158301285,-0.9752972002597755,-0.5277563035198444
2,A,31.8,0.1661267367147567,1.6953482060126523,0.027336513295821305,0.7663071886074373,1.3113078575455703,0.5209865789072601,0.8869309702000334,0.11233831692973201,-1.5325415680690906,-0.3169422067296583
2,A,31.9,0.09054368717469441,1.7414162667371147,-0.023869083111633053,0.15897621442540633,1.969642790495359,0.23023657753437077,0.20347890703728616,-0.7631555055435054,-1.258467981692477,0.5630230099397037
2,A,32.0,0.3205324885494717,1.472764597444322,0.033203977376368654,0.5545154124041565,1.4585422617572315,0.7228383012734095,0.4060077159202317,1.3245902954650866,-0.16187946042898504,-1.1057189775541871
2,A,32.1,0.06264768296888795,1.6812624446730253,-0.06556621910047467,1.8067492401248666,0.11890968397699919,1.8956063526207232,1.9080036541204304,0.30013697409725903,-0.48468906683994945,0.16347532396813125
2,A,32.2,0.41392301894225186,1.4271611947203118,0.05020465523007455,0.7544193375090977,1.2693525803881658,0.8817617680689361,0.5691841243625039,0.6127646071779983,-2.733107819003218,-0.48101212153797596
2,A,32.3,-0.0011049651317929232,1.8980589346849202,0.04365029186577657,0.061382468325884454,2.036724333201013,0.05312677104829999,0.051068503587522684,0.6389168231573072,-2.1247392758744565,-0.5651045450432175
2,A,32.4,0.4782204515835498,1.4574360182165012,0.0697040521250215,0.9558782957345603,1.022731159341858,1.1573254185153996,0.8721347619752008,-0.7156271414812477,-0.7495179158619327,-0.36188936636347385
2,A,32.5,0.5680879602995491,1.2684487881224196,-0.02943898035842603,0.952690528510741,1.164493465883642,0.9792226049970243,1.078001230716556,-1.298462202821262,-1.0148440399773309,0.6698241829783934
2,A,32.6,-0.04118156882091811,1.8127541083766379,0.009310584923480183,1.2588264224030254,0.8857844406652438,1.1588546665904191,0.9971949397178637,-0.1355928685636527,-1.1664581112502752,0.21061134841812365
2,A,32.7,0.5955554139783528,1.1875186905420685,0.0429143000441104,0.8401478471809612,1.00672865611294,1.134394307766715,0.7962113646373851,0.5919791875629739,-0.3080839437879197,-0.8579448916064452
2,A,32.8,0.06694591160749476,1.7637046554492946,0.0158928939551128,0.5728274794587856,1.3956586918488862,0.4011202639950081,0.5635633816940657,0.09984059330819381,-1.9936057416550423,0.2686945825341321
2,A,32.9,0.5265665600707681,1.3623161320041888,-0.021333364201922642,1.307612621457376,0.48713898348714313,0.9878316410627206,0.980141008454426,0.5080057650269135,-0.18998533514114857,0.07637920184672763
2,A,33.0,0.24746653487044723,1.5667257509422592,0.015366553352352909,1.0763020038736106,1.0639343921825342,0.9979852421283227,1.0917602788833507,0.5902492269764409,-0.8148821763269087,0.3609236243449291
2,A,33.1,0.45874051053136,1.3129478137335364,0.0034016017334206217,0.20898983837730967,1.6800919799680554,0.18209523583313772,0.1961117631049429,-0.8756478221291232,-0.5463403584316835,-0.31638873541155105
2,A,33.2,-0.3112667457654545,2.1438173235685527,0.04978519707052523,1.1126541114174362,0.8978050778703162,1.1002881234995376,1.3888652233628944,0.18391967012608512,-0.7024130495944266,0.9570240315601669
2,A,33.3,-0.027953256939583223,1.8455852202117566,-0.03142312763773954,0.7808230271902319,0.9439861497342692,0.7214886252966793,0.45045958379218476,1.182712205486494,-0.32336502826008406,0.34204317937869305
2,A,33.4,0.4891518014914189,1.3547674432250216,0.016974390278449374,1.261988302919864,0.7523277126035188,1.3375401368803022,0.8257940607217604,-0.34797420663077117,-0.9554931145791107,-1.188857106078279
2,A,33.5,-0.2634193473981955,2.0007382327433336,0.014646556284028556,0.7530970455609302,1.2841220319892708,0.6857427175140897,0.2695142990292341,-1.2315798610234894,-1.1025970506633107,-1.3259709277041025
2,A,33.6,-0.7883472345162112,2.6610360734014735,0.03786640621485315,1.168992548589415,0.7813989557571361,0.9957674272080717,1.2331091288404155,-0.16175981781756643,-0.27803120987279284,-1.449186769208846
2,A,33.7,-0.7833931587671822,2.593708408821922,-0.0036446122605938,0.9714440079134153,1.002433492989345,1.251548503446444,0.8114413772806088,-0.3098968099263654,-0.6095140187967877,0.37088981764512535
2,A,33.8,-1.0088185875289024,2.7982445966790865,0.006365731778604425,1.117863021605771,0.9208240716371336,1.0835177723640959,0.8212296049642195,0.21145730708512492,-1.4327127520859664,-0.7234068444165794
2,A,33.9,-0.8994939750693757,2.6558105313954155,-0.0035474837450429238,0.9143212887012708,0.9872775251766588,1.1334068416106304,0.9852387227589107,-0.5834873215809386,0.16600438927521066,-0.3774316291917807
2,A,34.0,-0.33145502170169383,2.010735357264642,0.00170329312769259,0.7847334767529983,1.139022031294635,0.8199771653409612,1.0418281434293122,-0.0020814037591936896,0.12090591149826646,-0.09390570472460145
2,A,34.1,0.2324085919774889,1.5289148392534853,0.00041795813787414717,0.9612061936204437,0.9429982564919595,1.0587217554940649,1.5247477080220249,-1.3954249613165655,0.2992480798131937,1.2136432678173017
2,A,34.2,-0.39737947862501827,2.166326967230488,-0.016337227569087863,1.1661926985043336,0.7865390171414461,1.474968017955287,1.5366872723726954,0.43894647258249103,-0.47624538239260766,2.177734251583515
2,A,34.3,-0.15669372069999377,2.1325862417535206,0.1413649897029825,1.098180082629869,0.9655589367198802,0.7276282165769803,0.9046933622216066,0.8702377423265563,-0.27069842244022535,-0.12863235677802878
2,A,34.4,-0.3355386031342977,2.1037670208553094,-0.04219557439689015,1.5238334829964493,0.538967926149339,1.7494988307689567,1.9577686202167959,0.6884010249489818,-0.665526296468419,1.9895260328679034
2,A,34.5,-0.32092528729554115,1.9204223382112189,-0.05867049531660471,1.1135195923404642,0.8199547287427049,1.1269190217450233,0.8899196682299905,-1.0078902750386178,-0.9746362278724758,0.5402596907894025
2,A,34.6,-0.40940391410191,2.321273824810073,-0.03978133063945625,1.1925039116982175,0.8941754253810359,1.3673695445915832,1.3179838349345738,0.08433026143997956,-0.3048783640432709,1.2015827573565654
2,A,34.7,-0.4378341309199598,2.368654928011927,-0.03550262744965262,1.711006873517623,0.1119622759737744,1.6216735381955316,1.942312271522472,-1.9059866101094505,-0.1904980316604169,-0.28919110419011307
2,A,34.8,-0.24149900072170538,2.091833197095703,0.0005718285577708139,1.002999298276323,0.9865248303110705,1.0050346088601672,0.5623527308918161,0.04590029145212035,-0.6454562809037276,-1.2546765313375001
2,A,34.9,-0.8402137187795891,2.5669577183210945,0.07154663989213185,1.1714550483553892,0.9007363484174804,1.1411770331760651,1.2113322649113412,-0.1710231237883054,0.8993277897083116,0.47950134869460215
2,A,35.0,-0.10044598767239371,1.8768397505941068,0.08441918914975029,0.7765890633398407,1.112428046423711,0.5567066384418677,0.8057747459031072,-0.738267565210718,-1.1181615976902615,1.2916358744035508
2,A,35.1,-0.1569920260080444,2.033573258806373,0.011866218198159683,1.0055745884412866,0.989218345825096,0.9932372813506142,1.6591991415470932,0.05711420055367217,-0.5875194203726629,-1.5744802454449096
2,A,35.2,-0.5718932709423268,2.404361101266441,-0.12491063571298314,1.56828143363519,0.3047741832308002,1.9303877659198383,1.3871713659857983,-0.07471196007292633,-0.4505548303320266,-0.06633773892448797
2,A,35.3,-0.24595781346380186,1.9711227274378065,0.019217967653732942,1.104946898536963,0.866647984096409,1.359658056547161,1.3315480188874451,0.3978367088111536,0.777707745213547,0.2148189991869804
2,A,35.4,-0.7971164198184411,2.5587232571576886,-0.0655327282812697,1.505521971284756,0.3104218859502299,1.786519545604305,1.4535581141240077,-0.09780940670203944,-0.10026168292603482,0.5948211189961052
2,A,35.5,-0.7630333103996474,2.349014425598745,-0.02503507875937538,0.6261651169344203,1.4049570017850932,0.581544983143468,0.6513935899493591,-0.04149235810220708,-0.0907153753847784,-1.0961508293926268
2,A,35.6,-0.5432126354629903,2.271512779583264,-0.0574861394070571,0.5093882800992537,1.7018030767353776,0.474750639892553,0.23070359635112714,-1.357849756234095,-0.3767894608249541,-0.5658530189877744
2,A,35.7,-0.686904116756258,2.4804162073073903,0.02128112898055186,1.1076289995458997,1.036765076961803,1.019711962394287,1.4016382511222751,-0.8949210541052869,-0.25437476076392906,0.9289559706718395
2,A,35.8,-0.7993109646116515,2.566707149180302,-0.0313303722298526,0.520448816961615,1.6357131465878423,0.10975939585646932,0.8940199696946283,-0.4928901161546486,-0.5292150326683509,1.8099561633950443
2,A,35.9,-0.8990219550077664,2.762789186250717,0.03860598387203496,1.933784170022433,0.0,1.8861811940371362,2.290008294724608,-0.0374885479756247,0.9113906294918088,0.09897127859789831
2,A,36.0,-0.8796702585538043,2.8063163708584966,0.02386511981959421,1.4349843327352634,0.3768747691629364,1.2861455602217409,0.9251368022117559,-0.22760016582277,0.7150526612844725,0.9794779312352407
2,A,36.1,-0.3761727934735912,2.1878458924082276,-0.012003478337639543,0.5604003920755696,1.4518769992466563,0.7354025227705795,0.004413732549092719,0.6685075647479651,0.9903914730104446,0.16760469235925274
2,A,36.2,-1.4048163221709706,3.1846290299414024,0.004028018530104405,0.9357917193743657,1.1904177389461488,1.1223600984919802,0.9137457551727228,-0.7623073044109325,0.04447761941256734,0.43038070889692925
2,A,36.3,-0.6204721022777577,2.5888692169356857,0.04587098832011202,0.7899022345108007,1.1345792288370697,0.8778575108417797,1.128120410180183,-0.392154838463153,1.9933059768632815,-0.391983689267566
2,A,36.4,-0.8451954441459926,2.7262999028109576,-0.01860659579380612,1.1342593569116308,0.8131440661901075,0.9564980481682055,1.3750884639383625,-0.10346891935330951,-0.059755422445627926,-0.23323113053296693
2,A,36.5,-0.5256956823384531,2.3914900846727454,0.04578094427466167,0.9648627842301086,1.0660272781314817,0.846727193742913,0.8877050090039263,-0.4035347384850968,-0.6618889892348842,-0.5806714271205524
2,A,36.6,-0.6175186747647935,2.4198232466647602,-0.0009658003343790066,1.3072510927056429,0.6447276714368169,1.5762231879523654,1.1007157714560152,0.02461649443663788,0.4348741075697082,0.09621756553332106
2,A,36.7,-1.7884077907490328,3.643323208786966,0.013469872640243068,1.4905135085157013,0.5016190712525133,1.5560397244350728,1.9931959974966063,-0.6231406614224967,0.7304125527505669,1.1046573759407743
2,A,36.8,-0.625969585528713,2.410328726645651,0.039962043556776,0.8941694029587215,1.2136259645645673,1.096210439718141,1.319757728703233,0.56335613426909,1.1380979575376942,0.18735283821084855
2,A,36.9,-0.7325111204608943,2.5515687079900906,0.06657662617894641,0.5555918637767401,1.368619961999869,0.46704481627796735,0.3365317487291838,-0.4886239579327022,0.10803644431490556,0.654783842005618
2,A,37.0,-0.8530900341846508,2.5759260954203653,0.02604060994388693,1.157227863022218,0.8860225747991894,1.3510289008104144,1.137892061187885,0.3647029825283324,1.105160396423535,-0.6468167075501708
2,A,37.1,-1.038824720030715,3.0388102981445595,0.0029185941981498373,0.8963463805146834,1.191396107946791,0.8322081450958487,0.8682500933297045,-0.3310133235946019,1.8053705243870293,0.716010724619602
2,A,37.2,-0.5894880211290772,2.25264436947618,0.03603429673810845,1.347797686594957,0.6686082529166437,1.2516606114771582,1.9703658855070634,0.574142716954791,0.297289896905345,-3.173982300937372
2,A,37.3,-1.045334309004259,2.7324357198557183,-0.07727238187098968,0.8865707607060336,0.9494023394625299,0.9415107520710274,1.0984444455377445,-1.1675511922050448,0.38982519841005353,-1.4351766499764707
2,A,37.4,-0.27054041807611207,2.094377521612794,0.08194808015769801,1.2224972785179982,0.5740393572591589,1.078627514687667,1.5594789670608267,-0.02648475270202877,-0.16468896611457728,-0.3433544220207748
2,A,37.5,-0.7263455330882767,2.4901820238144374,-0.0662745632847493,1.0415026155887372,0.8112573013850375,0.8124315288356394,0.7791933865897416,-0.6039609148185074,1.0222501526474976,-1.8365756737228633
2,A,37.6,-0.18608911885279356,1.9543030909628594,0.045185471660897814,0.8490757546079041,1.1931980880589763,1.121941332657288,0.9323800437350088,-0.21339584354059124,1.410289269606385,0.5619706599772282
2,A,37.7,-1.2189683630631323,3.121566137990521,-0.028208196527269136,0.748895199970576,1.3465953080007382,0.8884499751341284,0.7173801088826119,0.3556568758193849,1.3716062425483622,0.2013917980995171
2,A,37.8,-1.5675533155987167,3.379955621165191,0.025362579226968635,1.1463745934806282,0.8120047345246608,1.0526232989203794,1.1913748228958376,-1.0512422465495823,1.4246174847044923,-0.9273708133769598
2,A,37.9,-0.7109890626688162,2.462040456910255,-0.005828371202837283,1.772095461675263,0.23687847424029318,1.7686411371998545,1.8947354299591879,-1.1687272831317739,1.7844973094349346,0.08778039332146753
2,A,38.0,-0.6701367395247808,2.4680238758154274,0.015179487953438837,1.1694722079319708,0.8093981397973598,1.3964473618513504,1.1484788653252573,-0.9822214895804372,1.0189744515224763,-1.526863330872842
2,A,38.1,-0.9628505959400585,2.686587331306579,-0.04003935197833835,0.8194124891148732,1.28640152032846,0.717627581682433,0.5031405989792659,-0.23822669977955604,1.5191842791489885,-0.9182084566541844
2,A,38.2,-1.5196681534539593,3.339037354598439,-0.10803140021498339,1.1019349348136234,0.9794605781109651,0.6189411961056848,1.4507330568384251,-1.530584563151494,0.3788609062565187,-0.39510966923547597
2,A,38.3,-1.1429334508796303,2.9637271641687235,0.02033278246742691,0.8825592694350078,1.217803558360864,1.33601405028839,0.6011414633269561,-0.34811393537180063,0.47488888377347144,-1.622674822605305
2,A,38.4,-0.7741664888245339,2.6798156755783853,-0.030025216931214096,0.3822825869158779,1.5332206395108285,0.0884909821476404,0.14545808371056695,-1.1853594711357638,1.090846637483266,1.0431074865162258
2,A,38.5,-1.0584226694339904,2.9237452865560494,-0.032431788380078846,0.926595914509686,0.959945754530835,0.8354069640364817,0.37589019693417247,-1.107369928636792,0.44970945570869225,-0.6696007176616701
2,A,38.6,-1.0372607429493688,2.912101323204571,-0.036266156839102455,1.3472096285980586,0.7138263318802109,0.9088280320374605,1.4529934498595156,-0.6501210304111834,1.2750579194673453,1.020129443550013
2,A,38.7,-1.0599848201511233,2.7183052805269745,0.09922056244425609,0.681536799139637,1.2529754181496877,0.24153240142936094,0.7192237288402566,-0.20769531101177705,1.7459225176224935,-0.15438324494581626
2,A,38.8,-1.3265543187525755,3.1313725756892348,-0.029109621906316642,0.38439597832293126,1.5442236201672999,0.44990472317125396,0.18717090941141276,-0.8193033094849882,1.1492430766517652,0.3058362819208276
2,A,38.9,-1.186552179331118,3.1153636416183312,0.016340648955952757,0.9354453645015384,1.1313214228882664,0.673211745561574,0.6750479212607656,-0.7460422987100956,0.44830524432664715,-0.9226795138074608
2,A,39.0,-1.4988009575479178,3.2878099308831694,-0.05802215969347185,1.3909423995750787,0.6008435939362771,1.5175589416094095,1.4414692062708134,-0.48324381108382714,0.42278138124100806,-0.3146708693542956
2,A,39.1,-0.37943308336935244,2.227502265183852,0.07615483569639923,1.06444945823922,0.8469807747827258,1.0326241452020213,0.9758778111142794,-0.6290592128060168,1.6697032712767754,-0.4295204489836428
2,A,39.2,-1.1625141154414662,3.2967593656354923,-0.027813398430813364,1.0768599913004935,1.0173798774161855,1.043645815201012,0.769231390762927,-2.0785699859894753,0.34779307541825444,0.2301179216145653
2,A,39.3,-0.8260882954061944,2.6069718704422082,-0.13003209045565475,1.5107142549321835,0.35743117224650245,1.6337750974389682,1.6466301776065004,-0.737914822909677,0.8540987793218625,1.3751210859315999
2,A,39.4,-1.3472361992271094,3.331374889696188,0.1355974936947578,1.256496350572935,0.7568942750267711,1.386879608128359,1.5282497474824148,-0.4360306922216538,0.6167225428084121,-0.569780584557707
2,A,39.5,-0.7070244422943952,2.4780468124201667,-0.054907431627860936,0.9224516592275966,1.064385181718475,1.1943105328121155,1.0322340032388675,0.16454715632606043,0.773221737067094,-0.16880827913001892
2,A,39.6,-1.635461394556602,3.5604565666110486,0.06544661671407505,0.583539485563575,1.4336690258431612,0.30702180259346473,0.837613150976271,0.7266116109794872,1.3664657220060838,0.35674534984348105
2,A,39.7,-0.651602206157894,2.626303464348605,0.036653628027122305,0.6880077759079133,1.4529429792079593,0.5387439779380553,0.7613373255809054,-0.10801834530445048,0.35058262678453667,0.859297682586489
2,A,39.8,-0.979380261469984,2.7588149085231417,0.03260898179075142,0.5866145215828757,1.372255330822632,0.7211675733684468,1.0504935785468108,-0.4677335974084959,-0.20908441395525612,-0.11537269137804526
2,A,39.9,-0.22070070309379464,2.1989888917726583,-0.011574241518541462,0.9023556057954255,1.0911007440303342,1.0557044646739753,1.1752906777016745,-1.1009790893383395,1.469668868459547,-0.38804294702135633
2,A,40.0,-1.4083434417905603,3.2818821742896676,0.009459937591254929,0.2786913059026061,1.7550959686791623,0.17134253203336475,0.17945291923193307,-0.4755747045843832,0.692204481705025,-0.5890913022626665
2,A,40.1,-0.9152071326529335,2.723638205312213,0.06119680044584487,1.1107387387370693,0.9040290783231073,0.8642309101003592,1.441291047674241,-0.06850731436937252,0.9520099379337394,0.004766667675891961
2,A,40.2,-0.8035399775988579,2.571185537437448,-0.015046535809969975,0.6026898962287659,1.3483527818520766,0.6032673783417044,0.712477591263235,0.21615035939143135,0.4616489998899835,0.24025470877059454
2,A,40.3,-0.48994212348981564,2.2443224819971457,0.012565481604313873,0.39313450097018254,1.6143808078567305,-0.20621781998236244,0.24238395862397583,-1.077686319614283,0.8952034693255431,-0.6887997974406604
2,A,40.4,-1.0581059071717673,2.890602848178533,0.04641451074625336,0.7997616482845871,1.2460362273873091,0.4640196994746845,0.6007360244983878,-0.4142302944027302,1.141603652900794,-0.3099794957553304
2,A,40.5,-0.8677650334771152,2.7798733803973796,0.004169441861795467,-0.23076415937456285,2.2154947198993256,-0.006386839609949735,-0.3156302810531333,-0.0733557111085027,1.1555968936063687,0.7594370804507713
2,A,40.6,-1.6350946665095343,3.2715819360638374,-0.02124915975492289,0.18418511697749718,1.733172386157802,-0.07404469235481143,-0.39919661701655396,0.5471738557838446,0.12381106128329583,-0.026957374637795885
2,A,40.7,-1.162286508946456,3.0517534531517114,0.07258394541589672,0.22658597784666015,1.7625950943173303,0.6347695285937724,0.0017328184661603296,-0.42250303961491265,0.027853577915952665,-0.576263454223926
2,A,40.8,-0.6994610734993179,2.3479709875020633,0.017084429943644345,0.724313282931721,1.3480784569611701,0.7471347318433593,0.5793765182321006,-0.90725259506512,0.42664542274830897,0.7085369176602513
2,A,40.9,-0.4561793979543077,2.330300707434106,-0.00625863322935143,0.24602776322054515,1.6636579837532683,0.29947738140140046,-0.2138963125304581,-1.0025514662966448,0.26406589017915577,0.7130302787250333
2,A,41.0,-0.9256882684475264,2.638428511264741,-0.03879474119859333,0.8958863525529824,1.126528104976828,1.434971825396806,0.6374533758787505,-0.8096451160283474,0.4288806655362428,0.6125178733335419
2,A,41.1,-0.09113514771297093,1.813007405969353,-0.050279861097798695,0.22047074654240179,1.7137668439965013,0.40003868294033906,-0.07355270375266598,-0.992668940508979,-0.38777534248865464,0.6676573387747357
2,A,41.2,-0.17790316939065176,2.111325406279737,0.044689205269052054,0.538800179555047,1.4685698619484633,0.4748510111452984,0.07998525188864825,-0.11187801838673311,-1.4067570362951423,-0.3971575049427377
2,A,41.3,-0.7977148848082621,2.5910552462590344,0.04746340431166905,0.08791235632853062,1.9992910716511423,-0.023510563072310378,0.04748403356954149,0.027555185319962927,0.20738260399278666,0.20420500387853047
2,A,41.4,-1.6030879656995476,3.356417574931857,-0.10853555295385352,0.7194222260254142,1.4008626297723636,0.5902556479083991,0.7821704739744011,-0.18528833417371676,0.35560507071466657,0.3149837408202601
2,A,41.5,-1.3617793265107054,3.1205499265097765,-0.030774581971287754,0.20495466446172692,1.8778689673368782,-0.20842571545472152,0.3083499140619808,0.08899022890840103,0.22247647749031751,0.12197978149816244
2,A,41.6,-0.9925596142075015,2.8413221713872865,0.048244406843481295,0.4545756589741584,1.5616120413483165,0.5279692785666377,0.796203976499058,-0.904646095797872,0.7826085223377193,-1.7589004538113266
2,A,41.7,-0.30986676301034627,2.108539570621127,0.12121533096322575,0.07918332965940575,2.1388587989253196,0.08332614634398014,0.027422454078388676,-0.410191221406475,0.2491630666419664,-0.018783302516931433
2,A,41.8,-0.5713580779981008,2.4396958582490518,0.10751769037964475,-0.1499024268328123,2.1043751692556065,-0.2884820802332979,-0.2926310848499334,-0.8751407400979572,-0.5435436513178681,0.3519160207198185
2,A,41.9,-1.3919387980117013,3.3379889480852087,0.047093308762106274,0.12811476635402708,1.7546979714406943,0.30199480169371995,0.12964910950239456,-0.62404096561616,0.23322808372740156,0.49543485101087276
2,A,42.0,-0.7174920298532466,2.447959618310618,0.06866662275630556,0.5716848281510806,1.4453049738147423,0.4495949065060763,0.9459633078561293,0.07891968080211231,-0.4554511789082414,-0.2982909885365792
2,A,42.1,-0.05070988908208118,1.9355468434253322,-0.026370972848350046,-0.19052119478456586,2.2942455952821477,-0.5447036217653708,0.28551947156941426,-0.6796902617947134,0.30337126285288923,0.03260794277735552
2,A,42.2,-0.7240384607169877,2.4149314537077613,0.03872672617644898,-0.3912761918714256,2.5507475050689967,-0.6149083836619134,-0.5575393781238445,-1.7864510740576631,-0.3510338009133892,-1.8088269855454429
2,A,42.3,-0.8323427155184069,2.6009664375458414,-0.06185823504656895,0.014420092077998617,1.9558217281105048,0.0003246819019745908,0.1352432433501568,-0.8249164115831641,-0.26433862116825846,-1.49665531940649
2,A,42.4,0.17272408914707138,1.7454093903556125,-0.02809381731344295,0.3736257394591511,1.5779502920268398,0.4323572935607673,0.32827246514645403,-1.1065361200748614,-0.44089953143320054,-2.97099952101869
2,A,42.5,-0.5038052268365272,2.348793870942046,0.016048554163438276,-0.2910847777701907,2.2780998131211776,0.07770655162995188,-0.11848713203152894,-1.5897156409154847,-0.5842726240264827,-0.22909593265287048
2,A,42.6,-0.6658900899146188,2.5233973936055314,0.10839685350250781,-0.13384064899741735,2.0569781343393334,-0.21915480976499338,-0.863191406173991,-1.1640631196396516,-1.5526017404542745,1.6263021017458696
2,A,42.7,-0.3509148988224145,2.266872475939006,0.03739816646689161,0.099056250163896,1.9609593923392734,0.19676432765649243,-0.02688107857352874,-0.11888588533016586,-0.6558297582481531,1.7526253817244726
2,A,42.8,-0.44237556185910126,2.2211014150211636,0.01369135453332844,-0.10317050533729993,2.121198693970755,0.09386309275134636,-0.6630623096575188,0.3079303179328503,-2.08784934804055,-1.1286100829228676
2,A,42.9,-0.5731343944675861,2.4498646140051,-0.008504178134292424,0.09109823232288347,1.8741002590688658,0.20473029605404075,-0.8498658965500882,-0.9993127677997753,-0.457419728893129,0.6519955646769935
2,A,43.0,0.025811824358406454,1.6398878364299092,-0.06612214856711249,0.3849240888383871,1.630452667911303,0.4373651660351588,0.4988125443864583,-0.10961800908015129,-0.19057519571456205,1.2609207218064573
2,A,43.1,0.019451920737519224,1.7233277673120333,0.030143150114367214,-0.045961148008770075,1.9900147244214403,-0.27962271923485943,-0.3216492336609079,-0.009373451129463084,0.4175510150691868,-0.3038800285737661
2,A,43.2,-0.05034137782513065,1.967229096430684,-0.017454684829161588,-0.09822019364661115,2.0414349545214954,-0.18369038080247363,0.2875883120533495,-1.4172856471066049,-0.6137308221300696,-1.967058003988349
2,A,43.3,-0.3539771599831507,2.1847460242892778,0.011952235281522255,0.1709050723148834,1.8490506407272627,0.5971543698818085,0.4073927926506472,-0.7500674037700668,-1.2907500883932337,1.4251591113251427
2,A,43.4,0.1103789649115473,1.7411658664568066,-0.04446654569872577,-0.14066943971258816,2.2298395614550683,-0.11263860532375462,0.23797347256676638,-0.7581008505139566,-1.8348188491880306,-0.35739571222546346
2,A,43.5,-0.2812689526709093,2.266588550203424,0.00606274768517892,-0.47441523518191464,2.539626576537759,-0.4886939395665185,-0.22721697172071828,-0.6329033383836676,0.2698810028440606,-0.3917609092019217
2,A,43.6,-0.07317385349363029,1.8089170977682139,-0.0768514433469781,-0.5176992374269427,2.400918611910861,-0.7577146604007012,-0.6555056075918333,-1.6974298240947068,-1.7696884470275496,1.7144959336060128
2,A,43.7,0.1528545133764138,1.5810334172538487,0.02519531095948513,-0.5746368356255032,2.6878272329258666,-0.5317314114549235,-0.4614526078507713,-0.9554434376896402,-0.38915125635508196,0.4726499561928052
2,A,43.8,0.1018897624658498,1.634428928215307,0.06598629559859627,0.46354762870188915,1.5232528763774689,0.8014333630771184,0.011297770536814966,-0.11597786601448157,-2.32012406459569,0.8481328612401356
2,A,43.9,0.4730833553852345,1.4014842425255147,0.04569754074395582,-0.24317333674287017,2.335579452634802,-0.3695658320430667,-0.604242419733305,0.00200551211693889,-0.9744828876122078,1.6084279864084703
2,A,44.0,0.03261617204975578,1.6893540429397478,0.1056911879559722,-0.046771485932692675,1.8088335582729766,-0.23828330260104455,0.10323540246088975,0.3389221156593315,-0.5381912852664346,-0.14277243264965214
2,A,44.1,-0.6866564889762821,2.536500594669933,0.01622767579645367,-0.018696301166319207,2.074924016587971,-0.0393915893613848,0.5176731740438378,-0.9669117875473359,-0.7548163275298941,-0.9693321813595566
2,A,44.2,-0.4751195624582022,2.2104735966504903,0.02526817207562771,-0.6196858160368806,2.5490883355453784,-0.7271845600159224,-0.5541010885267509,0.35285484524866984,-0.9740055527113484,0.7993587669109408
2,A,44.3,0.43170803456009255,1.2159079960795487,0.0257432418927922,-0.09193176416853843,2.1815553404362955,-0.2320880312555562,-0.4294184506622261,-0.37368165613292603,-1.440323674673115,0.014892651411998978
2,A,44.4,-0.1285151493597722,1.9433729733806924,-0.04398649008061124,-0.5303922457445404,2.2039757214895017,-0.10729921030459855,-0.5517847198130778,-1.5930517761080574,-1.4832188583864214,0.7618822875335702
2,A,44.5,0.15099601810840288,1.8197876717574413,0.10766167346314762,-1.084207455580311,3.210603742581736,-0.9388499907133536,-0.9022697927634815,-0.32480279376205845,-0.32508452782566455,0.4231423709335024
2,A,44.6,-0.2540413614679241,2.1146002932721544,0.04942890422042995,-0.44922675182406785,2.406356770366953,-0.7445755681160809,-0.1403545401034958,-0.9973042298794544,-0.6572134507466456,-0.7378046199630531
2,A,44.7,0.4225022701709663,1.3422679553420784,-0.012141321073709169,-0.7705227217201113,2.888602791818921,-0.7948931457689858,-0.7235537698213989,-0.4785884857914389,-1.0007745525923424,0.055375283906417674
2,A,44.8,-0.03432957224026317,1.7412109464885965,-0.04514158712518909,-0.5326658332708352,2.443518750309361,-0.36102594768305263,-0.012237027817696533,-0.8555764693195094,-0.7635163921696457,-0.3052241594328114
2,A,44.9,0.6387873137136352,1.303460701977118,0.029075464162072795,-0.3141635930210128,2.4325184149481833,-0.3866147905648826,0.012467596956396598,-0.07307624560990966,-1.424293769588057,-0.20304653437738973
2,A,45.0,-0.02984744227413086,1.8777710841916715,0.04287737767951973,0.344898374102152,1.6922263725566462,0.4940793315991103,0.46762135604823024,-0.6479697761176463,-0.23308167825893222,-0.007044315409697916
2,A,45.1,0.5756411374135272,1.229893762111856,0.006894243395491376,-0.646996001287386,2.7992830415827603,-0.8869596304994778,-0.7498398125663845,-0.9752240943531071,-0.06564164208334722,0.38655233385648136
2,A,45.2,0.44804574660935914,1.337323233115752,0.009303725855667673,-0.5501143328671508,2.5826585088852263,-0.45902836067020614,0.1744627009471027,-0.23048526534666092,-1.263562091278481,0.24523386394853897
2,A,45.3,-0.013286870853032234,1.7511133227041193,-0.009405841671548336,-0.38167524367321726,2.3743859756716392,-0.40465414926682686,-0.5100582457723386,-0.6594034021360746,-0.705595569838342,-1.2373475674585444
2,A,45.4,0.6515507057818888,1.2721620720148863,-0.00013736978639867077,-0.46522865231162985,2.2838797970237343,-0.3657516634318797,-0.5551787758717301,-1.0645098225566085,-0.10682952593840156,0.6722726416449957
2,A,45.5,-0.021531746434294896,1.8927483883082439,0.06675706638593157,-0.6044730464640864,2.8275499288241264,-0.6296862530346431,-0.8766280005001298,-0.05389833173839309,-1.0877466587232296,-1.3963247545070245
2,A,45.6,0.033080093690721846,1.6949920707006156,0.0700308942902345,-0.9462942941457406,2.8845767144511685,-1.0915007485078967,-0.8678429933270845,-1.068724200829251,0.5532285964646243,2.2608299756156263
2,A,45.7,0.6001892892104799,1.1894460318284847,-0.0750088441747396,-0.9200596860482382,2.908640191352922,-0.8546962460295684,-1.4427750917526811,-1.2093789122707324,0.27589549005837954,-0.7220136591381068
2,A,45.8,0.15508950522470352,1.6289412418485232,0.006943943726808552,-0.6671113989588109,2.720776418948002,-0.5886768301010674,-0.5020699940884924,-1.1541502331024815,-0.7589739599941268,-0.016912017290845953
2,A,45.9,0.19218406369818528,1.5241523985867849,-0.060205067483485135,-1.0262591716733693,3.040252185905498,-0.9105069730720928,-1.5138262213494467,-1.7129224287762694,0.0361355390050887,1.3843916344382698
2,A,46.0,0.30541404334143585,1.5130494298390507,-0.06678477258493042,-0.867642916605812,2.821346665267575,-1.154217463628006,-0.6722248208095628,-1.1687231389860484,0.4882824356577776,-0.15554654326271453
2,A,46.1,0.10112986798646506,1.6749386019577468,0.029297639325975323,-1.0922199111458768,3.088745541380709,-1.205843037367097,-1.5296612357446129,0.27664244585220477,-1.2119458674379446,-1.2261544934991186
2,A,46.2,0.8419862470538038,1.0183389512893204,-0.042078466898824454,-0.2771165752943555,2.2742953184784893,-0.3359812240364525,-0.668018098991003,-1.3878652592178775,-0.04908579380913064,-1.3876351590872043
2,A,46.3,0.7138867698304062,1.2494830443478269,-0.15766787250955244,-1.2110777784720752,3.2819130179540625,-1.2814431740650525,-1.4487591344266812,-0.8407794137325911,-0.4611597000827513,0.3273013988556978
2,A,46.4,0.5009095861196257,1.4574850145598783,0.03225763265642891,-0.036943941643662104,2.0698202314974408,-0.12437045465487262,0.008869136155873154,-1.5136014920267682,-0.4573326460009065,0.4574116895060476
2,A,46.5,0.5110855944873933,1.310351162295739,0.06410709150446602,-0.9212603610823412,2.865635715130202,-0.9177260568569356,-1.002352861827757,-1.2182887140102716,0.14684564324467786,0.8751152125286398
2,A,46.6,0.7299865550631041,1.1188383288879131,0.10193885697892802,-1.1024758322450285,3.187493795521445,-0.8452716808895269,-1.4151234520837344,0.05702876487853892,-0.5167156057450432,0.31749255979362456
2,A,46.7,1.2132511248900304,0.6810780041138629,-0.01981466459213215,-1.1619948204135713,3.2066658893438946,-0.8324058937302532,-1.2299519681322728,-0.31900692271442743,-1.020794457771132,-0.43683388464915124
2,A,46.8,0.9226990439766183,0.8743683385328602,0.07227226540064484,-0.4896244919807241,2.4750552642287107,-0.27128276593733647,-0.3292199050840349,-1.2255283004172197,-0.9841981941778385,0.5182428083313161
2,A,46.9,0.46188148195478734,1.456014485407433,-0.13105058179039994,-0.41717722998931367,2.3773539751034805,-0.32234505936400715,-0.970735599277808,-0.8581274117116368,-0.09232645768537216,1.4875001056560353
2,A,47.0,0.9334085871607543,0.8843264983523441,-0.05216998034518431,-1.087188112760923,3.041361905619227,-1.7525621342522322,-0.7160044211630197,-1.3598666942477964,0.3475005723189317,-0.7566388118214938
2,A,47.1,0.6406836988733157,1.190137369110107,0.02594846857041729,-0.6874025232747172,2.700374998122128,-0.8318158633469732,-0.7051527644938569,-1.3371155952575289,0.006563965155405476,3.625287486146502
2,A,47.2,0.6330006054675462,1.279867098145074,0.023576713404364246,-0.8686962241439498,3.0649149475317485,-0.7753378192649756,-1.6785778815014982,-1.4177367937730918,-0.019996783830331946,-0.3730207803416834
2,A,47.3,1.375749624156593,0.6829397760485876,0.06602089563659101,-0.9136965369508588,2.8303216295085774,-1.1110886302099985,-0.8771632744819395,-1.4093012564361236,0.10354910605546475,1.299479185675579
2,A,47.4,0.5951135085513954,1.0881025649527223,0.04783447448160312,-0.7880255709372441,2.6806520383415595,-0.578040424407198,-0.8584622548315332,-0.6775443729701908,0.9457332506114369,1.9348435891994227
2,A,47.5,0.5926912453054395,1.2045138432755602,-0.004078500982584988,-0.5848658460172289,2.4581884301330654,-0.7315698088368199,-0.7319805599788666,-0.5170570283064702,0.5400450943531521,0.9591469820351537
2,A,47.6,0.09522545103119262,2.0000559550464168,0.07646239317007172,-1.534744098846029,3.493571722093011,-1.5172346302044022,-1.6474002104244323,-0.5841286899260681,-0.17677832893676076,0.3485100003171306
2,A,47.7,0.3050811457724185,1.5664305281423292,0.03432413200658229,-1.654358336637566,3.562792636301911,-1.7553268340357548,-1.7911285684029705,-0.9805996499754891,0.14572057618805284,0.7692091922865549
2,A,47.8,0.9705871929902029,0.8189028460362606,0.08585443665281617,-0.8128898472489308,2.8353809260652816,-0.7737332485363331,-0.5921736382044289,-1.6955499341071794,1.0891182252332434,1.3821767388198405
2,A,47.9,0.5856200114899278,1.2660628697315133,-0.040213849636160696,-0.9200523729101934,3.024257120449175,-1.221460423930913,-0.8680847199870048,-0.922696144019141,0.064392349520564,-2.600177370471142
2,A,48.0,1.0247227561261498,0.7461130447649227,0.01501268381600942,-0.6651610633339013,2.675467741619259,-0.7402397039723305,-0.48554278026767334,-1.4386347707585134,0.22082446532533956,0.5041193744769729
2,A,48.1,0.468933712946195,1.4572618577301244,-0.021479783695016266,-1.5116095579669442,3.529352417513536,-1.6962367375668863,-1.582299617851931,-0.35682798357433587,0.4864146764920144,-0.3629841135163076
2,A,48.2,0.6047040155938135,1.206648023635775,0.04029566536692951,-1.2679721225952099,3.161579694112636,-1.5009343877725612,-0.8822183708279763,-0.5532143688623657,-0.09513600039670367,-0.6527694320539383
2,A,48.3,1.1227880031351574,0.7114291782897537,-0.010977608354708278,-0.3906906744306863,2.304165203040863,-0.7311798106834886,-0.4408240222494196,-0.4403378941704709,1.1260378814569907,0.15869728852792506
2,A,48.4,1.4107175847284479,0.43645742611914495,-0.012592609862504165,-1.3973285427856095,3.4423676521975324,-1.215471955309806,-1.221333723526595,-1.0988075601478313,-0.6899278554426977,0.21911054590307455
2,A,48.5,1.1187687571338518,0.7322029451963772,-0.0663244823888394,-0.8188834686696901,2.854558295414206,-1.0553045418309464,-0.8695414234700284,-1.9776327960620876,1.5319404205617757,0.5332786943612728
2,A,48.6,1.341913534472553,0.4669793221595797,0.015410206691819958,-1.2311846971142464,3.2292447714637906,-1.102891071279359,-1.275406691290631,-0.31743903181126065,0.4354975613220134,-0.5497589841331134
2,A,48.7,1.5298125926142414,0.20578407816834487,0.0557744687047404,-1.1012626652407738,3.087736998105396,-1.1450702807238478,-0.8333535714690896,-0.15746039470616502,-0.023867398654990102,1.164011675103121
2,A,48.8,1.3070217394967976,0.5748590526746029,0.05040978054551312,-1.4475969148569072,3.2999175406280523,-1.37226749276888,-1.1940093700575436,-1.784240144535554,0.9308467241648433,-2.0632508460514387
2,A,48.9,0.6305686135406674,1.239024201011921,-0.15080159926046494,-0.5557669193285031,2.59869176822301,-0.5763505704282593,-0.5367001050377956,-0.8124181042532121,-0.23600995152785043,-0.9421938197122975
2,A,49.0,0.9234230362993031,0.8893892766778412,-0.0809822846910328,-1.6422541619687734,3.507803299802711,-1.6702600724073977,-1.602503889731306,-0.18005422064571652,1.140115130555348,-1.1953403146648633
2,A,49.1,1.1883655850685846,0.6525182246456858,0.10025702627732958,-1.399826755783922,3.5327856689088613,-1.6703622601923618,-1.5036244821543951,-1.542198346848317,1.3065282422053786,0.1249141450039595
2,A,49.2,0.829330457335695,0.9609781255812679,-0.009381317455561308,-1.3030873094470994,3.3651834696575027,-0.7928596852591191,-1.1067112737681801,0.1631666552873805,0.5190544646971322,-0.4844983535057324
2,A,49.3,1.1386587364353724,0.6183810021405887,-0.007447061457223763,-0.5764159516711619,2.4044020349445603,-0.3875979822656246,-0.4665751774282451,-1.1074615612241323,0.6510447078389912,0.5442390069093492
2,A,49.4,0.4329398952609351,1.2668100266053726,0.058266772056960375,-0.886583896701572,2.8420347990368082,-0.7090661380215298,-0.6279955522993408,-1.5437954613092943,1.4708882145907685,-0.7756475074999823
2,A,49.5,0.7000038651168154,1.1405093618617463,0.009832264748345233,-0.7562174431467775,2.740797864252803,-1.2184471076107934,-0.6890086980601594,-0.07600606290795253,0.5138827141840695,1.2977948825780599
2,A,49.6,1.1787192214748194,0.8778793903426125,-0.031629507119478484,-1.00231484713983,2.9382158881907214,-1.1593240732447168,-0.9991332582277037,-0.7226412434704133,0.9419061136399512,0.7506078465472166
2,A,49.7,0.21342440675522778,1.6224068593416805,-0.010492347426345928,-0.9152102184374546,2.9314320856594156,-1.0821431534646817,-0.6546562517720348,-1.2915231738268307,1.1464023261514336,-0.5095596910165758
2,A,49.8,0.6107021743093817,1.1827795951537297,0.09485803436929405,-0.8261203798507848,2.8153829564977775,-0.8107905994759105,-0.8626762090503909,-0.37196734540788723,1.8805616573726123,-1.6919902665816606
2,A,49.9,0.9933988963817068,0.8541654174229636,-0.0690695576560935,-0.4585610283833088,2.431656101795841,-0.6175057944588206,-0.2316945588938883,-2.0734203054198765,0.6468003403448828,-1.1900956616427807
2,B,0.0,0.0003879941492738406,1.8347472784165753,-0.03031879012047027,0.4660552764453313,1.185878007872378,0.7687057216643225,0.3776529714225047,1.0496728447831076,0.7201024417902017,-0.7251710144330947
2,B,0.1,-0.07306985746729633,1.9855304127668525,-0.04543250105534746,0.272337017131947,1.3853069775365678,0.24387029948406752,-0.09246148481660506,-0.1631616234999469,-0.24036809784421226,1.2916871475275786
2,B,0.2,-0.33410467159052043,2.2715379374584868,-0.2959249105749512,-0.49692198392107895,2.2006485979704773,-0.5248059761960122,0.24959318292909147,-0.2737754835888192,0.7394105209138396,-1.014515320732634
2,B,0.3,0.08021235728104543,1.6586410569117909,0.1847297116006068,0.06299125047639506,1.7901561288688779,0.29809275904166843,0.6965788122795676,-1.5665476254636415,-0.6074375045653814,0.5192644818184036
2,B,0.4,-0.019570127599289625,1.9265736939405287,-0.2254977479442805,0.30531878741241136,1.3630349596617748,0.5420765902687146,0.33647579268361444,0.028950386779179584,0.1680955943170077,1.308084518399227
2,B,0.5,-0.027496145069333677,1.8701003057819534,-0.07283514434603544,-0.14229563516056862,1.9710374963280926,-0.005614183046089627,-0.053497585540746594,-0.14938301261990053,0.8909785872259823,-0.9519274114976545
2,B,0.6,-0.36223246786575125,2.0414645978136705,-0.8530829808211178,0.22449341408452433,1.5859993236314371,-0.018529305749149405,0.873215492846375,-0.27111093630701594,0.14274760498791378,2.135407588760102
2,B,0.7,0.024825501187808796,1.732151838677167,0.3149866492166811,0.19132276773719992,1.498692225179728,0.29763501569449724,-0.16185663250722318,0.2485746392116582,1.0384765385655952,0.8849006317085176
2,B,0.8,0.14003255847344573,1.6983625196573078,0.10757553401076803,0.17652505980218772,1.6304416416280634,0.2256108564502174,-0.30567478110664326,0.32042455472842657,-0.8227270359909309,-2.2014282337048816
2,B,0.9,0.024949937590935806,1.8547599391788976,0.2540454706310792,0.13552062090789066,1.664226149569262,0.18591818172585794,-0.2789769338531089,-0.563112598341434,0.4555551883955904,1.4223305082739401
2,B,1.0,0.5015529841256203,1.3391893080257251,0.5303014331259098,0.36970240788030184,1.4583925985111157,0.7185944061111796,0.2986322068862699,-0.44704631998662087,0.5803596820323377,1.9451120550004914
2,B,1.1,0.9150686990383126,1.2056682913054535,0.8559275261193502,0.660613376876196,1.2018218534097576,0.46899334323453,-0.25571523634216015,-0.19230184488465685,0.45124719893592435,-0.23936434654830305
2,B,1.2,0.43665832072197774,1.323651831780273,0.6312213179627377,-0.0769314783909702,1.9432521360052508,0.2880023127634828,0.13411692614159773,0.5153801325069862,-0.337023037071016,-0.17107818789756354
2,B,1.3,0.6069716776540516,1.2310411305883227,1.061383855642602,0.6419025031940758,1.189332427043631,0.3059134266772076,0.7369630928511319,0.4467095255658691,1.0075287350511788,0.39786710209092535
2,B,1.4,1.0235695093687793,0.6784134194978615,1.0200584726827353,0.38305581517640486,1.397610099905529,0.1601740306976887,0.16058013731801984,-0.6649211826852941,-0.7522313256004518,-1.8873618537288914
2,B,1.5,0.5622835189297213,1.1913123660122198,0.27568273097615636,0.4797155826887711,1.3465630914965852,0.49154578806589777,-0.15559390736671072,-0.5448740482159469,1.2513257900776327,0.17973530929055095
2,B,1.6,0.9770711355717634,0.8001811257985323,1.0684476522127293,-0.053167850966348296,1.9669119450502146,-0.1163081059996685,-0.11169813879807057,0.5773054649463938,0.8915817358512887,0.9629195452527696
2,B,1.7,0.14711534104515078,1.4381452423448433,0.3802770123174477,0.41249966934861027,1.3982722584794782,0.5065860943804884,-0.4575756744018621,1.0883633860212079,1.3410920382674918,-0.5301017002351894
2,B,1.8,0.4392563720930304,1.3568197076544528,0.604746824302647,0.9051719429202003,0.913196399281781,1.0604504238364099,0.35955497776388545,0.13330504716074448,0.6266259138787872,1.14272444609136
2,B,1.9,0.9658956543423625,0.8319644543574807,1.1952219483356934,0.0278480476413534,1.7609951721488204,-0.18507667315700083,0.6282318852847026,-0.24976421524135334,0.1402957338556894,2.243099557041434
2,B,2.0,0.7721717035802615,1.0207968540048742,0.9678904936096253,-0.2664256066651947,2.0170775409754045,-0.30294739426083034,0.45197761987065993,0.826021002238819,0.5229519756596519,-1.9495321257459775
2,B,2.1,0.5706675990405115,1.0110252285344812,0.37674810887749766,-0.16460738118772117,1.9310591125690542,-0.12231780936379452,-0.19898988078928498,-0.00877835717851913,0.5774447936244765,-1.7974801825370346
2,B,2.2,0.9040415433726946,0.894940899730141,0.9044278735080864,0.5582756354776512,1.3203340229775002,0.2917305837739113,-0.019066194648795824,0.620727682772307,1.2357645485112652,-0.6886849421510982
2,B,2.3,0.7386112206350857,1.3575631567619455,0.809270810309127,1.3192428565932819,0.5594629222639231,1.2777288715881092,-0.47340982994766717,1.1230115933384741,0.7082029412855725,0.6582216473245676
2,B,2.4,0.808419981823968,1.030649251093053,1.045816937182766,0.896915140329059,0.9481942631789235,0.8953492972140865,0.2563115393623749,0.5798915783504921,1.1597902863387164,0.4059768447599121
2,B,2.5,0.5251142379090474,1.3163946606358876,0.14654315856997335,1.1079163393736886,0.7631043618860764,1.1809695876350594,-0.36537282807804466,0.2541967696714485,1.2148509142135833,-0.9024510544328535
2,B,2.6,0.7437575269662473,1.0221913054102874,0.9696054519371906,0.5758234776692112,1.3788732610938401,0.49581788109564123,0.11420542680332006,0.6577021200470198,1.7877917227639792,-1.1215518186388067
2,B,2.7,0.806330845544162,1.0310899049015523,0.8390739367846158,1.0487809900849183,0.7939507384111044,1.275286087511379,0.05209252734193204,-0.15898684165836532,-0.24911047874158743,-0.7165019553030441
2,B,2.8,0.5371570089414625,1.3811738748802633,0.7902841086170294,0.48263590763424435,1.456334596273309,0.46291264911015373,0.15362737998180123,0.12790145047344914,0.7068964025396341,1.7282106252872815
2,B,2.9,-0.0010062760092994782,1.9487818924478604,-0.2536755357901316,0.8100053044092286,1.1122030391087656,0.7678008657601236,-0.14614398658112504,-0.10143727063167746,1.3652557337128837,-0.9392737763170927
2,B,3.0,0.7212053604129237,1.131995191655172,0.38671499855048386,0.5193460376172274,1.4005374827648498,0.20329849260753874,0.020468456781205124,0.1284668060380031,1.3668557952735618,-0.5643017791376167
2,B,3.1,1.6278208455240795,0.16299894803500337,1.4056264998405654,0.4378757162484515,1.463294538265425,0.251942871463982,-0.15522591019524334,-0.032670837652000184,0.614867342740302,0.9792127989430758
2,B,3.2,-0.14895006932356003,1.8331322136297707,-0.30971442643935254,0.6935038650854274,1.215574565851868,0.5739231432506685,-0.6256178025472053,0.15587222904392645,0.7874565644439995,-0.25168462833835464
2,B,3.3,0.48379365190676643,1.1958565110086752,0.5072461115107323,0.49701543620789046,1.3899378265403337,0.2104213035414083,-0.36508374271177146,0.04710302791444443,0.8822799810854843,-0.9800347124221863
2,B,3.4,0.7403920842898499,1.1384392189167296,1.1702281643411023,1.1379189570246364,0.6839636887001082,1.0445272433720787,-0.11452150701290313,0.3368744488831486,1.0067309822417674,1.4608000460204502
2,B,3.5,0.9300677433046269,0.9547001480106168,1.2885422224689642,0.7641674443238969,0.950225760904438,0.5853384903506654,0.508926116599315,0.3297286732332012,0.5774207109263035,0.3576242626006895
2,B,3.6,1.246655921666531,0.5877280664366655,1.3490625649849364,0.8516091730976073,1.0789836313474046,0.18807536263732227,0.7612802295349287,0.47734585492725623,0.5139826251306732,-0.6693782084899026
2,B,3.7,1.2303404368654052,0.8658843487543302,1.2260747996008012,0.608643147506967,1.0812626770521097,0.7876990642129812,0.17801834662407198,1.1491855687926475,0.21069942055701807,-0.3631662415900382
2,B,3.8,1.335649965268746,0.3787197789692356,1.2008973300758343,1.1815070650530437,0.56189751853126,1.4214329445586413,0.3063690902282569,-0.6126366523892981,0.6326799549113942,0.9613712550108822
2,B,3.9,1.3787186344503617,0.5774527024426452,1.2368183535275745,0.5001210545510493,1.2423887004715417,0.5764419748792904,-0.1510667345187034,1.1007820072868917,1.6692736965064343,-0.3411778136826693
2,B,4.0,0.6750686503321648,1.157962145346295,0.8019989300264325,1.0015942857049989,0.8196201732652384,1.0196288584940054,-0.3336479432094135,0.18896182996811053,0.24298713750014855,0.28827522404497274
2,B,4.1,0.8968123683497967,1.0705732610280727,0.817726943592225,0.6615383299294552,1.1151080979286467,0.654048606012055,0.18289737990368965,-0.40022381459041656,1.3616447033101842,0.9246792595259312
2,B,4.2,0.7524792364723468,1.0852748716476028,0.7722868531760102,0.4689927636216782,1.2705737142702924,0.002357957491868956,-0.289125097875914,0.24357373274321115,1.9173145636189206,1.034167171883516
2,B,4.3,1.0903932826335134,0.727148367627019,0.917713841186343,0.6395915549227454,1.0935220053824368,0.6262016380879339,-0.127574974725079,0.40993947686628585,0.8447868126328116,-1.8179990400351325
2,B,4.4,0.8155637385829153,1.1043097920011942,0.8755889609199737,0.5419256978339435,1.2879278215336796,0.2513038772849929,0.3735613393300953,1.0031508663709676,2.103754727528305,-0.4572728021170849
2,B,4.5,0.6327214608003826,1.155088737065113,0.7610945440513015,0.7613631878195912,0.9607775712358677,0.5670673734023659,0.08237651275289229,-0.266617746218502,0.5695916673586695,-0.3010695111781055
2,B,4.6,1.6347612630445034,0.21949324423788474,1.6994674193478672,0.7289788499628811,0.9465895149786211,0.4494611934182158,0.008198126043434536,0.5084860803539558,1.6161791718372003,0.13994881196508463
2,B,4.7,0.9182779611874662,0.8426053088260468,1.0227917939441975,0.9683980589839002,0.7304046455167343,0.9855764763734339,0.07631019751277679,0.4564495080096712,0.5491717862227729,0.8135121810962748
2,B,4.8,0.7537127090040743,1.1673951529383189,0.6585300255317951,1.0679871890493453,0.6574835960345102,1.5981251652282058,-0.42410179617279986,-0.6170623457921582,-0.1902196906193887,1.215205881880399
2,B,4.9,1.2715406938081286,0.5834161229361323,1.1769298084460715,0.8292110247185468,1.0271464042411353,0.7322270717906288,0.0009340965268433214,-0.31043752907113215,0.7024638261118188,-0.4143739571662502
2,B,5.0,0.5638947802110936,1.253917002273803,0.6830311821418326,0.8819396563027028,0.9134479464189202,1.1559595015358648,0.10811221329680148,0.7686526531421203,1.5815037047312288,-1.0694272629699946
2,B,5.1,0.8155241781861535,1.0910947372896591,0.5885992824746646,1.0019570219367755,0.7791982412423542,1.092897254940451,-0.1559344894000181,0.8334713291618112,0.05277282916325404,0.23911891287061426
2,B,5.2,0.7492805243287745,1.2955478571870342,0.8192363344735677,0.7211482957185503,1.120964273174329,1.0368589510456796,-0.029966557237578968,1.0762600550069155,0.6475163256173218,-0.554682011765537
2,B,5.3,0.3063957664390864,1.4753363315766836,0.27635461878433837,1.1668537785677326,0.6071489954056115,1.4060897926701243,-0.06994900750616272,0.7513915017674713,-0.28484545397793015,1.7874779306392676
2,B,5.4,0.06952667691772663,1.772932702898066,-0.22645575419470526,1.2222238117685909,0.5567594845236954,0.8543888960252177,0.13534888181152827,0.675652320913894,-0.2659804280169125,0.410462469979425
2,B,5.5,0.9796878454092912,0.8075054589377242,0.8557246514778032,1.006697309894485,0.7941610650901973,1.228573573250504,0.36836209977737305,0.5196333192067291,0.48865124042548724,0.10697915420557408
2,B,5.6,0.770255739064657,1.174757178257679,0.7075458068409772,1.7811368186024517,0.029712453124530525,1.8907723212362912,0.297034210759829,1.1787218667281896,0.055742163565002195,1.0526070465126873
2,B,5.7,0.7675687848788588,0.9921958142685172,0.5069350324619943,1.271191647229422,0.5281998161688439,1.040847548067414,0.02133551719762538,-0.04527096054528129,0.4555478041507955,-0.6076511628901868
2,B,5.8,1.2668844598797604,0.4968765782709528,1.1769601358958022,0.9174166866408745,0.8750803170683538,0.9993597659061176,-1.089425730261972,0.3826994597489113,0.8299539605614805,-0.2910234779914766
2,B,5.9,0.6806096899241398,1.155196594740786,0.629940336683691,0.8361172700588037,0.9963989861331791,0.5505197679473937,-0.07595443970621775,0.7062734436096519,-0.6905304757478645,-0.12255188104071858
2,B,6.0,1.584887973828598,0.1512521360168282,1.790462526353122,0.8873193715481993,0.9509604276983737,0.9264980359335708,0.4942549971010339,-0.4642524696738749,-0.44560395511287626,0.710053083294689
2,B,6.1,0.3941075854574182,1.6742812962819675,0.23913323420856786,0.7982123826189254,1.002731239558353,1.0298528872821109,0.16226690571144886,1.2759506186299583,-0.056451416214148516,1.3634616328515343
2,B,6.2,0.005765633233009382,1.9340058328744958,-0.008436954652345854,1.373655707913929,0.5345783695512638,1.4215262941760312,-0.45950830877536963,0.020762278899653486,1.2568340801244209,0.8484616598070219
2,B,6.3,0.8987766121008911,1.0566791184762372,0.6945245032872468,0.7386375674672792,1.2429569062792338,0.4972101068710532,0.08535525005222319,0.4604843849893561,-0.3759831391891975,0.817142869691526
2,B,6.4,1.1107318271303035,0.8707568728757176,1.085439692958104,0.958293179871937,0.8592179704819795,0.8987871403657859,0.5035336722262344,1.8045467096981482,-0.5188735489476148,-0.16851800106998646
2,B,6.5,1.5454536843948725,0.3548680163907467,1.5850078273071804,0.8047700293667367,1.1090090780323982,0.8743991184394823,-0.35126165062676107,0.01984237547281964,-0.014351681299858421,0.43244565508494537
2,B,6.6,0.7839006666917822,1.0476856575971576,0.8841229396318093,1.3590466044527063,0.2723359395274778,1.5227039706754284,-0.23238382589487505,0.20679821511295077,0.94126829132216,-0.175364798165855
2,B,6.7,0.8164677141599532,0.8642117904565418,1.0721068067516453,0.4987667919781202,1.224748945527833,0.5388669312593598,0.4207206969982306,1.468313770610912,-0.7167839718066272,1.2194046793143412
2,B,6.8,0.8793249382803413,0.9467016849845917,0.7775570583571293,0.8702841861561397,0.8007595414077472,0.7971762725938798,-0.07510246124135242,-0.11000181036660417,-0.5953564300528478,-0.5733340358431686
2,B,6.9,1.7746026153570078,0.0,1.7820529421230382,0.9559071892128488,0.7666788909320141,0.8450743850991496,-0.068176062201903,0.2856550454004033,-0.4297953548672742,-0.015156220805435926
2,B,7.0,0.2846604541175479,1.5812656565499907,0.12769248535112512,1.11128130774766,0.7166796232103116,1.2076222756148762,0.40442929939888095,0.8612667706886608,-0.042886150927557654,0.29901376925002865
2,B,7.1,1.0250731135554974,0.6328669193442416,0.879248093073642,1.1612716026940513,0.5844975577801128,1.4881721375896757,0.24483012781662147,0.8315297983503843,0.7721081225163364,0.8457522563076268
2,B,7.2,0.8858860080067621,1.035849814741423,0.9105515988973605,0.9243945818881335,0.8194698441568964,1.0648068522073157,0.7047325745039826,0.9211339469505031,-1.3225654372126667,-0.6722339387317179
2,B,7.3,0.5448091373245871,1.4016502419383816,0.8429521840778137,1.3455783084797766,0.5880679316116004,1.2169249978495007,-0.02890942408686073,0.7938039890579321,-1.6086538947881324,-0.173650160739824
2,B,7.4,0.7329806539025447,1.08328521301633,0.6929264498067399,1.1085653726930818,0.6088222199054885,1.3567878447486896,0.6679311147594874,1.3852542309681781,-0.5520616771842648,-0.7685337003483824
2,B,7.5,0.8909756625450957,0.7578915318378803,0.8162761556939659,1.8605952034852389,0.02489422038778799,1.8411125398176906,-0.028184035308598702,1.1940685313288042,-0.3580625314510146,-1.2910657146390343
2,B,7.6,0.5382210466896618,1.3343751111427493,0.7260555141847423,0.4670384964741747,1.4466539539036996,0.7659460185003062,-0.3049828190096873,0.9480942526244136,-2.0477864079204355,1.1478975113011713
2,B,7.7,0.8218239709620533,1.0376977972393908,1.0119547751458886,1.2097137827998383,0.5120261338168659,1.194789850216948,-0.33873827958503044,0.18761765746833997,-1.106054572789511,0.5166061073703131
2,B,7.8,1.0376571571304745,0.6491612803692348,0.9049579358049299,0.6237797304725978,1.229363859851699,0.8424850562477456,-0.5476923932092241,0.17548106124058843,-0.1883992459693189,-1.450901884065071
2,B,7.9,1.0505439437593709,0.9018203476833753,0.9502800283729516,0.7068670500437034,1.1850921414288262,0.6447691523118555,-0.40495892748697765,-0.5350919312910127,-1.1041211786312304,-0.9249304880647718
2,B,8.0,0.6074768124739727,1.3235105358615324,0.3182157941934872,1.6770668577276946,0.0,1.6480719543469824,-0.48717670111379596,1.0284798044864654,-0.5199147812545475,0.6123171884084183
2,B,8.1,0.655081192381419,1.3596698467268762,0.561099764803542,1.5886142917494772,0.3838608654702629,1.8769094669623565,0.16989112581695848,-0.47155747805451387,-0.7250011417309075,-0.5562459710555283
2,B,8.2,0.7456801830797094,1.3424379238809534,0.5746350509536177,0.3234335927682248,1.549466230130354,0.06870057352764636,-0.1730731932238237,1.1558171569242697,-0.4558771904468917,-1.0039269472401318
2,B,8.3,1.0106170098555918,0.9498212166337916,1.0157211051506274,0.8898263056428155,0.7936081599642102,0.9378677909848371,0.7198596754742276,1.742212592307149,-0.6005365547702088,1.3066982072897737
2,B,8.4,0.7507028008432822,1.270246556581442,0.3573890628862695,0.9389809248871654,0.5897092233891397,0.8246828836931224,-0.3992697431949569,0.003389467215288988,-0.7158784800941904,-0.4360162958981448
2,B,8.5,1.096030776148924,0.8620951846464208,0.9161720967401108,0.20969377682976864,1.5797203303309468,0.267778228111063,-0.13516808159516802,0.23562286694493795,-0.1341452871255242,-0.3223292224759655
2,B,8.6,0.8277159961481815,0.8678164839157921,0.820929513308447,0.932005466021731,0.77250475976823,0.9563939580866628,0.35731083956780385,0.3664591292483523,-1.2246664896771484,0.6138437560725752
2,B,8.7,0.07579613292268328,1.8574828470592735,0.15213365770994597,1.0796097266873994,0.8159495514888979,1.5431211416664148,0.12313260016842972,1.1561902929930405,-0.8175951676437465,-0.6662177758684665
2,B,8.8,0.9659920184137003,0.947942853740005,1.0651123542693641,1.0103717432479258,0.5779820469584735,1.0808943346985314,0.37885435006709545,0.14575029588201138,-0.21547235521152486,0.06811722324556772
2,B,8.9,0.35668466081103034,1.3584981135846597,0.3486873243340252,0.22822793160969645,1.626649378626547,-0.014392120398990488,-0.2478327599828238,0.5911357365796814,-1.2272692483236447,0.20759077127701828
2,B,9.0,0.7500491630540682,1.0872150441908195,0.5374430673323675,1.3054525078579085,0.7720062710247138,1.2243850329820243,0.25312594284448725,0.3612473830979676,-1.1094294875836772,0.7914605920330117
2,B,9.1,0.535684709005572,1.1467737562659306,0.4696950690805157,0.9943900741828364,0.7905141403528391,1.1377477494370067,-0.38859824903027407,0.5299131876135159,-1.3317155969346772,-0.6988788462244714
2,B,9.2,0.8381139932046011,0.9166633603534141,0.9357945523886914,0.8777360412440295,0.903855686565127,0.8159571600554304,0.4508161177473462,1.4609630969642826,-1.433966685923537,1.1302213104420014
2,B,9.3,0.5063040681936241,1.3394692619230157,0.42064147479983255,0.6257133401166431,1.2485488731143923,0.7692289915526275,-0.35140014572229605,0.11313331358837553,0.354979131494506,0.38472998286271
2,B,9.4,0.5148580319626938,1.1232077356506367,0.3970797244669132,1.1285019659725002,0.6415956176861821,1.4031766656755407,-0.6416488425998248,0.7401086186822342,-0.5615821656181397,1.8416403444817695
2,B,9.5,-0.13884231156013693,1.9053138837973898,0.03694590639787093,1.1900257174559865,0.47454066501369163,1.3850097277512554,0.09950479271624779,0.8653511442983375,0.2992914284328181,0.26321478438842166
2,B,9.6,0.8931728173500664,1.010425224858333,1.071468299278469,0.6887940576012346,1.2419671364959293,0.467607997069745,0.011280579357916477,1.2228598932468113,-0.36762620403136637,-0.4949928059465888
2,B,9.7,0.3972679326175049,1.5586946497399117,0.41581908294550163,0.8773627700741728,0.8684822019988178,0.763124794213368,-0.444610078379552,-0.04557525460112655,-0.7386459401683949,-0.4974538491767805
2,B,9.8,0.22385657897012498,1.3780564142766965,0.24781876389706886,1.1235279515449637,0.7707893704242079,1.1409026052547238,-0.12836834814121983,1.3869371665585128,-0.9293234570082334,-1.0975438875711383
2,B,9.9,0.785316033377424,1.108692619984187,0.7961308638223952,0.1376671666290632,1.5095935491345671,-0.2182921991851815,-0.5009781367355862,0.9839634521254808,-0.5753853224072105,0.029816447396418568
2,B,10.0,0.5054639606481635,1.259491707008778,0.5609497549124612,0.8501334757342706,0.8886558359315198,0.9932607436062382,0.45568435915945427,1.252678954444984,-0.7315517846414735,-0.03173642264161032
2,B,10.1,0.3659105011341058,1.4219335616350557,0.20386984542583425,0.12828643583747557,1.7188597405651866,0.07569685334603071,0.20802629190811636,0.776059914518767,-0.1272675152307967,0.929614772332685
2,B,10.2,0.4227354156302993,1.328806468518627,0.4185524319400171,0.4593725678794569,1.3089078469892264,0.42454920721676914,0.08803089784642948,-0.2454740776506289,-1.1641709188624723,0.11515003555485767
2,B,10.3,0.2489447491137414,1.4336602947379897,0.23141020099886653,0.9329199191481415,0.9018668922313109,1.0036980947588185,0.44015975191524387,0.3543980140602552,-0.5050063704133232,-0.8172585071980039
2,B,10.4,-0.17496932714576027,2.272495466595543,-0.1914778684385643,0.7037230136766663,1.0272827019866835,0.5862704485141802,-0.232926469838796,1.238198049035927,-0.2916968107686971,1.0567886713856773
2,B,10.5,-0.27369440897526776,2.1557421023661587,-0.26690952501761167,0.5995826717836046,1.1987188392825774,0.901973441764413,-0.34144053492659615,0.7743034776306208,-0.6688189608301213,-0.4065340642925421
2,B,10.6,0.46603742413029603,1.380223839262265,0.37396850310437485,0.6210587816583223,1.043951160057515,0.7720410577869367,-0.5201434351116605,0.7276285986478597,-0.629388049338161,0.2936732462873254
2,B,10.7,0.48519882304700235,1.200272840967573,0.3445668563510859,1.0061977427298534,0.5234031670545574,0.7436065214964298,-0.15825638508417486,1.8363250530606867,-0.11834708764132701,1.4886053116065088
2,B,10.8,0.2769520145206493,1.6133241539867318,0.2443423448706807,0.9410439649758768,0.8205420523154344,0.9519994453630204,-0.05001693831509522,2.0870088218976974,-0.06896784527611344,1.300576448791222
2,B,10.9,0.1678270522418437,1.7399947063864345,-0.08628940682912462,0.4021023132835866,1.3064933273426442,0.2951409141235228,-0.7166158523708759,0.748075498252724,-0.42192821092473404,-0.7126232556758779
2,B,11.0,0.37121217952491237,1.3948765987327536,0.4187806801211817,0.7638411190148399,0.9942778376099761,0.9251193177756667,0.4153985993849231,1.9344110813882422,-0.3224063159792295,-0.09478619273604143
2,B,11.1,0.4072950218010905,1.4865080540146285,0.3082003877479043,0.47987495060766006,1.3666496446685996,0.6297845795271652,-0.38890839260272825,-0.41719172156773676,-0.6010396028162649,1.365855988016993
2,B,11.2,0.12278298758608995,1.6409733434826226,0.2252272970308352,1.469205323368773,0.2783517208169013,1.7450729493414117,-0.4318360021877254,-0.44626897707894075,0.11357324193871765,1.007232677310347
2,B,11.3,0.29634143728540135,1.3843903724398734,0.5372372387744132,0.35164682950356707,1.346521224595274,0.257327906798041,-0.023509887130435243,1.3075431208918187,-0.24365045385178163,0.5620272886519332
2,B,11.4,0.2276414695063434,1.4587771858960763,0.4291749064757754,0.48336675509307764,1.227807773454622,0.42830535205841175,-0.06059763185173448,0.6342080352485859,-1.0621023662928981,0.9069845419871868
2,B,11.5,-0.2953040243374356,2.218222452782253,0.05908978979276214,0.45289658066715577,1.3272969008026385,0.5006600291549427,0.41302826449644897,1.1427717313343102,-0.2604080008820405,-2.1546240651606214
2,B,11.6,0.14715689548743205,1.8915366243537197,0.01063020288918809,0.4032164338111829,1.4080944008288652,0.47332137236473876,0.22635264613083642,1.109254235260382,0.34342698206858957,-0.2848362024953862
2,B,11.7,-0.5226955850134871,2.3067696135751383,-0.5482886209884833,0.5878631396492112,1.0249808025003055,0.45853188366416836,0.45841287042914436,0.7495433560129516,0.19332469521831894,-1.4362760417814573
2,B,11.8,-0.9839323927425793,2.8379841133966495,-0.6593039702955552,0.6153846046540679,1.0875629229591182,0.7583521531205051,-0.30937926730306525,1.216254759392853,-0.4580744336314937,-0.6343866416236096
2,B,11.9,0.01677611922232783,1.640942652007732,0.18473755517775184,-0.06559313637481878,1.7231980448702,-0.08021870426352715,0.3541603595893247,0.9011298510495371,0.5633978582967881,-0.3822769323823574
2,B,12.0,-0.389307553361541,2.3886933299032016,-0.22534374083146114,0.28116399755585886,1.579920795465877,-0.21128051823713817,0.1236175127521664,-0.10494116616819782,0.5348016795505697,0.47499345631417234
2,B,12.1,0.4031393150457099,1.369209970582332,-0.12397931924160832,0.00021110997898227124,1.6533622126634517,-0.4820352043795586,0.05891555716496621,0.9492408605606025,0.5857401873060595,1.1752475478253546
2,B,12.2,-0.7385769102025666,2.643663551290972,-0.89178414606912,0.875430095204287,1.0663129995941132,0.6762407027529841,0.1641775212980983,0.9328203813316586,1.1833617016288192,0.7818090005847588
2,B,12.3,-0.001096952766552195,1.812747913266927,0.10188752676557777,1.2857983758068197,0.4622953869343056,1.5913764107716213,-0.6244271683129103,1.9245181017969348,0.11781069891948068,0.2635689381448151
2,B,12.4,-0.4406946471693273,2.1852445985512565,-0.35570577452492447,0.8870377160510937,0.905880861705955,1.0694396434439593,0.09942638325439337,0.15087202184140258,0.7247874614647479,-0.37162705243737426
2,B,12.5,-0.28790089646711003,2.0888837845119443,0.11698751260206874,0.5038650227380036,1.2758123558145422,0.5709314142667504,-0.461334569686783,0.8416897077647958,0.25589129835337354,1.2682025938933887
2,B,12.6,-0.7920879450240621,2.6065296629090278,-0.6858399354927361,0.7201560042364931,1.1167950131076072,0.6390306854751278,0.17956791913376416,0.5800433430337573,1.0459444679656136,0.2446980285883381
2,B,12.7,0.40618199134054084,1.3425871544045043,0.33784500252464206,0.40007570134838943,1.3026993923527932,0.3778992288437973,0.2250882469802546,0.7580896143385513,1.1939035490987115,-1.8038075811880434
2,B,12.8,-0.5575482706191107,2.383926843574325,-0.5134030723145603,0.900794428374611,0.8412373639594597,1.0128265036980584,0.023447767542759873,1.8364188188287947,0.833978868590751,-0.09390281820111646
2,B,12.9,0.22627598755785056,1.6204314629564696,-0.1274431410503311,0.5338012693329809,1.2425381082228213,0.4583376529801052,0.22253270810699413,1.0710662599048923,1.0284982438529442,0.4705781649521638
2,B,13.0,-0.5377202293625132,2.221901015582031,-0.37833137617144985,0.19850978071807612,1.3907863046352513,0.4574555819243252,0.2455560443320051,0.568053054568642,0.13588954321169866,-1.0031302513404996
2,B,13.1,-0.9596908659007004,3.0132932838864996,-0.8100221894174572,-0.13753552983776723,1.8291889455761048,0.16433906187141645,0.6812252626812894,0.9419330647478621,1.0333391889595598,0.18420802518329282
2,B,13.2,-0.8392802901993512,2.600386643606738,-0.8444612958632888,0.012512085543750412,1.7650147298365635,0.23317833711042488,-0.054477391553860555,1.312084846737577,-0.016846119192023945,1.4821693202515542
2,B,13.3,-0.11881979222612504,1.7789242313696931,-0.5361902169489982,0.3249169195627649,1.4720905872315702,0.20651317529140487,-0.3316260976854234,0.2586563012539319,2.025957577958015,-0.3009723174515599
2,B,13.4,-0.8054530722313136,2.5915341546024546,-1.1218729495233994,-0.23549312520745935,2.2300621973135977,-0.26225320969679755,-0.10081903170334035,0.6990760101131601,1.453151383291633,-0.10006710379132908
2,B,13.5,-0.5965242816764199,2.3349125896109046,-0.7102854107103673,0.09430150253958626,1.7656403838800048,0.08234732659829866,-0.2967681966699139,1.785539245522982,-0.12569894638266965,-0.09114899089879377
2,B,13.6,-0.15848728977310506,1.8586653461147853,-0.08476366702499974,0.6191997976059003,1.2247983147244965,0.6778122728025407,-0.28976702184719705,1.3763608375293988,-0.7767554867434453,-1.0319554351889069
2,B,13.7,-0.2896941504158275,1.9689909136335388,-0.025084050481047282,0.1387078290304119,1.7382420091997837,-0.14345845636810073,0.5716457198505744,0.838167309424638,1.62255351183605,-0.5325415340782417
2,B,13.8,-1.0449101324048216,2.983127857734268,-0.9961600800405765,0.8014961654065456,1.005249846290619,1.052347713612291,-0.041637185485008485,0.5808577730732482,0.3528012817224706,-1.0726510810756897
2,B,13.9,-0.8115241361053231,2.5756220506517926,-0.6110279841177902,0.591229282375951,1.022551309420849,0.4131739665765546,0.25723647226661783,0.7771373834909905,1.2117765297037657,-0.35562786855736805
2,B,14.0,-0.18319325252466934,1.776033518036055,-0.26934430052787606,-0.037879775248390105,1.7823314379540502,-0.0036770664573364253,-0.2956575290931258,-0.05892283169279955,0.12570214102255406,-0.8743233747260588
2,B,14.1,-0.9392348636092637,2.878443157257326,-0.8342263048837872,-0.43492934860858995,2.2542547519378147,-0.4231782725637878,-0.28196334222038405,1.4396171488930272,0.962178625551958,0.9015906943053033
2,B,14.2,-0.43028625926913616,2.262962887310149,-0.4229008638046303,0.00203397588511078,1.902382545129718,-0.039497944875598295,-0.24324807022667555,1.080480722990132,0.5457794641251055,-0.18400265433242263
2,B,14.3,-0.7104198095753468,2.598671568209983,-0.409632449175546,-0.17141715653208853,1.8721012172881113,0.061300002526285535,-0.1110137957333492,0.9606678973090644,1.3024711790571493,0.7858431637344694
2,B,14.4,-1.237446990879474,3.145851228265138,-1.4897989277640415,0.10708348464453164,1.7118143938524515,0.18092668690388297,0.29343296800013163,0.10108774069665483,0.7519556933453013,-1.3425960376870665
2,B,14.5,-0.7115589335897619,2.5344450317958622,-0.5609396692955075,0.5179363402412696,1.0909235344829329,0.6988911244928331,0.14428544157925263,0.4523230630682708,1.8493803326249512,-0.09286390744596312
2,B,14.6,-1.043511594183109,2.9344063402595104,-1.1288080215620837,-0.4621464380429403,2.2422325974895507,-0.30968396842455814,-0.13549322493674454,1.1916692456552054,0.5073314701943541,0.5072811756040337
2,B,14.7,-0.8062673484385737,2.758829347648092,-0.5794942503277184,-0.22703498530275426,1.8795299898466422,-0.3633464811014385,0.18245833252606994,1.0392137989633847,1.7299077524473376,0.6266585804278063
2,B,14.8,-1.140716373037327,3.126072622724552,-1.0958204539288459,0.0034660974625487923,1.7451286168475453,0.27903078957411603,-0.545334203664185,0.5880696147015158,0.9506707451503922,-0.6997177322458245
2,B,14.9,-0.6524528569171852,2.370637426743093,-0.47033393148749714,0.26256262108151407,1.5257301440946223,0.4994735792963475,-0.12408715273250064,1.1905662726621724,1.268348591131177,-0.17994494458104918
2,B,15.0,-0.9118841613677032,2.544590543690665,-0.9408101125858318,0.02231557894902078,1.7609285915619224,-0.17409707597763724,0.017615718640521937,1.4521893816679916,-0.006341158264624336,0.03450424322636071
2,B,15.1,-0.5838486638775509,2.226436756433812,-0.5856506592507142,-0.03311111584630716,1.7664115788090209,-0.08320327967602736,-0.23977389424145443,0.4851947666872746,-0.11225540462463379,-0.4221742463370462
2,B,15.2,-1.2969432927102627,3.226194282421173,-1.4234590998355527,0.27088231766367205,1.5276686034385678,0.20694812446532174,-0.1853588365114169,0.5729003390650351,1.5564344147876894,-0.49641776280783456
2,B,15.3,-0.9874635007326736,2.9649850576226737,-0.6478291426151037,-0.04847773175334674,2.0010811895429854,0.01600076961019148,0.023206776094723654,0.3706272879928144,0.17494497485217186,0.4523143588215142
2,B,15.4,-0.5637022041811177,2.428887018996112,-0.17616385177936195,-0.32555069537862635,2.3098943697811953,-0.23196829658840387,-0.15361458760932667,0.2004358092228109,0.6896189244286637,-1.2722093632150082
2,B,15.5,-0.5130548140818244,2.273745608324454,-0.7609682193310658,-0.24382324741076714,2.1114331261784427,0.22098650167786008,0.07813423728697443,1.3725679680668523,0.6811432198039883,-1.904465054130178
2,B,15.6,-0.5979359553435271,2.459122526771901,-0.4411253620015452,-0.5324942689434835,2.410146563726151,-0.6972848122033719,0.2707684216690415,1.2014727283845483,0.3101627790791287,-0.5684414148104177
2,B,15.7,-0.6616398623978239,2.345274348070718,-0.8009206159340021,-0.11469494905141372,1.8896164972826919,-0.17511884594247254,-0.2588414306266497,1.0994957929775486,0.9469988905225003,0.2142942108898281
2,B,15.8,-1.2264784461198397,2.9589318038134484,-1.0291798142658863,0.002987113474106129,1.8059336359706242,0.25017381048043574,-0.33214245366893297,0.19372731450897063,-0.04705880580969324,-2.379261632548496
2,B,15.9,-0.8225185738272229,2.6266246554046777,-0.8079749062391922,-1.3904492068424341,3.1370093435319406,-1.1523103722872428,-0.035464694011044795,0.2700709698688234,0.05613355761635508,1.2917431043272654
2,B,16.0,-0.7561648235095123,2.683262746898032,-0.9232447915439813,0.05822754493818827,1.7599077192795547,-0.09175166102238627,-0.3311149916409677,0.8576229170197798,1.2907576547608621,0.02571831415289754
2,B,16.1,-0.8955224996166126,2.770350997941496,-0.7981719786783601,-0.4082629997102735,2.147934410380998,-0.24521859505292076,-0.36769399806328895,0.6507909109935595,0.22158362252768338,0.515662982151569
2,B,16.2,-0.7437822614866408,2.4141728007095784,-0.5416787570992976,-0.24733811639674624,2.0093908390930793,-0.31991440026735773,-0.3522095391562484,0.9711793209770417,1.1127828044001151,-0.9150841532703106
2,B,16.3,-1.1474590377937555,3.031450107232788,-0.9851919941488355,-0.19678887967150743,1.8822602465147302,-0.06814319685185985,-0.8336400824553075,0.48007964175433865,1.0276827616453068,-0.11024884853590493
2,B,16.4,-0.7193221900354194,2.587357167792727,-0.6615336659723797,-1.2516693812269506,3.1375579944790255,-1.120456575864666,0.2328102542307739,1.2921306996153101,1.5005222260569497,1.7717201931215498
2,B,16.5,-1.090083452576079,3.046109456641092,-1.0795580643344704,-0.8865050732728047,2.8724651040274325,-0.5388878701240167,-0.1726280681976916,1.979577013718986,0.822441637951858,1.8139623563554974
2,B,16.6,-1.2937035280810398,3.0225006419816447,-1.250344152209076,-0.6038355324735751,2.461779622838218,-0.9084046830502839,0.523265798371469,1.82794589183851,-0.5915189591256885,0.5687242390308992
2,B,16.7,-1.5178531479372546,3.3634156201859104,-1.8714842018854723,-0.7833215771917379,2.5063308878967776,-0.9390022971896091,0.48092979198879465,1.8659199496469652,0.07357410912602719,-0.34169427710931727
2,B,16.8,-0.6117012458295712,2.431361669294952,-1.083109585867116,-0.42921415669525875,2.2909168353910165,-0.31328754554078,-0.03652032617219953,0.9425408079451421,0.17097050185503215,-0.17128893037251366
2,B,16.9,-1.416688417326435,3.426058811205184,-1.4260319980165435,-0.7239789556437306,2.56774106937051,-0.9360460611376507,0.7351333696457886,1.4527275228269443,1.107978598826071,1.2715507951650853
2,B,17.0,-1.3550927344151757,3.244879105476353,-1.240789635046319,-1.1609582968561236,3.08572942415302,-1.2707280088978046,0.365472994864356,0.6734579987983353,0.5308616558357113,-0.779826192128718
2,B,17.1,-1.542398673067168,3.502762890295444,-1.2602271429947893,-0.3658303950173575,2.2591090114106924,-0.17745147889922272,-0.6797340913739042,1.4512390467923808,-0.017356597995256406,-1.0032356765254367
2,B,17.2,-0.2736101608732724,2.0938183485794593,0.025450691065331876,-0.21285970215285416,2.028128612541381,-0.3817281972675695,0.12042384171758547,0.6718097283797309,0.4871375950486959,-0.20232181903043825
2,B,17.3,-0.322514964160304,1.9924037732744082,-0.4334056689871481,-0.4178629859440305,2.3883952273611255,-0.5341841193238284,-0.19517905481925893,0.6050118976452132,-0.03820133848360743,0.851755168411245
2,B,17.4,-1.2581124669826247,3.2151546010759375,-1.0608846538686882,-0.8820499648025957,2.693006327175199,-0.8828443887480312,0.3015300947971847,0.5112149655455249,0.4547471531015987,-1.1501358409570683
2,B,17.5,-1.6110453730935057,3.6180300076349723,-1.8808205411033843,-0.7407488658241451,2.534815203902276,-1.0368308541800622,0.0794333648671294,1.3167101024825558,0.16675918675011578,0.2889623516376291
2,B,17.6,-1.2370003139707262,3.0647268760806234,-1.2429993969558741,-0.47406204423071346,2.289752751742383,-0.041009546424232546,-0.10921742548093688,1.0617642427349154,0.6892517494762704,0.3045104586033164
2,B,17.7,-1.1842802681221867,2.949266721947498,-1.3251381492897896,-0.4711339415286895,2.254527982550133,-0.6959166397371318,0.14645561519757855,1.007530466393991,0.1744023924370403,0.060632686324996965
2,B,17.8,-1.1196632577832124,3.0119087304003744,-1.2762791902856334,-0.3457640204747853,2.2079977701084617,-0.7348672924636088,0.2036884358716098,0.21098732001385712,0.5199182026962867,-0.22960824535635174
2,B,17.9,-0.8084695916648268,2.6877094291101633,-1.1194246634063425,-0.8167887048629014,2.484489977966953,-0.8413909159269904,-0.10279290044820073,0.9790096074572608,-0.13438098237888302,0.861116019515898
2,B,18.0,-1.2923787171851644,3.1060438536339934,-1.184276541520134,-1.2262768077253938,2.942911516566193,-1.3214058345659059,-0.8762833240264329,0.02847161904273421,0.24926648742348953,0.5035575526787337
2,B,18.1,-0.9658711638309563,2.815946780494645,-0.8463005963148362,-0.98147650092404,2.8564453534013707,-0.8230385503849347,-0.15105784557199645,1.77770817092649,-0.3185341660669187,-1.5548634244952437
2,B,18.2,-0.7727768082637025,2.576266277806663,-1.1052837844451013,-0.5715022320299159,2.375021389869371,-0.36165613774211436,-0.35443941612041424,0.8116864167580038,0.10974534986468304,1.5385922195456359
2,B,18.3,-0.7712067281547025,2.7123598715489514,-1.2354121701985115,-0.5121209223527915,2.3744033123482327,-0.8119534387653258,0.4063859451124983,1.0060149482336893,-0.19017164970115155,0.37543042175134567
2,B,18.4,-0.7623680578972466,2.6971882749856144,-0.8093931627697418,-0.007521058548501047,1.6761976533266671,-0.22275925203125,-0.6881716634996989,0.8249277978722015,-0.4461688690933278,0.22946420320860952
2,B,18.5,-1.0776868063858889,2.917587234301598,-0.7901037047994997,-0.7586711614190219,2.56648511687665,-0.9627237311999962,-0.6540712897473078,-0.06377915392987143,-0.669629409679741,-0.45308472034862096
2,B,18.6,-0.9202693117060846,2.668991678759679,-0.9773217449195339,-0.7270790823403477,2.6430356007031186,-0.28342488340545047,-0.1563756742313345,0.06203647315125749,-0.6271200880936101,-0.3918407976375813
2,B,18.7,-0.5941267124085426,2.3769101021489827,-0.5134236617297696,-0.8873652466189487,2.5986053942593657,-0.9085888330538469,0.0644645561956807,0.8665333527448498,-0.22236991631719472,-2.6467795416671356
2,B,18.8,-1.287500798479319,3.1489734299863636,-1.443645151517468,-0.9795333747193241,2.7142690536000886,-0.6655478734548993,0.2449112923587077,1.7773524468106952,-1.9237649366209406,-0.3376820858137727
2,B,18.9,-0.47920646656896526,2.2795234564615465,-0.6256642637332631,-0.5757190836318512,2.3919380486854225,-0.5600133206033004,-0.21527487273662604,0.21099407619134136,0.15512018313949127,0.4924180678555877
2,B,19.0,-0.9478964047482002,2.8615704357057763,-0.9897074414689728,-0.7370248621725963,2.585300901670109,-0.7292414586819719,-0.7466510622163024,0.45507667022546394,-2.048697975721987,0.5129087901336804
2,B,19.1,-0.4466167676277147,2.3029170591167256,-0.3689823425873428,-0.9442752265410124,2.781991286019622,-1.2306020447997423,0.261359925965148,0.8480962030232468,-0.779188647454773,-0.7963937697495586
2,B,19.2,-1.386152328917006,3.3807711915818026,-1.5430309834776537,-1.2601853108205505,3.0622355892595827,-1.2649594204091483,-0.22216608093425044,-0.13789980485215725,-0.8983495594472226,-2.499875719062202
2,B,19.3,-0.5847482896546784,2.564802925163488,-0.5082099174735638,-0.9355028181022671,2.8372463044675538,-0.7286326776074817,-0.08170928636401716,-0.1459815729310675,-0.2902379950641742,-1.2578842137228199
2,B,19.4,-0.9144893525052725,3.0417262302248336,-1.2074599777917951,-1.038977724225444,2.6543118236461405,-1.0123941510802037,0.41584802219953027,0.6234289736317429,-0.6235791551346792,-0.43136841830459954
2,B,19.5,-0.32142829109164467,2.0102276730467548,-0.36940786935359476,-0.4720924705370954,2.275353450101397,-0.38805432281505237,-0.02000082582045767,0.8409365907596245,-0.8199294622767792,1.1771381797997698
2,B,19.6,-0.717686161699776,2.494561660452473,-1.1031886653760574,-0.5887377200045552,2.164107807373644,-0.5186491187598427,-0.5370425476492198,0.6311210248274557,-0.7703849863182987,-1.7528409077378728
2,B,19.7,-1.015694618409931,2.78238563188569,-1.1807315274477683,-1.2864241444381057,3.1274917302973084,-0.7968231836710831,0.371022009844781,1.7840046346193152,-0.2773486422172965,-0.0997124182126581
2,B,19.8,-0.340221860523389,2.116274415906048,-0.717724547358439,-0.5280409578067515,2.3448432110024484,-0.6847960240945531,-0.6363617418046923,0.7625250780088725,0.5375764542838963,0.47981633335526264
2,B,19.9,-0.9085937887481611,2.716475252557297,-0.987968052053454,-1.1442233487917681,2.9695504417265033,-0.9911738872171885,-0.04743334089549172,1.0747539774034445,-0.6603047302326278,0.5121881740577602
2,B,20.0,-1.002514772445766,2.8296636237156374,-0.7604129810453171,-0.9044583923902835,2.6096678331833036,-0.7632663835631162,0.25622599340835395,1.8147808051648417,-2.1391055166548467,-0.20984638584727353
2,B,20.1,-0.925442120270543,2.812967478551964,-0.8695197318745541,-0.5366612900681559,2.23259449794589,-0.3920639235576615,0.5623902071323414,1.8755248071979183,-1.1694113439899223,-2.927779770698643
2,B,20.2,-0.8613310874233202,2.6476612722290147,-0.25148517866484354,-1.3223872167558592,3.0867074431420947,-0.9706926318473027,0.05227302907458315,-0.10315516881289111,-0.6778117945620767,0.4953345721774178
2,B,20.3,-0.8056037004595122,2.6474611897433853,-0.8566391733656056,-0.913219955373734,2.5952986658460806,-1.0238418235364986,-0.20749572218531767,0.6213983604947246,1.0500432377848057,0.014774465595931522
2,B,20.4,-0.7507929797040105,2.6169509093851797,-0.8611013797135176,-1.3701932232853467,3.050242244033316,-1.4913990385608227,0.029403202734357634,1.5423637776466697,-1.404457336247169,0.4313354357861074
2,B,20.5,-0.1677824046265044,2.0439758683962586,-0.10103665710723167,-1.6586776989796155,3.3545603042585435,-1.620583176090323,-0.2114526065391637,0.014584403344520824,-1.1721926588724525,-1.0687134234275444
2,B,20.6,-0.1112427047709818,2.031392301372996,0.22223492932398592,-0.6381359690810307,2.4756394880028094,-0.5099955529851102,0.22734964372083807,0.2844665933227404,-0.6144521978635593,-0.5957607029646991
2,B,20.7,0.0017074508386094034,1.8397618806860376,-0.26353772923088165,-0.9773124354401272,2.8875487328884804,-1.2287529898666278,-0.14703487484709132,0.057245828000405896,-0.7543403078969155,1.4139234761860742
2,B,20.8,0.2729557523415295,1.69721281236877,0.34261365270879157,-1.278290084937384,3.236793423745819,-1.2902306051936905,0.26132854402241673,0.015408949396619742,-1.738248469210364,-0.1957326851690695
2,B,20.9,-0.18152538866945975,2.119829240861245,-0.19602333047015663,-1.5485449753390863,3.490282574616927,-1.6471175792368393,-0.23432550938069185,0.14879993469837371,-0.3685965757098404,-0.10758665672631955
2,B,21.0,-0.3879407393733252,2.2017647381517884,-0.5673309668984946,-1.1360774513831822,2.9635186439741465,-0.8429749133744427,-0.02847370152028012,0.9320848142234757,-1.7167626565180487,-0.8231145128364453
2,B,21.1,-0.7640220809621721,2.449544317849934,-1.0388489057852206,-0.527627875743065,2.4523801140274983,-0.2090350176094678,0.2951007167493649,1.5839291105337825,-1.0746717342310494,1.1753243608562727
2,B,21.2,-0.45110034134175103,2.280093839481166,-0.8121992160716414,-0.8578727738850609,2.66456742933892,-0.8479143008525172,0.33849181925965277,1.7359090997925664,-0.10488666751236508,-1.756561509332675
2,B,21.3,-0.2599303981870628,2.118141172429406,0.059115075556965435,-1.13006680340316,2.776602127639908,-0.9258704177889185,0.28573680084414155,0.8226769792583019,-1.6734670184486689,-0.6196608175174331
2,B,21.4,0.22747994554548212,1.552542418276953,0.4520855044118029,-1.2351884636200583,3.0466564790301787,-1.622429121180005,0.5085823947428721,-0.3704225685561706,-1.0687438455120084,0.3472808823573009
2,B,21.5,-0.43083337578827907,2.1711630902159076,-0.15915860591905273,-0.9628424035031462,2.947865600337832,-1.0485196354799813,-0.34202020483237844,0.7742452670514745,0.1624909678343056,-0.12565951755222796
2,B,21.6,0.38589747184529655,1.304629202975264,0.30629349521241067,-1.5408463594617243,3.25266840088228,-1.8150136176826757,0.054370992998434765,0.6009358327057444,-0.9710046958155532,0.8088608406433628
2,B,21.7,0.4004658076590968,1.4290423047164915,0.5063421747867581,-0.5275367865583312,2.3459153274942697,-0.569082309191539,0.3936915727588575,1.0120109622283437,-1.4165982525710867,0.3484277371582288
2,B,21.8,-0.20941954657187228,1.9206648405083602,-0.25179479141394023,-0.8205497144612586,2.6663503962171102,-0.6455544289520908,0.04440568019564012,0.7196603128542212,-1.1071996882588166,1.381302145822845
2,B,21.9,-0.2167076171762216,2.0989468249697376,-0.1543567134963013,-0.5766081011292961,2.399568548319697,-0.6920021646943457,-0.14803429787431124,-0.284940553994652,-0.22436865768326386,-0.30106748052374804
2,B,22.0,-0.059362956611216516,2.0763567955932536,-0.12282587926444893,-1.1893416862331279,3.1177369305754388,-1.1884983413292816,-0.006614758445907709,1.036646079644138,-1.6339916535433243,-0.20369324714716577
2,B,22.1,-0.31102640352217326,1.9890978596564195,-0.22895567395426353,-0.689928748062528,2.4839325916514796,-0.29611990920168024,0.022567375812026398,-0.45614659615947284,-1.036905815325567,0.21509457684966318
2,B,22.2,-0.39261345575242956,2.159217099744463,-0.1935711867469847,-0.7448779411674644,2.465281106430047,-0.642502408877608,-0.20091892518486534,0.3662969024860414,-1.494608048452411,-1.8665067245362499
2,B,22.3,-0.1753299076763673,2.0305612143542686,-0.08758231336442736,-1.5182677799479625,3.416606706099659,-0.9596346276017339,-0.2882245277116086,0.9631537079832004,-1.274986718610502,1.370222289774852
2,B,22.4,0.21871627252677728,1.609359360004831,0.31419764062372213,-0.9251318782262826,2.6639971811585386,-0.9406542174124474,-0.1358769962625554,0.9819939307104009,0.23345419758884478,-0.9798743129179754
2,B,22.5,-0.7209590428551342,2.444434928756574,-0.5620113652851102,-0.8620810115200932,2.597018627912818,-1.2311462847678885,0.13774990967551123,1.710184951494491,-0.5470467462743156,1.0937672939344503
2,B,22.6,0.34925505376272414,1.456984508674167,0.6287471282064607,-1.168222670180791,3.020912844368218,-1.0685148568528793,-0.318156940793938,-0.6545380134121611,-0.7163325943862153,1.407596225232261
2,B,22.7,0.7032576350483377,1.305685891680464,0.8966047090642367,-1.0872253188391603,2.782164372040783,-1.1336656444223554,-0.21592808607157607,0.9623668963407264,-0.15206135537352344,0.9767399035516268
2,B,22.8,0.5932185480021339,1.1447814926553295,0.5239493790497066,-0.8021996909601842,2.713930114169332,-1.087733629961548,0.07426062177642401,1.167403443327808,-0.7902557727467179,0.15546003180831525
2,B,22.9,0.7676530023771352,0.9170129118464161,0.44859142814367575,-0.9613731623885939,2.71325855213576,-1.1374307076527734,-0.26051072040910545,0.5527786644488368,-1.0368964733511543,-0.6842127183510786
2,B,23.0,-0.3019332788537006,1.999941105876705,-0.17654765811298434,-1.2925314923383586,3.1027443934679875,-1.6477323751029702,-0.34361770346680903,1.1271914314717126,0.4231598798095789,-2.199998257824947
2,B,23.1,-0.13126651227542893,1.9114851273333424,0.06327144193914305,-0.7261960523132855,2.5303027656055197,-0.31449058039850963,-0.561206777950753,0.07837258921366352,0.31087059797797567,0.5307283301069049
2,B,23.2,0.8275550366538207,0.9315841431133495,0.8726225748434864,-0.8453411294886353,2.602341984658941,-1.1611915968713924,0.12288922702078654,1.128921873728374,-0.675316661313131,-0.2786112102120709
2,B,23.3,0.4358610939757602,1.4570362325649195,0.2131745197871221,-0.8292898916466803,2.603770076841676,-0.44646974578667065,0.7624552562743997,1.052702770856724,0.3065157660297304,1.7023942292344125
2,B,23.4,0.7733037483060592,1.0076279162060844,0.9081663311638786,-0.8739672916829154,2.866077800588819,-0.9437969165686663,-0.61363142256092,0.13579930490529135,0.810493896000756,-0.3339823717387557
2,B,23.5,0.42731450001887683,1.4361744595909576,0.5007242673741009,-0.7408699700177772,2.66641483976234,-0.7196416257332996,0.11202932533474744,0.3197323047281411,0.27964862533070456,0.6015226208696187
2,B,23.6,0.5967216044514,1.3558639536331312,0.72428018342329,-0.9882371514944229,2.8921554583073896,-0.9220169871930524,-0.6608005832518271,0.6006969973035652,0.33590233385500967,-0.44273166278069814
2,B,23.7,0.05497617556104484,1.861144223990296,0.3601269041345676,-1.1797812317500749,2.9992446241026696,-0.9774000636609802,0.18473429058104046,0.31575183875659,-0.6602071753127257,0.4029522809733583
2,B,23.8,0.2450421771585025,1.6281254377331051,0.5295370811928201,-1.1267093947341322,2.844563420956529,-1.4700725112187405,0.14601132026785382,1.3307899788209243,0.05587402594345077,-0.3851672360119744
2,B,23.9,0.7843970851700814,1.0257036488079865,1.1879989186145936,-0.4689549700158098,2.158931925012212,-0.4352685761961542,0.03950365464260862,0.8039383409710708,-0.9384187219927822,-0.20420109805010886
2,B,24.0,0.5444927190268225,1.2777389141101387,0.7706415929187267,-1.5505294539380607,3.2792140177478277,-1.9604515593036997,0.0184532154110248,1.482301917249771,0.9052809415248152,-1.9388715797638196
2,B,24.1,0.49338197382828375,1.1814777220934336,0.48921261877469246,-0.6431520242552209,2.4214967314647335,-0.5612133591493891,0.5350322505281556,1.393174118386737,0.18019375572719548,-0.7550793820496347
2,B,24.2,0.8254421936018487,1.1011317570470343,0.9045608321003147,-1.324756718240569,3.2176417019650145,-1.4475673505633886,0.28185742484348564,0.7190339308283533,1.1284989474270557,-0.1855924671646259
2,B,24.3,0.26961709764530195,1.3803341139463199,0.6646745488979683,-1.370264050239741,3.0479875242284233,-1.429205849999924,0.42679869322660974,0.5611036959279584,-0.08685702686103441,1.2615065708288855
2,B,24.4,-0.007955642201182722,1.7676337197929335,-0.10408988506338188,-1.1462893952764384,2.931554415091556,-0.8979589573684457,0.04746689641507241,0.10335363781879436,0.951884723468411,0.2448818751962757
2,B,24.5,0.30272708141435173,1.5545183865862056,0.25303613689982374,-0.8705671760188426,2.790227585927868,-1.2346760012273932,-0.07537030376650268,0.18290161080841766,-0.4855306942075059,-1.2713503913958553
2,B,24.6,0.5241874116014327,1.4427633233591752,0.5009197635726412,-0.5108154003105138,2.3686686474551655,-0.5235161140644289,-0.45451062568603345,0.17921514072628275,0.2685788900709434,1.5786920170593546
2,B,24.7,1.1766334868618642,0.575284664868775,0.7761053515094437,-1.346625458970781,3.0206781052145937,-1.25051196637977,-0.11319410113738895,0.8628433416966647,0.883916293182077,0.32884933444525305
2,B,24.8,0.3302939768343181,1.6377696656548026,0.611749491912994,-0.15158667640124934,1.8040551905543332,-0.11062015871800471,0.041227523851119253,0.11807863314334532,0.8097278082819297,1.102563764006835
2,B,24.9,0.9407205598051658,0.7286818867397677,0.8733915441705298,-0.3151813477944206,2.204630954836008,0.08146696945332921,0.32855141060061543,0.6895606110957051,0.5981735697303445,-0.948889910429507
2,B,25.0,0.9015068018865137,1.039650719194811,0.7235627568686595,-0.753507538614574,2.3385623949329264,-0.6480996724934109,-0.22999378065478362,0.7519495800080733,-0.3229479422871179,-3.3619920318007046
2,B,25.1,1.0172269146106783,0.7258213811091032,0.8584231082973688,-0.792973001969568,2.497660822439064,-1.009496723404741,0.2100003933042279,0.33262944975468256,1.503579368430035,-0.8107226216995488
2,B,25.2,1.260041503623205,0.6227393087716331,0.9769696051642875,-1.0090691542867898,2.7481111036732,-1.0940532975917272,-0.37582923987758293,0.512553248592959,1.1368302468518547,-1.070343083255175
2,B,25.3,0.7631337336975061,0.8833523049741279,1.085696231268801,-0.45313785450061483,2.3659432787692176,-0.488426239043991,-0.2591779257840416,1.4853724069120282,1.4571478792388055,0.23894172383000958
2,B,25.4,1.152511203573824,0.8152078267178433,0.9769927669875521,-0.6181721384168023,2.198833745005539,-0.41681557957394244,0.22878400934140417,1.5791469529590418,1.4778724250168922,-1.5949520560245465
2,B,25.5,0.4554019241636402,1.3603767748524862,0.5165846899069625,-0.13102014978742904,1.9322012960739823,0.03470281636311526,-0.24476397068172023,0.1361314474041851,0.5969314489446459,-0.9348403052730492
2,B,25.6,1.1962155062264517,0.7514515952778937,1.0951578119827086,-0.8481057629022943,2.719141610226183,-0.7817875159693377,-0.3630924625289198,0.48264261420300714,1.0847800030697847,-1.4182043667679134
2,B,25.7,0.9603940058528417,0.778659786198965,0.8093671204768355,-0.3985435749620609,2.2377795003365515,-0.30532544717688404,0.295357499376567,0.36977762761871835,2.468389444441504,0.1091573870114619
2,B,25.8,0.46513228087661757,1.2546263491560536,0.662004163698086,-0.5851660138253657,2.3915123493895347,-0.5160908631687429,0.633623667766403,0.4211904255996488,0.38242500092993903,-0.9686402246191933
2,B,25.9,0.079571880474265,1.6335580434321186,0.27069566466220707,-0.8507191673023928,2.7456202133734102,-0.7689319272894881,-0.48689621988292964,1.501274441294187,1.1512743299177008,1.3716200935187948
2,B,26.0,0.8330855733079191,1.0948762199942281,0.6514029667455372,0.12997961959220483,1.6044812337255958,0.1982702799903493,-0.056337941919221216,0.985554373804215,0.5801386799495254,0.7782451479904902
2,B,26.1,0.8271712262163958,0.9848394910894278,1.0686357774750275,-0.41926910287515273,2.226849107230392,-0.02716577269519771,-0.10972456452963453,1.3230699136090789,1.9885050233247346,0.8341112735222037
2,B,26.2,1.6778811487686562,0.1553960979891389,1.5302044101558778,-0.28109602980977655,2.250186829184991,-0.07140077762887859,-0.05559712148261958,1.6266366952887714,1.0440314962903248,-0.23709821881771723
2,B,26.3,1.7025144022940868,0.07942754808753039,1.7600040759156412,-0.8529970006085195,2.73623582949502,-0.6657793480148195,-0.5354199879338348,0.28965963307709597,0.31555019561590847,0.22401485581538755
2,B,26.4,0.57284616427531,1.1646388474646248,0.7078526958371267,-0.7124971173486292,2.6218253067976827,-0.5718429031744446,0.01804477065219196,0.4348129058304069,0.5818898024791361,0.8624793757684982
2,B,26.5,1.2867994341833344,0.38817657284830887,1.2846015847386247,-0.41049032546880176,2.2871286152092694,-0.2512498030686918,-0.387355453844599,0.5646221523786359,0.09595099090108794,-0.8741674613242977
2,B,26.6,0.9015928123079742,1.1106671916791326,0.5106410711205682,-0.6246450332306841,2.475468452443493,-0.9099868017264428,0.35650973384629986,1.1491930267722525,-0.43462457389711184,1.2508028579883468
2,B,26.7,0.9005627988179348,0.9231142881179982,0.8414210675927603,-0.18932134247346463,1.9664343554718409,-0.0867607829143683,-0.5832827811124768,0.47211799434062796,-0.7022799730092933,-0.0893227264192951
2,B,26.8,0.5066392886586759,1.1737250176194358,0.6660235847495827,-0.22635126181240822,2.0516757266039143,-0.3944433417688415,-0.22188795801946834,0.9072872286198432,0.492563174288844,1.272917012691778
2,B,26.9,0.8733736045952388,0.8827996180204426,0.7946281772375328,-0.6331655140148587,2.4477163017715715,-0.2676434725049768,-0.324831259934725,1.2138531967132375,0.237731280652405,2.277810307625373
2,B,27.0,1.1058404076005695,0.585368862961813,1.1015670662378825,-0.27121032578609633,2.1419937064829435,-0.22465105650482536,0.14740316253709607,1.2038132326744893,1.0008289974510591,1.5812927630242248
2,B,27.1,0.7642929666609686,1.1620999154014293,0.7868185457190399,-0.31655791463663135,2.0437317312052556,-0.25672283560558584,0.8144975428334872,0.7668444657100284,0.39335616001344986,-1.1028171744571447
2,B,27.2,1.2207972200900725,0.5740774470713756,1.1879410598028346,-0.35446793331412413,2.178033629694321,-0.030248388791951464,-0.11274095626540376,0.018525655343870295,1.0130397778735456,1.22847085582682
2,B,27.3,1.0334335601153968,0.8758154721175404,0.9299337506521728,-0.6780571751914957,2.2749152811152236,-0.8453173637073713,0.5260402045010861,-0.44783224613684613,1.9311621078001013,-0.3274153691254417
2,B,27.4,1.6083806423170843,0.16619591062262962,1.871123855268479,-0.5471987020729694,2.4324213544977527,-0.8220556896026583,-0.3458397834485754,1.1504399146907267,0.11915599332652504,-0.436815394308576
2,B,27.5,1.2756161492122184,0.6069608859059523,1.2611946729141714,-0.15978760892311902,1.9597475165809326,-0.07502269743051626,-0.10289258380442859,0.7442086705649607,0.07231338620579575,-0.24623343953209262
2,B,27.6,1.1635547679187457,0.6041547741902236,1.195234293945061,0.1428875108403372,1.5229442408325715,0.24336867233110535,0.0980136912839981,-0.09948994869579608,1.3770620020941402,-1.2031362593140997
2,B,27.7,1.05524398152597,0.7474243543112045,0.9980034511129784,-0.5300355692728745,2.4405038090742064,-0.4077510069810317,-0.1714939032238238,0.152655619834075,2.1742701956297483,0.23949897715349577
2,B,27.8,0.8686553626107423,0.9579550381524549,0.7324614702531738,0.2571801009876271,1.6337734549094536,0.2013852304007518,-0.712334064292029,0.1790862954567996,0.18780215466366135,-0.7317031137126074
2,B,27.9,1.336434619669337,0.5800725116244352,1.0522993997449173,-0.08319232933946989,1.9906169015971986,-0.015797955841301697,-0.10164218326462925,-0.5639773642444549,-0.3417860482334535,1.1267877907792418
2,B,28.0,0.8022530374426027,1.0907142385192292,0.6766657381010678,-0.5697700906953128,2.3786154569102296,-0.6763907764620964,0.3344175536690851,0.5845059629378018,0.47137365198080716,0.32187495374336383
2,B,28.1,1.259996014477374,0.63703248028674,0.9769134357247837,0.009699530152161143,1.8154680209397416,-0.27061593843021403,-0.3623487198429691,-0.046097419394742545,0.36399496005470994,-2.637328354203272
2,B,28.2,0.9806317639514915,0.8966344802935488,0.8861440504394885,0.22843058859355686,1.5460751557319745,0.3729314688171341,0.621321282762632,0.24199193032703517,1.0020871844851575,-0.9874011696532845
2,B,28.3,1.048539458162956,0.8133625774163562,1.023734846269371,0.03288332068057928,1.6511722560605948,0.05625873857572702,0.1362365454017556,0.8549291142800832,-0.11609727177000251,-1.037169642124114
2,B,28.4,1.6905389799597792,0.10725113956341015,1.9401952515000855,0.7740043784996841,1.1375006439420494,0.5054575601302354,-0.22814421237648297,0.3461633513069403,0.3264973507104954,-0.7122681003511241
2,B,28.5,1.239340837175741,0.6576508967086674,0.9961980605431755,0.09232636830390786,1.742078379051755,-0.20122650295593894,-0.010227714358769471,0.7217771700800335,0.2529073536571236,-0.6854817007836819
2,B,28.6,1.2443382127628846,0.48999218382811893,1.088521403236927,0.3186805549959835,1.4372453648096561,0.09087024354962897,0.08909764133197244,0.6417415843445311,-0.5622313544192465,0.1958695640112717
2,B,28.7,0.8299126960621264,0.9850736274772484,0.8600994468570103,0.032128510641803276,2.014877056431464,0.106007698616207,-0.43320381110946565,0.3996426135624158,-0.6048547981851793,-0.17511500570656496
2,B,28.8,0.9686752028355929,0.8639369777885209,0.8834756385253458,0.39327026298046464,1.455249197591789,0.20792348902348284,-0.04944945062667589,0.40223660862577826,0.5733252042118335,-1.1218801945724834
2,B,28.9,1.021627135125468,0.8575257464387358,1.1739236414762182,-0.7662564328042683,2.607693280119815,-0.7075576671947146,-0.0004518257002629874,1.4821697956499544,0.5858362002740145,0.42887785854621996
2,B,29.0,0.6856260647291983,1.1073295312517537,0.7844134643323261,-0.20602456694537524,2.062393621363718,-0.4811811507538046,0.363474841568261,0.2550275660012899,-0.2795068272071221,0.9083539219339889
2,B,29.1,0.6005600538214482,1.1113918053656513,0.9225956351932303,-0.011519985378424774,1.7789855506004653,-0.06284317879179356,-0.786684674557126,1.326235898659772,1.105969236497796,-0.003769892296376225
2,B,29.2,1.007120152993578,0.7482833456367746,1.400101418556513,0.3141647061082625,1.3719818681329548,0.3965499642150812,-0.24538345704377304,-0.20659923591110552,0.673064522470625,1.1825187831596844
2,B,29.3,1.3617459879610552,0.4125254779744645,1.3753808280884758,0.22545252750207087,1.624263866508056,0.052615166698030125,-0.24871573495893254,0.7715797545140677,0.33611075199180745,0.42326084693875765
2,B,29.4,0.4865969999674323,1.357641365235127,0.731046652434744,0.5610352394067718,1.015263743475082,0.42220411732281304,0.19368875061283353,0.4285910865300574,0.3743661815548873,-0.5795471319255294
2,B,29.5,0.933368455953874,0.9742311560719671,1.1783966135815611,0.32771596880848786,1.5384070668783745,0.05953950809016528,0.2897519124975061,-0.11942530251699618,0.16527128791175924,-0.4133875911308611
2,B,29.6,0.6293039674350377,1.2271068566536683,0.4254010700254041,0.29683610953592465,1.505082503467308,0.5048317010813561,-0.16201561245145027,-1.2783000844802936,0.3414575814434865,-0.008455065368125856
2,B,29.7,1.0243858661871328,1.0016942502208597,1.0513298227737855,0.19487318312864949,1.5792626523698599,0.09674527901239456,0.08343331809306599,1.259157179300251,0.37797965369872355,0.5266355889738503
2,B,29.8,0.9627832591159197,0.8375685140283404,1.3387823538372694,0.32426847775782747,1.6240936084201287,0.33035002874414104,0.004325367155491473,-0.39892320193585734,-0.15659539805942463,0.16236864994494188
2,B,29.9,0.382106274993483,1.3046363615087906,-0.10598132048419023,0.5783585055538039,1.1717109542278155,0.22259187360265376,-0.19121118794190675,-0.2916624600974195,-1.498040609761158,0.9790713023398496
2,B,30.0,0.3913437892145594,1.2948346101978536,0.3117288552644207,0.5733719796582093,1.2203823554023419,0.4528300185121629,-0.6542438624061829,0.3558933023147882,-0.3955489342272039,1.1565310795630839
2,B,30.1,0.9524964433663573,0.9706663430415169,0.8787613870425198,0.6376754065540355,1.142546098431843,0.6481287064366283,-0.24158044561583963,0.3043194015963614,-0.8529224182005738,-1.0339708194807593
2,B,30.2,0.8317440893137622,0.9056536546665767,0.8952601553957759,0.2665496156011429,1.425543622604201,0.40786134639767957,0.19611242580788493,0.42921021879140514,-1.116769104554071,-1.185805201617935
2,B,30.3,0.875994095438683,0.9353315394346808,0.71836977981467,0.12777388434448428,1.6635181827988617,0.1431814064335527,0.1833580108305941,0.10135903293838669,-0.07399310714389579,-0.1180648807043452
2,B,30.4,0.9471410428383666,0.9082193095613857,0.807620064681868,0.22638363779991205,1.4587414044927907,-0.12768422358770354,-0.06045807772677452,-0.6541127549250345,-1.5694401063752506,0.44768472254329583
2,B,30.5,0.943405053828413,1.021067911861203,1.0365909764675165,0.5338311016386877,1.3958064606257647,0.5238029745273488,-0.7914503078588822,0.7576933175485243,-0.01898379621019286,0.9077737915740047
2,B,30.6,1.4895539170550955,0.49943167133382715,1.3486881436806988,0.9954660985786321,0.825759230771871,0.9922415212519696,0.4230086793334409,-0.31351841587553075,-0.9579554197689563,0.6426217490980894
2,B,30.7,0.8176124672883284,0.9046083765937506,0.7804876572181662,0.5349578276927798,1.135412845455265,0.6134028449786555,0.09256421536258273,0.3550551856839002,-1.35736764659659,0.6127984938920483
2,B,30.8,0.6748418017955803,1.2330797849350936,0.8408820186645788,0.6404548520168816,1.1634583219637968,0.7407821592248726,-0.328466552607894,0.5575137770070053,-1.1778927929489313,-0.9500024627638227
2,B,30.9,0.5291628688784328,1.2934182793965618,0.9658766600954998,-0.09052049565641584,2.0084633783653176,-0.2759929152673546,-0.24880691694168344,0.913933230573504,0.7429024478293244,0.36895480320851987
2,B,31.0,1.1729407694407046,0.6693259311495781,1.2769268214451528,1.4470100235431327,0.46444124213141436,1.4326699463796384,-0.19955780554731298,0.0655868709121861,0.18172829723272177,-0.6616953034498368
2,B,31.1,0.9565747336781454,0.9734231350189972,0.9818050655362249,0.14161276600363787,1.729979876319713,0.2679805315959928,0.17113807422298305,0.004778865814016986,-0.9233992012123582,0.409381888767157
2,B,31.2,0.34780005448171053,1.4544101408606394,0.23400367137558836,1.182618259784288,0.7444795380476392,1.3367020538651209,-0.5522486866687285,0.039751831309266766,-0.12903199786374764,0.8979740286520693
2,B,31.3,0.18079275326211258,1.652666046909949,0.5500864086287964,0.37006238049162155,1.376261425934042,0.184480880263972,0.10395977217437141,-0.9377314155241598,0.2787478538907018,-0.687389455105181
2,B,31.4,0.1493718088947149,1.5620351943713182,0.1385526468392398,0.9178894135592663,1.1594753743851833,0.7661444197349956,0.06221444998263864,-0.2898046275228995,-1.368042529247742,-0.253302821797482
2,B,31.5,0.8111119920193823,0.9151162040702783,0.9072590066044766,0.885747463825831,0.9922490235673447,0.9348136054287323,0.17713700563341572,-0.4478942332640313,-1.033976551613614,2.4714609662267293
2,B,31.6,0.8320279074217912,0.9705863286099008,0.5914333281002089,0.6403714030042393,1.2945523121830074,0.5669484702429771,0.2663359020751082,-0.543544377103441,-0.31772948083084007,-0.7721956631968406
2,B,31.7,0.5161570392000382,1.1865292449386615,0.681580003770604,0.5767583293989536,1.3564245950646534,0.5192414389727597,-0.6222323611823858,0.2386137396860953,-0.653080362691345,-0.5194101541545044
2,B,31.8,-0.24105251031647773,2.0344228836346194,0.19561435085813866,0.3225853040533864,1.530228522444114,0.49192028873454896,0.8392348800229644,-0.05728324843754126,-1.1421517824725311,-1.112226540730864
2,B,31.9,-0.07578014641691988,1.7733725478050895,-0.02171885912531881,0.6495939445647091,1.2697580503499146,0.6794850434850805,-0.1673242708062852,1.078969214353657,0.06732164638034355,-1.4613455602221193
2,B,32.0,0.4959721799648512,1.4802840644772797,0.2005265997685835,1.0699447770292028,0.6781541151145747,1.1865237408961538,-0.361222725510896,1.0061752392139836,-0.6271839451362538,0.9947096913278846
2,B,32.1,0.3296849236666196,1.5650187855725954,0.38783130536786026,0.8306540416757586,1.0441525294830831,0.9534326561513016,0.4278093363715836,-1.0250896898530795,-0.4621411097435163,-0.6933848893768407
2,B,32.2,0.341476399976375,1.5827968083003578,0.4641951407404233,0.4067251375390214,1.4443570472862877,0.19235554792971565,-0.0030059627350125804,0.16949756855126497,0.5120697252677542,-0.6367809213257449
2,B,32.3,0.21610966163194062,1.5956657283676905,-0.07614691736419377,1.1364336448240115,0.5756613202999297,1.284112317387763,-0.07051709542363045,-0.5131867443710548,-0.6547406401640955,-0.8186449635033739
2,B,32.4,0.0860925738638103,1.8168811617741656,0.5074763175933946,0.32466242336619305,1.4439244521147196,0.315373450433916,0.282370676736475,0.41278039765308155,0.6660557530566192,-2.8487198212368705
2,B,32.5,0.33725471456562683,1.3737139158986018,0.6596642124027264,0.8338496652551417,0.9493834443532843,0.5119495912903839,0.6011932875799355,0.16548503899260053,-0.7644791087634607,0.7457569403701194
2,B,32.6,0.14373258650511647,1.6442821359366389,0.08338739968102082,0.4625876374536967,1.3358568618836362,0.509996761605963,-0.09097452845921454,0.6204641243104041,-1.0449248173402763,-0.5702052572514326
2,B,32.7,-0.41823263003335476,2.1790252078304633,-0.3317818440524451,0.514284900543475,1.3940079786591313,0.5615737543489145,-0.6109677909920134,0.24018902717828655,-0.8591482643826468,-0.06447047327602823
2,B,32.8,-0.041497093825987624,1.7664666176291086,-0.1757032519849338,1.1794727220993744,0.5862286561742269,1.2513238196023553,0.3242227627266301,0.5019437782070677,-0.39265566405071617,1.3700056028026577
2,B,32.9,0.22614685067633988,1.6765644869642897,0.003630928599586719,0.6525264171118158,0.9314730964917756,0.5492203798045544,-0.6230447666918212,-0.14239594444512205,-0.5123576758818005,-0.15850491229201308
2,B,33.0,-0.04022560542760857,1.9273208761233949,-0.3189860917372628,0.29680408650205203,1.5253511843864072,0.4938094405474195,-0.3426014931479475,-1.4765862835695345,-0.6701482098483675,0.11622120815469375
2,B,33.1,0.3030455395678522,1.3092407514902313,0.11261221886671391,0.6506889665303179,1.2455084850057772,0.4948373570328577,0.09674109873128615,-0.6912592608888499,-1.7902045721402278,0.16450595635317408
2,B,33.2,0.6339987558763989,0.9870974302258938,0.6170650855630363,1.1158121319995549,0.831826147685079,1.0366353011185099,-0.6424387436482695,-0.5016498028844902,-1.526429301146781,1.278349315890142
2,B,33.3,-0.4649196537792977,2.471554319633577,-0.46793381745665036,0.6070472496923659,1.3810108978357691,0.8236842198985886,0.07067850696815489,-0.29126230282777665,-0.9993621025077101,-1.3731604137382811
2,B,33.4,1.1046968459510265,0.8777990130261518,1.4687964756609588,1.2984363823379805,0.5317567997188197,1.3970952729546589,-0.6372561548648998,-0.6129522974504763,-0.36437250992712594,-0.5816555554354181
2,B,33.5,-0.2130493457806456,2.096135106938944,-0.20599260692487426,1.2366646684355223,0.6132304218677092,1.283116068263629,0.3465630878182948,0.9657722341731365,0.10340995103528705,-2.209098897843851
2,B,33.6,-0.12856020035653712,1.7942929979385716,-0.11274616907059942,0.9194904772756194,0.7718512293841229,1.2651681943774793,-0.1623605841160403,-0.12351093954150373,-2.2248171361118305,0.016114156365079856
2,B,33.7,0.10434496926320799,1.873222687161773,0.07806288193605056,1.3142913091310167,0.4895608717500859,1.267542789435893,-0.03986071233761839,0.7465349416482767,-0.8124876678358784,0.639183186812765
2,B,33.8,-0.6184049506037783,2.5580363761350733,-0.8920204638546783,1.5647246709658373,0.16499448974310016,1.1953083512779845,-0.2664737405865084,-0.24253522311059214,-0.9687428163721616,-0.4358902814700432
2,B,33.9,-0.1256566926187048,2.104817779018487,-0.13798359447013447,0.22718406664435953,1.5063357493909688,0.27076285604875955,0.020689979571089416,0.944517945091593,-0.7187442120421569,2.01435239057158
2,B,34.0,-0.17923231924913544,1.996804636960622,-0.14224673137464738,1.334617611426144,0.34138086265886036,1.2544640179850877,-0.055681347600813696,-0.7766775132495288,-0.484818044524193,0.9911414105442257
2,B,34.1,-0.3983824230691402,2.169816087415936,-0.8650440268122587,1.1508952924960634,0.6758414460512261,1.0820923624678884,-0.13298429965676636,0.2948219891691113,-1.0975478165888504,1.9807650341631615
2,B,34.2,-0.13903202563000897,1.9465109166713672,-0.3770531945256744,0.8319426438142535,0.8668992144661033,0.6520182769944991,-0.5805029583569031,-0.871410068185428,-1.34497870921988,0.1745763174754974
2,B,34.3,-0.5036106325151728,2.389729766641535,-0.2193616421843924,1.1844735893705916,0.5662804464555931,0.9786136899712217,0.1009123994695784,0.18335241791596996,0.1307508342235903,1.8399376907673655
2,B,34.4,-0.28035108244404344,2.0644319150294455,-0.06293331163219498,1.0973758865994476,0.8047534426616723,0.970465073185726,-0.7094741331152103,0.8616971256442726,0.015439036296165998,-0.5037431869330395
2,B,34.5,-0.8772107186324122,2.6236622205108437,-0.9253232342109315,0.7629165171517076,1.1354563436823346,0.8412894138148412,-0.27430053889234757,-1.0791576282808613,-0.6564190751052026,0.439072331272661
2,B,34.6,-0.14951290856145943,2.0447989154311252,-0.08519598307580846,1.4910030337174112,0.26289422105291194,1.2558410019342243,-0.15585584378652628,-0.6303740029598841,-0.4282682914974672,0.1515341077235952
2,B,34.7,-0.05073017032533289,1.9952696595344852,-0.24423966227253188,1.0243130332909998,0.8030788518347517,1.1229359288033898,-0.8504734403082467,0.031542384209854266,-0.730692494980712,-0.4000244532124333
2,B,34.8,0.22640984185936397,1.6042839548080667,0.23377807733379907,1.3957659162788723,0.6211681820605892,1.286974788764726,0.2359488311977162,-0.23556798745360769,-1.1220539627225918,1.7047804665995405
2,B,34.9,-0.6802420394615011,2.6089187167350167,-0.7217165766458964,0.8979987400092071,0.8721809336563627,0.9285701324825697,-0.07228138273609076,-0.953833421105116,0.18933341147699811,1.3704890622851635
2,B,35.0,-0.23910315014973643,1.9105829976074857,-0.5209442845692729,0.41523302429193143,1.3545726973537755,0.7162456367126465,-0.48596179852065685,0.5532223593347997,-0.5684462569912377,-0.6522156974071998
2,B,35.1,-0.5728818194140395,2.430855287978201,-0.5356695368453182,1.0765687492134337,0.6994719165164383,0.9817586976897427,0.3286483024753449,-0.11777355244488025,-0.7961800775696455,0.7438163325985642
2,B,35.2,-0.176133701989294,1.8202203143909679,-0.0044705742236629264,0.9113325300868538,0.7319409230646179,0.9532427354023858,-0.09608063573356425,0.6186097200786135,-0.4276359287963373,0.1495328964335878
2,B,35.3,-1.066269156257253,3.0454517509480117,-1.3809748747978527,0.5545629692262364,1.2811229133005892,0.5274672796912196,-0.36613034145152823,0.02530835006083232,0.9974723274332195,0.2155486485510209
2,B,35.4,-0.7737211505101904,2.6791000386514945,-0.5753067855032783,0.4054237312893423,1.5440744467553753,0.6037104597608746,-0.2225533707069375,-0.8662335039931974,0.31474110425227636,0.6688501751457051
2,B,35.5,-0.6025108421992972,2.503268371556021,-0.31520591307129714,1.2146476978036755,0.5177960528858478,0.9134493603717639,0.5508680661681807,-0.47125372781026914,0.2380259594752569,-0.44297542794150413
2,B,35.6,-0.039232449962568916,1.8822372504426221,-0.1444966676330215,1.4440761378689526,0.33629223870958924,1.5231260427236533,0.28566608707938135,0.6384528352553972,0.1994737096935129,0.2574522386884698
2,B,35.7,-1.2101770561240008,3.0734047707071275,-1.468381474879929,1.4890633570179257,0.24672762241280388,1.3902477273903828,0.639032032255221,-1.0306022359524194,0.7224027266787914,0.37037865599502795
2,B,35.8,-0.3881912029478924,2.2367292837492814,-0.1383722295914265,1.1868010891743022,0.5443290194141643,0.9163357989530793,-0.6218151790121469,-0.4868287801798533,0.6918648848643107,-0.5428395035601349
2,B,35.9,-0.6791162705049355,2.4485261809163923,-0.9474998473385932,1.0006018478380982,0.7803003688147152,0.8146381897048651,-0.6456329760344736,0.1447795676445111,-0.5093518891809841,-0.44417108322546006
2,B,36.0,-0.5557635241724642,2.37132662730155,-0.8246544549342958,1.0643236732295591,0.7866692407445468,0.9570128199086183,0.12270961894934103,0.385194981953258,0.1908887350345226,0.942133476691681
2,B,36.1,-0.895399754241814,2.6599419424046573,-0.6847350909658745,1.0120758255405244,0.7903330728482876,1.0443278680544497,0.31984682383803803,0.26439000427036696,-0.014163564280828378,0.1020174363039747
2,B,36.2,-1.2497691380950426,3.119130125077345,-1.1774537344260896,1.2724406364148702,0.5392296937161902,1.3270363486180459,0.03666019288701057,-1.124733400463005,0.5608165434892269,2.455546593259136
2,B,36.3,-0.29730077824883044,2.237168165126495,-0.37120231726612496,0.8191168006062319,1.0223733744774013,0.9804183212579007,0.023248336341628827,1.0034510374972174,0.43446262781099076,2.2239223067621654
2,B,36.4,-1.1359085392136332,3.0460302764213205,-1.1658843619261872,0.5470953360880075,1.2330761097879623,0.3706224287255703,0.31539717321565597,-0.35531784900081703,-0.7101586692968174,-0.6746616859378372
2,B,36.5,-0.726980849408149,2.5916833802428823,-0.6021249799658807,0.9083682337537241,0.8994699001668917,0.8923121176811446,-0.037515827987342966,-0.2572949004929651,1.2610133516849809,0.3694647153211142
2,B,36.6,-1.1627422555077993,2.9630139178750268,-1.32480852522278,1.0501357957892679,0.7408485903268851,1.0770998219130954,-0.46434786375410814,-0.27453719012590927,0.7554088052672043,-1.9923918630730468
2,B,36.7,-0.7207269141170976,2.6403569002576077,-0.566490595704811,0.8872491031483245,1.017627412339351,1.036141787529599,0.04563243665150436,-0.4199734731872406,-0.43114510651049576,-0.6240246855655167
2,B,36.8,-0.41667328926103425,2.3996964376929797,-0.4620573814990869,0.9806643899419515,0.8437578319211598,0.7788730362994887,-0.07946653572419479,-0.8691081369657607,1.3687533405808956,-0.8777041460863511
2,B,36.9,-0.7342273987261865,2.562598604431095,-0.7744956872334571,1.73653458445634,0.17397726029048077,1.7072165483873263,-0.205023203425452,-0.49304604106517214,0.7769379456980292,-0.7570153541720526
2,B,37.0,-1.0785459393703274,2.9177518724233433,-1.1387679348319015,1.2698223468993328,0.6318861590398464,0.97097841988003,0.4916449179210029,0.48854092721373393,1.0222884030149604,-2.151128554795069
2,B,37.1,-0.919899568100145,2.782461761196627,-1.067026814707962,0.46853876345349343,1.1896400595250634,0.40935917533511257,-0.12106193378948837,-1.130118603719558,0.7800229136677568,0.2799731760398429
2,B,37.2,-0.763019347421624,2.4890293507758154,-0.6512677476949014,1.1758801150102154,0.7216634680795972,0.9516654068008324,0.09138430654912333,-1.7801231548826877,0.887523250831384,0.15361596919225287
2,B,37.3,-1.4118561128959897,3.2367447622502477,-1.6991922500341994,0.1779989289577688,1.5692997511708802,0.008318019271991245,-0.4792792219802758,-0.007697853360590146,0.5033314832144355,-0.8130741621028161
2,B,37.4,-0.7238184144407904,2.6050158300014874,-0.48030696697182806,1.1487032359962597,0.8155631614623688,1.2026739111050095,0.21656235051571648,-0.13396775518172427,-0.18537269796752354,-0.07647125442154169
2,B,37.5,-0.8756281119533806,2.6496705449406144,-1.3740817028534393,1.0909115386002062,0.7153034689460023,1.059498088350715,-0.14164001251227704,0.09230283324339861,0.4751303263350759,0.9344260300170308
2,B,37.6,-1.040923749348119,2.871166329510805,-0.9343765397412244,0.924374957468763,0.7671945284227948,0.7788820719425273,-0.653037589702205,0.6840780305511805,0.981606056806214,1.6222955578477816
2,B,37.7,-0.7410179958124671,2.5266104870620576,-0.6404611342726693,0.5667632247396095,1.1506098589674805,0.821308067113232,0.40980988841546123,-0.7952007963917069,0.9092827152552767,-1.3432953083986794
2,B,37.8,-0.7675262622909732,2.564456496968428,-0.6839315743183836,0.5523361933735051,1.317671387281977,0.737557580707431,0.15404515747594966,-0.26148685667920096,1.2964425307886485,1.6046198895164607
2,B,37.9,-0.9517291392782226,2.7781981757561054,-0.8192110876844012,1.0310747061821086,0.6854098261632531,1.021463223013367,-0.3298505064339185,-0.07396784340518087,0.8484825390083003,-1.7378838309204816
2,B,38.0,-1.0385165357560664,2.774542833506339,-0.6016106059605592,0.6612999838257257,1.1718002479182865,0.5240451793304663,-0.10514114963977063,0.35577314570583274,-0.46127470843976515,-0.8364722175447515
2,B,38.1,-1.1786271660167569,2.9677215385224938,-1.1257792110181761,1.1584799516334998,0.7341113144951816,1.2742716508745162,-0.39347310207606406,0.22469450794659973,1.365839178158135,-0.40156873765169615
2,B,38.2,-0.8358790177036506,2.7293066710261327,-0.588511420390312,0.636010778802059,1.28061480241089,0.5429521386686788,0.26542895264454935,-0.9042876321363702,0.42277920799079316,1.5561497840263723
2,B,38.3,-0.4236287332840255,2.1897802446290693,-0.3163246680956855,0.7155252416609231,1.2811309347683293,0.6812417748067794,-0.48916387991426874,-1.2325724298570502,0.09433222940841024,0.605778381211623
2,B,38.4,-0.7882768591642276,2.6844584852683493,-0.5476923206335641,1.0964108650923186,0.6524981714685256,1.1987286179846393,0.33234689803830864,-0.5772298746266629,0.7154688374808477,0.5860636181783999
2,B,38.5,-0.733910854731312,2.6653323216876297,-0.8415487185569446,0.8062752675380446,0.9120179674629629,0.7595697323648438,0.2707541370423308,-1.3888583757560244,0.0696289295096355,1.5702987333473444
2,B,38.6,-1.4398496759089614,3.3960424782678453,-1.3508781199675555,0.74706764325966,0.8816843647053092,0.2979561706178103,-0.030720461156850207,0.23711268643335798,1.114956220392983,0.22261891502725648
2,B,38.7,-1.5359011942040317,3.38483934847382,-1.6055341969118908,0.8864269624465728,0.9445556926505734,0.9101754499894278,0.6711625575202393,-0.672927563098123,0.3168880391083385,-0.45947871868869977
2,B,38.8,-0.7680707748816018,2.651735753051821,-0.8004602921913467,0.9098192444366657,0.9188093825876131,1.1461730543738533,-0.24340871768377065,-0.6571217922268107,2.0545687888026376,1.47608747335451
2,B,38.9,-1.2046941595713698,3.151712464937421,-1.15463215499713,0.7351011959596693,1.1166456505560007,0.8012229853004929,0.28402698857164255,-0.9848130207191539,0.6976147509961468,-0.22669070813596773
2,B,39.0,-0.5928767375892654,2.3189110356218228,-0.3775812005723336,0.8292552918677659,0.9353763676876696,0.7009414570117117,-0.22154821644119155,0.4559885384450606,0.4902893336611053,-1.2885501901977108
2,B,39.1,-1.0743582736455763,2.7695174641328273,-0.8232191020770481,0.6948296050741856,1.0853574933501169,1.0149539924461723,0.07598320425063326,-0.2927053089297985,0.40850917739362924,-1.7550249803835631
2,B,39.2,-1.0486223085482806,2.7577591866662536,-1.0695342726846653,0.8643698691099007,1.0819914628264502,0.614787256613772,0.10245937682225108,-0.7200605166790546,-0.5365239666172997,0.15480500763104876
2,B,39.3,-0.8446609722508847,2.7385414311004332,-0.4100672092328843,0.805615505945516,0.9425285863696211,1.1175475995275912,-0.06370697962901949,-0.1129948977978672,0.22550585111871368,1.8825314661961876
2,B,39.4,-1.1202521603202737,3.1055704062505844,-0.9220574760767636,0.865608825377059,0.8731490952196298,0.7843935795250636,-0.1101276983503487,-0.5382946624026674,0.26460163599040665,0.7463890849258146
2,B,39.5,-1.7770964929734996,3.4200162844287485,-1.7617691800708877,0.9545060887018811,0.8159456228517873,0.6746557953065687,0.02052995373933385,-0.13802181202767377,0.4949679010344159,0.04298974303804694
2,B,39.6,-0.5098551935516533,2.246673786558727,-0.5801267086598243,0.295872881240582,1.5241096576004816,0.41654577806044346,-0.33401393419276815,0.29009876264217893,-0.692699078731061,1.2204383344734413
2,B,39.7,-1.0835689427698814,2.815882684299161,-1.1873194332158739,0.16464733293759098,1.8228999836253508,0.3180391969673664,0.27819373730130054,-0.667141612274682,0.6546113886763657,-1.511960064508305
2,B,39.8,-0.8137072648781334,2.709065487438732,-0.5682013024059632,0.5295121277276221,1.256227020975209,0.6018734636860541,0.2482185125720647,-0.2079072108798095,1.3809203064404472,0.43033209226031
2,B,39.9,-1.1697809548884965,2.9679907494740903,-1.0871262428424295,0.5454804282262361,1.2610585050677692,0.6661366190931912,0.45082019384799277,-0.2353896313225528,0.29422017966054265,-0.5483940510075108
2,B,40.0,-1.080723753072855,3.2051104288330814,-1.1989565805635096,0.7496201950458035,1.092836851083211,0.9701306671291277,0.17174485118011354,0.15150666437481364,0.48449736568845314,1.3861762898814671
2,B,40.1,-0.9848781815412342,2.804396794792579,-0.7633338591194283,0.14290391264177593,1.6461780182056598,0.22509159605735346,0.10961823505778558,-0.1792391705794933,0.7368334094152214,-0.852630294971112
2,B,40.2,-0.6883465463843382,2.5168506559457726,-0.9012896178359283,0.6190463643450053,1.199258969809411,0.8589532313660887,0.1507010586259475,-0.5232660310382156,-0.055491008963198085,0.8051207668259195
2,B,40.3,-0.768469908605722,2.7414395499806297,-0.5784238771637565,0.6855792567161244,1.1031055698844288,0.7813171074565487,-0.47043195743128646,-0.9351120543624771,0.12209654852316604,0.19694686565951483
2,B,40.4,-1.4580955011775814,3.3171741893222673,-1.3130703251899734,-0.05779091386140167,1.8653257273047745,0.09920886124692418,-0.22001347861820053,-0.3792743220655026,0.9283997358614917,0.012102700345664715
2,B,40.5,-0.6777544472547473,2.3452534975713277,-0.5392944355751492,0.6476867145400842,1.1951578080799452,0.5612300444413572,-0.29683478282705994,-1.1905466656263608,0.4165023490683174,0.6965137268706948
2,B,40.6,-0.8326554040710362,2.7591343625391174,-0.7971310810085602,0.9654749887073423,0.9413045179338599,0.8689255052528503,-0.8024169963570282,-0.17663531187218434,-0.49588918101845936,-0.1362718179073152
2,B,40.7,-0.8953488952473783,2.5239825390572603,-1.1220925481653872,0.5004208056117303,1.4192837907732732,0.3041357095594672,-0.14402393113333403,-0.5402345658249629,-0.8832708203891954,1.4462051204044002
2,B,40.8,-0.533565753902548,2.3090098053490706,-0.46362806032682335,0.12510777593915717,1.6366121158357854,0.27007373412028096,0.15671158527332707,-0.2530133566196099,1.5561942006672096,-0.21415661511177927
2,B,40.9,-1.5480739048179064,3.470774554862694,-1.6073475227597416,0.21532004414115685,1.5842353661405437,0.10272283318817438,0.004065819492224855,-0.9007012366678246,0.3828125634048378,-2.2020254240057495
2,B,41.0,-0.7383943190591753,2.5736165739346526,-0.9031987714807315,0.37091578678858494,1.3842469009622569,0.30795232883822626,-0.14255656360081093,-1.076312920506377,-0.9074278227189063,1.4553313117447018
2,B,41.1,-0.8300058269381624,2.5120381604039372,-0.8522044739583512,0.19424925354706554,1.5579559077401601,0.14122169916891286,-0.6063150704824195,-1.1496267499130524,0.10783054797620342,1.3415774715114368
2,B,41.2,-0.5203841437096843,2.2815221081900163,-0.7082455441675763,-0.7651285918021209,2.5738776775606724,-0.8046257168168347,0.10836236164797897,0.05621774064842966,0.3779302470951933,0.5076533020501027
2,B,41.3,-0.6040622468854289,2.382968855528758,-0.6728089229581802,0.8477292368265574,0.756564161449139,0.37237768127475396,-0.1402299901201224,-0.7454741632128793,-0.01259050545127706,1.4019514414708643
2,B,41.4,-0.4313957530320871,2.213532251894236,-0.7252329552640846,0.15157060211802523,1.6945156992611086,-0.08368920589098183,0.12682758093896,-0.758401329870086,-1.2807616283110665,0.6940029315500642
2,B,41.5,-1.1326195555106187,2.931716419186492,-1.2462245883697682,0.23138342992907326,1.5577058663735364,0.317513628659175,-0.719222760313255,-1.7001182457572441,0.9238738261424584,-0.8444867376461447
2,B,41.6,-0.3764193125484761,2.452506758239266,-0.355663098648903,0.5966136075964972,1.2499980489155709,0.24349495732242077,0.35022344313742526,-0.6666578841001763,0.1350212609291552,-2.073820268289521
2,B,41.7,-1.1674763074069945,2.981307400519044,-1.2194675308573542,0.3340672164169468,1.497695823079072,0.5768899266309232,0.23628919670300688,-2.7145619200427533,-0.3985925028816167,-1.0588914952652302
2,B,41.8,-0.7149478660000298,2.570946281468289,-0.5701159835136361,0.05937653723454389,1.8398617266837356,0.150530558430384,-0.1405915473745719,0.1729666998179733,0.09110568827888094,-0.2942968162787737
2,B,41.9,-0.8069274837065353,2.7287898660534387,-1.1850660593428568,0.17639235084588045,1.551461786522835,0.06975773632725576,-0.1703935502753435,-0.7952804870772608,-0.509161552037704,0.5207326588940555
2,B,42.0,-0.42297050102732414,2.083706125529024,-0.5805184855109733,0.37477179836561514,1.4740871152282686,0.3506842485704782,0.41081164082836835,-0.6435191860278167,-0.6220195000982311,-1.4414211701921313
2,B,42.1,-0.6803881278458085,2.502313427529187,-0.8418527326480625,0.35853176821611266,1.3717671898552433,0.3347207193188152,0.07823896053324557,-1.5190410396882046,0.08267030364002154,-0.920086044867128
2,B,42.2,-0.4324037056653639,2.3338768767908915,-0.3719859176771484,0.0769780638275131,1.6124677287366223,0.21683807732984653,0.05666895439246363,-1.3250754482529328,-1.7148248475970895,1.5248135314528952
2,B,42.3,-0.3771206600137546,2.3931103394537745,-0.5920170926955028,0.40035996964367293,1.3976251793949044,0.4641940182140427,-0.43034673842306265,-0.3104372353172256,0.06613194749210916,-0.7129891568345492
2,B,42.4,-0.6449793964381609,2.4990172258209196,-0.7364195832311835,0.37514548952193305,1.4738551634043686,0.6028338260972763,0.5672344497956496,-0.8039492106361085,-0.34234999784304365,-0.746912336173767
2,B,42.5,-0.20867464069452568,2.2348206488770908,-0.33931606867672937,-0.09224445020366687,1.8571268849995473,0.22312464833587078,0.5860177400911104,-0.426824719275028,-0.1596922580781336,-0.9688042411481332
2,B,42.6,-0.4157414566410449,2.3382611985758897,0.11118006116529688,-0.2955341682101633,2.034854200485305,-0.06520542744289748,-0.0037606440171550903,0.0726543672480553,-0.10222038091036867,1.631414912622219
2,B,42.7,-1.1305393737909306,3.0727830461955916,-1.4162815862713631,0.14920201932463545,1.5817120342944266,0.10609814269171935,0.4720088602381854,-0.29731802638716553,0.2565322122073559,0.7892699514685656
2,B,42.8,-0.8025689014966316,2.605192733078361,-0.6751269598956748,0.21523299744665325,1.7133845757293205,0.31750218697342386,-0.4020204703706755,-1.8399811600810534,0.1546601093116432,0.8929109646770548
2,B,42.9,-0.7114469110149341,2.531931157633162,-0.8859716276850172,-0.1703985801966762,1.8157552446091394,-0.1630923788666123,0.007005410774158883,-1.2966043399025393,-0.21621321317880937,1.6609409101172148
2,B,43.0,-0.45945912575006037,2.272191409446048,-0.701389367455869,-0.18394632893229168,2.0676861370484976,-0.06301487931093447,0.21002149743593015,-1.392574940132687,-1.020645950532895,0.9643923603056606
2,B,43.1,-0.5572986250267301,2.44786556764166,-0.6799238761948808,0.13431230335288913,1.799567921292749,-0.36594989776401876,-0.22509240245897133,-1.262285356265456,-0.38921252870429573,1.3465264059916686
2,B,43.2,-0.18103288979951151,2.145625866711877,-0.0468818789317903,-0.02037156132016444,1.754698223987673,-0.3395230898121284,-0.020752702894067516,-1.9695496874802074,-1.1264470763614156,0.3637313307835864
2,B,43.3,-0.5339507071970682,2.3536087215784267,-0.8585333051969941,0.3783407047217532,1.451972830153496,0.8696022694045258,0.16741026425349917,-1.957486802116579,-1.4390123842875837,0.8729207058134917
2,B,43.4,-0.00048162022973763374,1.7809632057437519,-0.44372487964399654,0.06127367570104597,1.7236416558882206,0.1565584718830147,0.07868341975207173,-1.177699515529857,-0.594898397848283,0.6280970040407658
2,B,43.5,-0.12076449958840599,1.8426054048612628,-0.2576094181966267,0.6935423861242758,1.0807884775413186,1.0018490620239247,0.18109463245520185,-1.0951340653146446,-0.6709345944704382,0.6997109025437674
2,B,43.6,-0.8044542900285603,2.3616244609885317,-0.41425724001093717,0.0225794285385518,1.6012405415986528,0.24424552930677723,0.002104186419040082,-0.4313829566361511,-0.17601753504200102,-1.1859119985219948
2,B,43.7,-0.25701321006544103,2.1132285342858377,0.008679644988733415,-0.4979447913266958,2.27886122262143,-0.6205091308256525,-0.24377451720987048,-0.9408132549479047,-2.222745827962925,-0.2244227158369575
2,B,43.8,-0.4280254439632686,2.244111088491738,-0.4446794416399081,-0.2750961498553885,2.0239856086514356,-0.38964193460991475,-0.7885411099033248,0.10219347787785882,-0.5585683027688473,-0.37526891148865604
2,B,43.9,0.054204304332830855,1.8057493069943056,0.031911117449204676,-0.26074775679322326,2.090538625714003,-0.20579273424403133,0.07160364719680795,-1.8514595938372738,-0.5199458209452287,-0.6637462601412237
2,B,44.0,0.4011874329410339,1.3787932570410715,0.2494746996856232,-0.8368459588171244,2.7031957053320235,-0.8226088847291512,-0.1367212276833818,-1.5949250224694111,-0.8643076467182353,-0.05143461521978571
2,B,44.1,-0.5995210525464211,2.411824026897589,-0.7096082099620611,-0.03308042603748884,1.7427364982813076,-0.2520676232983816,0.4977392971350133,-0.6148194468171962,-0.028925307873454376,1.815240340110209
2,B,44.2,-0.17577348708589957,1.9178027233013428,-0.09971887018549479,-0.2697814285873847,2.0068551185293675,-0.6115584454679162,0.12986397843606695,-0.9332910418616076,-1.4656994152004872,0.9420369928771376
2,B,44.3,0.7506691548188044,1.2692870393762938,0.8611533682437086,-0.3200677126190528,1.9583921612953807,-0.20623846397870116,0.3505630231088344,-1.3671212743408172,-0.7212796601955749,0.08661258226167833
2,B,44.4,-0.43585241998527346,2.3569015575496133,-0.20217085601361046,-0.5264809941817505,2.399428353269808,-0.33874737564368196,-0.21684450910118452,-0.3168173257260226,-1.1476695526549376,0.3279686954473895
2,B,44.5,0.21545912715020496,1.7185737442948432,0.16313229808277963,-0.7406179764782641,2.499348550382292,-1.0498949777616804,0.05067601598862146,-0.1296423160513036,-0.9194927082588913,1.4067795750659182
2,B,44.6,-0.6486375609788617,2.6066585174433334,-0.47720445017456087,-0.44995641877425696,2.168668100952254,-0.4552975750786812,-0.07879367234582792,-0.000709502083670599,-1.490129320698267,-1.235813451662464
2,B,44.7,0.0010121965086401785,1.958576565753164,-0.3283108688328684,-0.7006605562243267,2.6633824799853407,-0.2593481830164198,0.39626493215503794,-1.0304822740744293,-0.9684845756542328,0.37864738471317305
2,B,44.8,-0.04341610750528285,1.935061072460813,-0.7621434058935035,-0.4106020808437632,2.3338775786904393,-0.5387486694664433,0.2852905246620424,-0.79956562736294,-0.4553158916213097,1.658268651766535
2,B,44.9,-0.33107866669516905,2.2658953389861582,-0.5645714665152586,-0.7514744365431503,2.4981163188092,-0.7345272708769657,0.46097887497468865,-0.6625985995586349,-0.7731817260177345,1.7971576400261735
2,B,45.0,-0.27085095452885066,2.0845633101033316,-0.38931329257356695,-0.9495041235018327,2.722180557422223,-0.9199879126121181,0.48476115647881357,-0.7687509401383731,-0.6134483385429332,0.8919015156872039
2,B,45.1,0.48295263014000067,1.2845595762673079,0.3146605121090778,-0.4403254954729471,2.300053400844312,-0.1476208245736892,0.05731170668891531,-0.19476067678044906,-1.2672949166663279,0.5411074663335915
2,B,45.2,0.16157807871894073,1.604313274142874,-0.033627517577017096,-0.42489712785946776,2.1296625461852927,-0.5341042895112023,-0.12834927236465157,-1.1053811174975674,0.1956395591857566,-1.8390111725057492
2,B,45.3,0.7293411561396574,0.9495380447822787,0.4395837474005922,-0.32161072013853964,2.2070169008970826,-0.524694901839217,-0.3483219918324738,-0.5923536572546907,-1.168960511798421,-0.7343591804238836
2,B,45.4,-0.022669218422885995,1.8227791977970498,-0.16190871381426242,-0.510793661524585,2.4507095488397286,-0.16284024308950773,-0.11267995342528063,-2.144363416879755,-0.7004161796587514,-0.06202023462081645
2,B,45.5,0.14685441115212922,1.6009312244652814,0.18619360112119232,-0.03604356621794935,1.8234039362009602,0.0734215732375042,0.015190918425767978,-0.3685231845648952,-0.32033821086938924,0.3612387606255203
2,B,45.6,0.8140578973536706,1.0311611505646316,0.8264922185118976,-0.7898581731807506,2.5725000154020052,-1.025805979473791,-0.08656678531527368,0.1587465918753218,-0.754666013865956,0.3934163490409479
2,B,45.7,1.0253719571924917,0.849808166352598,0.8350159535831656,-0.19691392406494518,1.8981427148080863,-0.304908622482526,0.7756225560369093,-0.8443644773760608,-0.1444520937490874,-2.327615446435928
2,B,45.8,0.6647604911414824,1.0777383247372754,0.5491532815650955,-0.9503509111448996,2.7237868243588252,-1.1187457293882561,-0.026299267832496778,-0.20938968325836427,-0.4493310379515111,-0.5630887275207931
2,B,45.9,0.5538255186131074,1.1439137223255125,0.7304583181147573,-0.8591462737116342,2.571653462061697,-0.6807007624807062,-0.03489810633092631,-1.8321335013231455,0.5120081334579946,0.25536954764149356
2,B,46.0,0.650975425669542,1.2770212262964855,0.6475493891857657,-0.7806682099624034,2.6734257922061335,-1.018632796761075,0.06892726931851284,-1.0379341075716102,-0.14870708654640502,-0.7959913439517897
2,B,46.1,0.4316379603007494,1.4748243624207693,1.1168662531244493,-0.7408293145095297,2.4502709168469186,-0.5541528183491977,0.05480123307536969,-1.7663174392465517,-0.19820600040283587,-0.25094773724163016
2,B,46.2,1.256923648779846,0.539250344600251,1.2263524833924118,-0.1359376847472894,2.0362346565762937,0.11338246455626089,0.2954509705711732,-0.6527036000784053,-0.8878170205566116,0.48939904862964967
2,B,46.3,0.8678667116926468,0.9916203740889846,0.654153407530726,-0.9141372763618991,2.6072120406471746,-0.8091791845008942,0.35528005590712936,-0.5333544692450177,-0.06799143172823657,0.28315803338788537
2,B,46.4,0.27362613429011806,1.431423227753511,0.5056630440921445,-1.146805403933702,2.962346832568981,-1.3227305093895558,0.29285687573501556,-1.6723149548380014,0.3088524210184233,0.15067204115795405
2,B,46.5,1.0298880361462586,0.8175997957388916,1.163818437285023,-0.45391967300890057,2.2505951089346237,-0.4866206026329712,-0.059215732461169755,-1.3606467297463842,-0.0020782088914727548,0.7149020083993293
2,B,46.6,0.46058762584415025,1.388804212836594,0.5180238709127556,-0.7416233011328133,2.5788939080323567,-0.40610675294493326,-0.25182189055609866,-1.2065322722641487,-0.7732904093884255,1.1078431874173262
2,B,46.7,0.6155943780237677,1.37485787516714,0.7131814876673559,-1.2931696641142318,3.1019096954900807,-1.4098833025527104,0.004782509612029077,0.5956964075641064,-0.4906146462833206,-0.318228816104982
2,B,46.8,0.7736941863443099,0.9037630773697513,0.9685259129676272,-0.6412194591965991,2.468986084260519,-0.583586599988893,0.33041446248306744,-0.9043056379660761,-0.24962731479523748,-1.0826201248828367
2,B,46.9,0.311723150855147,1.6638734418744319,0.29908711881367406,-0.4466589385771957,2.3886589599759236,-0.13302299971948622,-0.4052789926074387,-0.7906420980318406,-0.04656118271875462,-0.7254454934103882
2,B,47.0,0.8632346172834321,0.9680900924168708,0.8216134055379518,-0.9250718982228086,2.8037716253398415,-1.023476355681263,0.1814516780993262,-0.6487636157647807,-0.8510050370670892,-0.5196991773718059
2,B,47.1,1.4452708560714485,0.3925684646178178,1.2599585276111342,-0.257368326773597,2.11575713879682,-0.07804862064040954,-0.23425031196791893,-0.6888537281068915,1.180262108818089,-0.06825910908303125
2,B,47.2,0.3736040909677218,1.727325103986381,0.5137919013874888,-0.2755326347462843,2.044712690415429,0.19609879527103624,-0.03122560495072639,-1.0132083730708168,0.030875524900083266,-1.5382457785781918
2,B,47.3,0.15957167754082846,1.7964741804586866,0.17930948356780374,-1.0709330058483602,2.8141901937215668,-0.862930088771418,-0.07012610296651448,-1.6706365768847513,0.21046969853611225,-0.7892721923016904
2,B,47.4,0.6364040739184859,1.13141489510827,0.6998364552713866,-0.5383631170537375,2.365031013397717,-0.516769057575184,-0.07373411639646099,-1.2816975274136304,-0.07748106558668613,-0.2760404451118983
2,B,47.5,0.5973218973672341,1.2785610914314236,0.7375638040165671,-1.586867319999904,3.3443221986175535,-1.5485101872715012,0.2231847993968873,0.10466243916900475,0.21406328690222248,1.3409473752066903
2,B,47.6,1.193692249687171,0.6953266602069628,1.523192849641759,-0.8043202740098299,2.555109762951171,-0.9632548601580748,0.5088522744016027,-0.7242234691499139,1.453849781373064,0.5037174969257185
2,B,47.7,0.41180443240050285,1.4143622515856225,0.08696736181884274,-1.1400292626562758,2.966831482354595,-1.0093337491903285,-0.1421977118436763,-1.10320600457303,-0.24020085907895838,-0.17092388179981338
2,B,47.8,1.4921767143815994,0.43733563278343124,1.5607662645819953,-0.5464976656795386,2.585777190336059,-0.5595271114133489,0.04332651214032154,-1.693465415219635,0.06695710538620775,0.8676361710097891
2,B,47.9,0.44214444319518464,1.2412068204469198,0.19954159489226558,-1.2013294139671518,2.9937000253562402,-1.5344788425198121,0.3439378640797744,-0.9168749015678375,-0.20098728096167945,0.16387460406108242
2,B,48.0,0.992677842305775,1.060808737041816,0.9792668996201856,-0.5450829159426294,2.1955397388669757,-0.47303186941586783,-0.257740801562134,-0.8659679382749862,0.13782884255166833,0.21778620565670254
2,B,48.1,1.5994309108466411,0.3775557211006939,1.6719872593447902,-1.1949822602273688,3.0448665595368754,-1.3940784693605188,0.12983862941800856,-1.2781028346327226,1.443610131010141,1.0541910435178066
2,B,48.2,1.3722490291779805,0.36652711055388054,1.1591680217987923,-1.072578932558005,2.7944223858418473,-0.9880770208031275,0.44789127148214103,-0.3528248594317114,0.1750217864119455,0.3232287851166019
2,B,48.3,1.2387215672062395,0.6221007972633625,1.3875028294627108,-1.1953239349505815,3.06201158597642,-0.7508535563867483,-0.14562168294018515,-1.2426479946992932,0.32016129174400954,0.1396775048207213
2,B,48.4,0.891715905667423,0.9365316216956335,0.8967300165094453,-0.8615599430225133,2.7231914072001575,-1.0334938608931354,-0.4399557292542586,-0.9916667696182462,-0.4610205295831744,0.7103818806106583
2,B,48.5,1.0170416414391976,0.8511315603562487,1.0015053059481378,-1.4266753234568268,3.0114241269475084,-1.3723612462681993,-0.6370067653398264,-0.3862037699890454,0.4543683847440274,-0.5601043632753578
2,B,48.6,0.654092204412035,1.1096972989982055,0.5669817250747448,-0.72661392346652,2.5297692743184457,-0.6405058677467351,-0.04775375487153972,-0.7584215473711203,0.8458107326589718,0.03573584908092966
2,B,48.7,1.548590750085214,0.43924018748427107,1.7892586820025842,-1.1951381067609261,3.0852360766381413,-1.2758749747608993,-0.7456496669563852,-0.2203162712893948,0.4453575786035408,-2.116608930624648
2,B,48.8,0.78516599600036,0.9960346987627862,0.6575819445029526,-0.18072836294311656,1.862086154335082,0.03351195454405048,-0.20314872722570015,-1.0325700937203048,0.5316247305799685,-0.4280042779530528
2,B,48.9,0.8251740794596345,0.9264139981004438,0.881164613106801,-1.0571544480277317,2.8219254676519494,-0.8763052415084392,-0.24957382478462842,-1.155374132909841,1.2863788724323206,1.5361292221385991
2,B,49.0,0.9188426789690888,0.7814516167723464,0.8529487036741806,-1.2431782805269194,2.999823557558413,-1.2803170071109589,0.18698277752814935,-0.6158276929849729,1.148935337013033,-0.3673489805232685
2,B,49.1,0.9065177390468416,1.0692839266023584,0.6646254416396116,-0.8122015632903274,2.7975196092224257,-0.8980902102418871,0.10279679236221184,-0.7685928318885962,0.7915285954668525,-0.0070908561393016
2,B,49.2,0.7591980951407283,1.06834694445753,0.8392536471947759,-1.2756940555091036,3.1057038766365093,-1.4702601725671545,-0.5618983325944676,-0.18660551490188126,0.4025611032626342,-0.42917668762025524
2,B,49.3,0.9395810226620595,0.7700846263360956,0.7532374316169599,-0.7805586881589734,2.5694399738875644,-0.4944605581610177,-0.45636167422947643,-0.6548678977389061,-0.014893827872304644,-1.0346540227062666
2,B,49.4,0.8703627925394376,1.0182102006145657,1.158212576630937,-1.1483803298076136,2.9602746937754416,-1.1624987946399141,0.18137337756041164,-0.9147536870948155,1.9309897799859161,0.4843194378435162
2,B,49.5,1.210321129078692,0.6807631597462107,0.8307011412,-0.8232673770932002,2.7205599518742645,-0.662697192664989,0.22163496419787984,-0.6296766150619982,-0.007674540534711727,-0.026480774425743116
2,B,49.6,1.242454012474138,0.6093918084763637,1.45680562155474,-0.9764234538342366,2.805464885859772,-1.0367496341117939,0.4034188476885447,-0.5065263706001019,1.3313897024156223,1.0895717388705628
2,B,49.7,0.9379936180242336,0.9041273830074167,0.785411440649395,-0.8067999786068457,2.4585888955865114,-0.9183802200078709,0.13028168458603315,-1.5724436968211126,0.8308072672778579,-0.8927345922328199
2,B,49.8,0.9145742056779167,1.0217331969545056,0.7724328887223965,-1.2381257750548083,3.073006218615336,-1.4841541585900222,0.21428616830661226,-0.9858975623691159,0.5134086278374852,0.03546584745023601
2,B,49.9,0.11845682811961744,1.6608775695940903,0.17068059226039856,-1.2304142623543217,2.962027857078441,-1.303396613781412,0.598596273844406,-1.1007034544948828,1.4959852112860625,-0.34301964495018405
3,A,0.0,-0.3305667275300806,2.3518334480326923,0.029616524431858318,0.32042748449183345,1.7894370063711265,0.6216432705582402,-0.46405517188810297,0.5105984449811433,-0.660351627541717,-0.7115435116835657
3,A,0.1,0.0888287061970321,2.073351030375665,-0.04295500937727875,-0.18579553620624867,2.2750599641524194,-0.5267203103267428,1.1306926206192602,0.11513512929009968,-0.5644270605008864,-0.609090732767583
3,A,0.2,-0.5014335158671743,2.57858793004278,-0.022885234513506048,0.45767514168067436,1.6330538569967683,-0.10773383038251137,0.028093145593719854,-0.49486023116335537,-0.22897983494853374,-0.9450975381190873
3,A,0.3,0.349833154737371,1.6799540335040772,-0.015630674726008268,-0.1342234756128552,2.114120029637649,-0.03432037002483608,-0.3995420286343786,-0.2408962966623936,0.8631004314722637,-1.6292347483679845
3,A,0.4,0.21350190360151697,1.9378550287888197,-0.016555526866019712,-0.4575080528013618,2.432334799345104,-0.5293136576712439,0.1773094677906496,-0.08784161343410575,0.4336060517531436,-0.8929385575199948
3,A,0.5,0.15797789700713163,2.01360463955524,0.00507179176391812,0.2660956301179075,1.665544761576727,-0.04551140493509406,-0.41047264234210584,0.7027051475858849,0.7267952813274066,1.8501927232673814
3,A,0.6,0.2544520257361844,1.8037673840228068,0.01819936261085833,0.5741417844788081,1.4764354168377434,-0.947594166335775,-0.5184098624002865,-1.7702150100527705,1.1969102658459392,1.4320999110816355
3,A,0.7,0.2931040725045251,1.7639189903183197,0.06724422340131077,0.5468924921156044,1.3571915741168405,0.12938711785291382,-0.04931994208163254,-0.18940383264628938,0.1420845841594444,-0.052543280424393365
3,A,0.8,0.16248719773556683,2.0688716753279768,-0.011636386751012057,0.5005623597221833,1.472202138661228,-0.41473558786380843,-0.004115026716326642,-0.738058577615235,-0.8802814900326053,0.6422572151574679
3,A,0.9,0.3294914879785924,1.7281393127007463,-0.03162345558435201,0.4683122657108586,1.5964586817973236,0.44502202584750633,-0.7411456024681249,-0.3876551527159947,1.4029892679250493,-0.25920208259002087
3,A,1.0,0.4026038953528891,1.694623410111883,-0.041853536295817576,0.1730735768683217,1.992401052344988,-0.6322361291762221,-0.18959609816056222,-0.9204266781295201,0.3424085843186452,1.0370334249819477
3,A,1.1,0.2092851183593038,1.9985434212141375,0.05670337414539476,0.09351106935504311,1.9192234036179077,-0.38687432781245845,0.41561534327507116,0.576304866915367,0.6112753327160569,1.3192131103819191
3,A,1.2,0.3853969730191366,1.3899340472021144,0.00213939114527991,0.006614146381894281,2.1154419472163193,-0.654772078331408,-0.21167620090789804,-0.1953777644217634,0.19647922688920905,-0.5404150669488657
3,A,1.3,0.7331469879140309,1.3765775661717972,0.06863059145798404,0.7380130290857339,1.2254788821077212,-0.9205036731246339,-0.24437199626714287,-0.1923365053045638,0.08156010171195294,0.7230868235121669
3,A,1.4,0.11777957669789973,2.0577756005234704,0.028929116761417534,-0.11632595067453527,2.2278513897002523,0.07183949984606346,-0.3297481075139102,-0.23932228010839793,-0.17739167594360505,0.7764210826715
3,A,1.5,0.12937166209979903,1.8977660949673196,-0.07590427935814979,0.328963056498476,1.7789596979693698,-0.11542707879660301,-0.4713075103717875,0.3515070636389106,1.3463498351737155,1.427083942005753
3,A,1.6,0.9695984378155071,1.085504607551466,-0.01453698237018044,0.22187580425525957,1.6232861247116501,0.3116806176223946,-0.6268851860560388,0.3830972140180935,0.5491875688738447,-0.878898796574089
3,A,1.7,0.41980918764575925,1.6170483184168214,-0.003798488530423333,-0.2622629139428364,2.4555212427933144,0.4861477784060767,0.20000316617688138,0.03341954931059589,-0.513065067581946,0.12960129458090125
3,A,1.8,0.15428852706909568,2.038071552406417,0.049605893251038626,-0.2048344743571025,2.3313543065590085,-0.2652373589078181,-0.04255611210249863,0.5431238362850798,1.0197067066258443,0.3225304405074834
3,A,1.9,0.2590550491487067,2.0056675168774,-0.017128419019078293,0.5575040612850598,1.6016525936017951,-0.7556872692395831,-1.1552192368367722,0.80510542729124,1.777822858153563,-0.01522722549558652
3,A,2.0,-0.05366873461772903,2.1050387080140402,-0.10126698370859302,0.814350257100831,1.1743327649515012,0.28180922289533317,0.4558671200363204,-0.6024918962777983,-0.48447956731426745,1.0613318157828442
3,A,2.1,0.44579817024118074,1.5698850876095083,-0.01554280021390005,0.09982428741637234,1.9581982683642591,-0.14351980305098255,0.2927323921872685,-0.5797707532988956,1.047012744100714,-0.6290366132435299
3,A,2.2,0.45982080704812717,1.4751481428445117,0.01530893158382343,0.7899055771030083,1.126547649813932,-0.6530601817355679,-0.47409993138116635,2.039156247559916,0.7672619882289353,0.22222423841437916
3,A,2.3,0.9972899878942154,1.0961974152342078,0.03644973140163925,0.16317760341195792,1.8164978930878029,0.046629377186563015,0.7328915075461601,-0.5492559335544417,1.3362809437550958,1.3204203439442028
3,A,2.4,0.6543840735304531,1.3728267353957309,-0.07744351342708439,-0.12021238060041695,2.246526344636495,0.7921102453564626,0.12784340900969743,-0.1234454948674048,0.5689143004503922,-0.729450245184341
3,A,2.5,0.7607855696258268,1.4919519328575834,-0.0168472861625826,0.17626595406260204,2.088734670469234,0.0846707172635096,1.1210168215556395,0.5227624216328728,1.3478674357552989,1.5831060564582602
3,A,2.6,0.4741096196919403,1.6509471270933394,-0.04922513220022077,0.6734146264233684,1.3676991034654142,-0.4736573315794847,0.13974815088403325,-0.25242362419020664,0.4529853142918224,-0.6609267809293874
3,A,2.7,0.36220534443978974,1.5547407691813508,0.010896605128198983,-0.10024267263352393,2.0726527936075474,-0.30262933794513897,-0.3342524580153592,-0.5929109248667545,1.4010403636899385,1.1337561743148912
3,A,2.8,0.9250454364157965,1.0155381164141233,-0.056598542453993,0.6604419994178342,1.3839220795992122,0.36213987695491195,0.4216268632225893,0.181780227623297,0.6647775935829685,0.07337804145481813
3,A,2.9,0.9150417994477603,1.2426280231689888,-0.02507346994698416,0.7785451178746237,1.2280037810285434,-0.19859561517050173,0.15577314323031483,0.42788167990261816,0.9904861269371932,-0.0758775385651968
3,A,3.0,0.5789161400181158,1.5855939195477606,-0.13280952348788594,0.355253121808031,1.7578376813762815,-0.2632409041030509,0.14709991320840102,-0.5991156344334434,1.1622761885452026,0.4178189285075334
3,A,3.1,0.5504611593657301,1.5680751065635332,0.017842455790283575,1.2666632225055405,0.8945328529894221,0.5142489239796665,0.22175180028402267,0.2138373147548558,1.1450310019537546,-0.4810002958033351
3,A,3.2,0.09835901739515446,1.9401040437627641,-0.007278174929658445,0.8505624742202255,1.1442664209848017,-0.4224755788768779,-0.30037760290629395,0.6861849373172935,0.7877595142018414,-0.43046815713703357
3,A,3.3,0.08876334377347989,2.0573250677845776,0.0077982693859377575,0.5162936411994001,1.535566852272428,-0.13232338431540694,0.7271141368727965,-0.09986771574773329,0.774127887648638,0.9116084844065354
3,A,3.4,0.4594907685444499,1.5694997159018378,0.007738309361273926,0.3545209116067082,1.6820265818817486,0.007605931916752228,-0.7066142286304945,-0.14421488136946348,1.2018981247798708,-0.06864837296725262
3,A,3.5,0.31615569469588517,1.75040805518965,-0.04452792461393422,-0.021587784412028244,2.096636896271661,-0.0482029562276354,0.31746822187027407,-0.30567650125162393,2.023878048809055,-0.15686259474361836
3,A,3.6,0.744125482645015,1.2418314632343355,0.06835831384013179,0.5612684965510067,1.4940746357876624,0.4006979896407446,0.7497123227232849,0.18772553079652918,1.2719622800967092,-0.09713940752487857
3,A,3.7,0.5294909578377971,1.520986551584599,0.038638334915502254,0.7125204917816793,1.3659211618092508,0.3464838809621101,-0.4048240668974118,-1.2930677002618318,0.35834645699108814,-0.40561396245774767
3,A,3.8,0.3255474838255378,1.708073590201628,0.06515284508763487,1.3046941921365773,0.624306702603753,-0.5413649948366368,0.8572764608548537,0.11736359186617609,-0.015965754175941482,0.18235171332707895
3,A,3.9,1.453218594637753,0.7637706420555641,0.010519157724525283,0.7707747486281383,1.3647295331394442,0.21467257354798783,-0.12105348641826404,0.14849920286620003,-0.025917295175082233,-0.6328268461241364
3,A,4.0,0.8159468946381616,1.2142768112679563,-0.04589502338993595,0.7958453899382699,1.085048580021032,0.5265017493354962,-0.34256304388069336,0.2448035420504367,0.009494038535040161,-0.3806852945830427
3,A,4.1,0.37228896563322783,1.5544124067109653,3.16192831057968e-05,0.38075418350372076,1.6610576995496313,-0.08196098714899126,0.38456574527005394,-0.2355986481396718,1.1891108820267817,-0.7209738249043308
3,A,4.2,1.363063321815536,0.6092426303508682,-0.030915208609353595,0.8119736787643292,1.1407242427690683,0.12445339502417105,0.23935191344713236,1.7086084553757641,1.1666111833099815,0.6916083568705375
3,A,4.3,0.9873286664706415,1.1459780621002986,0.06187659007123578,0.8521095417645317,1.28878726687151,1.0356888277127392,0.5407555106414537,0.7529733885602254,1.3800999642463296,-0.07367821350280554
3,A,4.4,0.5750609997475556,1.6251850315563034,-0.011785739915362753,0.9295122705943486,1.0182131776628107,-0.025275469554243948,-0.8126858154855948,0.9020769332368794,0.4069824336567988,0.5978546501877067
3,A,4.5,0.9804544090626286,1.0952541260373954,-0.00581121245368291,1.1815718648296933,0.8878962278409039,-0.7070437474418342,-0.9569775009135346,0.1508823573759043,1.3607892718845664,-0.6120490242840423
3,A,4.6,0.7891147620743825,1.2935667971007607,-0.015708027914355865,0.3697512002074975,1.6790802659301174,-0.11793753214167241,-0.41638042908383904,0.6556911778448313,1.2211345515277807,-0.27287120449605595
3,A,4.7,0.738555273045395,1.3933419915671093,0.044654781993471955,0.43520467479049235,1.5501300598206755,0.22526464574262442,-0.1240052298870021,0.4336822025025993,0.7029761400951301,0.3915526950064891
3,A,4.8,0.718199870871359,1.3871090731410223,0.0699359373530826,1.265323117149629,0.754836566264534,-0.07831013459249823,1.2969221837812257,0.1864894995245416,0.075482491908414,0.9229402824179401
3,A,4.9,0.6649019106109302,1.4743529438765084,0.05353917931646092,1.0865782427998174,0.9274496052124888,-0.06139418667152282,1.0138939078700049,0.9795614432938831,0.9500988526230867,1.615172651188968
3,A,5.0,1.1234619134046315,0.8649937337965137,-0.02050768585853045,1.4534901736443893,0.6646963187936845,-0.42763154372578477,0.1860053829422775,0.9911920631707736,0.5327773657477842,-1.8749026960489792
3,A,5.1,1.0657334512250571,0.8745233445718035,0.011033706183953381,0.09890044172668166,2.0308913216645865,0.6422841062212131,0.16363672122333625,-0.06172813612071165,1.492417788985383,-0.38337394196528907
3,A,5.2,0.8681067965718624,1.1775940756544254,-0.03485452896469057,1.0392951007721558,0.9504555840404039,-0.18860975979359612,0.0963896094979776,0.894684091513977,0.749871727700685,-0.5501498584713738
3,A,5.3,0.8065237220718597,1.2447558038357098,0.06679111230077077,0.5489908047119307,1.4495659716622094,-0.22235179779420935,-0.14916871234056053,0.6150839326378369,0.8980167769248243,-1.5046360801907164
3,A,5.4,0.7174557329920207,1.5681842571680331,-0.0018143643181823222,0.7213996903072901,1.2441728727866397,-0.09865585447241607,0.747195098136921,1.1026074488317783,0.6699644086788475,-0.8916996556875538
3,A,5.5,0.5155901707225825,1.5710211714958804,0.06759678761333303,1.3571966126228827,0.6500297422178183,0.4680026163243839,0.29145832339137856,0.8471287327147886,0.6311876218123076,-0.4641058613386468
3,A,5.6,1.5344614757542332,0.48410354243293274,0.10688130755001408,0.7394347936194929,1.4425388052138055,0.4974592544745561,1.2404288408287967,0.9014026056443777,0.2396806369699775,-0.6102005704121302
3,A,5.7,1.0578446917671933,1.2702981594612401,-0.07605538675917434,1.6419259143664209,0.26578872349032134,-0.4082901888045158,1.149935870885048,0.33416191571489784,0.1386575685896258,0.27281597132002244
3,A,5.8,0.46408414262485326,1.6621394276976122,0.03670962130732281,1.5291123323049094,0.4302100686218586,0.641877766165858,0.6487653858355998,0.4430971718699696,-0.608329695299294,-0.44385239715778246
3,A,5.9,1.5405728185121697,0.6202051402018083,0.05985076167671921,0.3697770129090905,1.8296965907947507,-0.19547186332236768,-0.5631563513800085,0.2268265180354546,0.005035206532957344,0.6765261735257968
3,A,6.0,0.7283228190253377,1.4877317519893691,-0.07813411030076557,0.7793974897427569,1.2524855434343274,-0.19111647019595118,-0.426792203276504,0.026078845638756898,0.3999575736499934,-2.45731872200127
3,A,6.1,0.9698819925561823,1.1192382988524885,0.009394488209791064,1.0453549296237952,0.9572899655956673,1.1516738475365356,-0.14383314369142572,-0.10793620873497689,-0.18344336990173143,-1.895011747429768
3,A,6.2,0.8193864014320623,1.156242666075217,0.08136015242935984,1.6036398737391957,0.575623933855812,0.9185746895675433,-0.21213750365839562,-0.25275782568729876,-0.4029451275810939,-0.23781674396012722
3,A,6.3,1.2865275968344596,0.7763770876388323,-0.11437232135210247,0.7540529774585707,1.2209651944961335,0.6039909049288302,-0.010451583883119125,0.21795784539394675,0.830503292082394,0.04529190903318563
3,A,6.4,0.8370609110259628,1.210089087514305,0.048263357362149914,1.0444977804882014,1.1360252164323583,0.08298119020723341,-0.461146258513024,0.32557952234403753,0.45177037527556446,0.16903593208981144
3,A,6.5,0.961273670994624,0.9725709549907435,-0.09868640513782992,0.4007207871438898,1.6926655013256675,0.2342950357443198,-0.3557417610355502,0.18070150251505573,0.23457709885180988,-0.34663480826530857
3,A,6.6,0.4359871967076626,1.5361443310820544,0.09615090450165586,0.25708396250975896,1.9776482897204344,-1.2757695088893157,0.14545487920953593,0.5851746604136049,-1.1365739572543312,0.6873697725631942
3,A,6.7,1.0935365642296153,0.9192039294610457,-0.10006279523279415,1.2483085840836567,0.7775443705652589,0.03997136149896114,-0.2334456121075398,0.04507303969169418,-0.72864245867985,-1.0486371698039423
3,A,6.8,1.9305962697211942,0.1612128510472597,0.0650760825185718,0.7525827761972582,1.4056868670172808,-0.3450059048284026,-0.03141032143826186,0.5408261572625784,-0.5962652211362685,1.4286722752942147
3,A,6.9,1.1376357757382236,0.8182870610093274,0.029083309534358295,0.93009083743204,1.0340460443046544,0.2974601878454111,-0.11656784726941724,1.835402096621279,-0.22383464089845911,-0.14129477449543704
3,A,7.0,1.6805966278136735,0.3277426242665116,-0.008297246243837705,0.9079708744950045,1.2189949517473138,-0.0591719162554766,0.9121977905042601,0.5646267750882953,0.8403395206781855,1.0112045176362603
3,A,7.1,2.11085990373223,0.0,0.03211754835484068,0.9170397424535134,1.2930586774775494,-0.07011714351355919,-0.29347780277701224,0.4003537965539281,-0.39992873913526705,1.1400716421337387
3,A,7.2,1.7254358994550214,0.3655684792245637,-0.015484631874457463,1.4946365692156152,0.568310639423953,0.5911788402225947,-0.4116629178022924,1.0286289275988245,-0.3803427863581896,0.6035979602145954
3,A,7.3,0.28700411186025954,1.6874200616949637,-0.0010380493833117928,0.81140749294891,1.1343517616281185,0.42333682647793247,0.11354338672273599,1.2089169701828284,-0.5598823260006333,0.0652015635225662
3,A,7.4,0.8155627571339277,1.2206747556728759,0.06861123377586163,1.2288285497430098,0.7165315374267158,0.31787150702156197,1.091319741707713,0.8071915878479511,-0.6140123391133715,-1.2075691511570117
3,A,7.5,1.0155276591435867,1.0802995824089137,-0.019687577004917762,1.4591250102369449,0.6484227454123244,0.04834632739753929,-0.21471802441335106,0.4114465923241739,-1.2236850144985487,0.86653645251424
3,A,7.6,0.7677998263118511,1.2768361904667804,-0.05729652513560394,1.2409974211422539,0.8603413562633442,0.24582363579841796,-0.0920557780165101,0.6682097390814004,-0.7169144148042715,0.2600430792040918
3,A,7.7,0.7096552158847353,1.3716675935603524,0.0774440262345944,0.5144765815278249,1.3687929103521146,1.1095823227897774,-0.6912945600269302,0.8453320895847048,-0.3482339423802752,-0.4184832218036374
3,A,7.8,1.3379671490837808,0.5481905960194278,0.0025962227210732814,1.1267524848760018,0.9792299220679923,-0.050615333339769655,-0.016727458325001377,1.0729260129028266,-0.969823733988673,0.5555489466523261
3,A,7.9,1.3868829901322623,0.6495142393313542,-0.040755636719921426,0.6122177749221359,1.534521006174272,0.42469107554034713,-0.03977775981878545,0.7339700776583814,-1.0114098145291448,0.9564527561830226
3,A,8.0,1.7770003093938072,0.28929579695515373,0.006939117827728478,1.3964343058643527,0.5036770030292748,-0.5728404302915616,-0.5815633977199469,1.148721042533481,0.4843713351755171,-0.3896462509843433
3,A,8.1,0.8724780382733386,1.185905404265754,-0.0013163022304049277,1.4403493410127826,0.7617142769155605,-0.33614426687932125,-0.09331906803542558,0.7513720641267267,-1.5250652774914855,1.225397829949018
3,A,8.2,1.0506307278470206,0.9925745697570161,0.015678457785909126,1.010345420113207,0.9576734582859339,0.1358469008145442,-0.6355200588708689,-0.6908295514062092,-1.0165787703997986,0.8887208837625945
3,A,8.3,0.9338708116112273,1.1518993461374625,-0.033053520929433235,1.521464017520995,0.6582166808366758,-0.10162255056243315,0.11027111562659932,0.5386606028883096,-1.1506719827369756,-0.35577231095117445
3,A,8.4,1.2093628963430747,0.9491319947520458,0.03813395202108259,1.4680021625210202,0.7185581696764087,-0.286675918768677,0.7399463859112632,0.21117002576219573,-0.16386358017860214,0.5891279505549729
3,A,8.5,0.8490845614677967,1.4073805364453946,-0.1200876551178574,1.3350598919047152,0.6629881396659476,0.03385809222802308,0.4667398309747647,0.9976285162129874,-1.4447525442547018,-0.14414794880851753
3,A,8.6,1.1197894701421143,0.783532633613301,0.05206326029377754,1.093080855386305,0.8686435961585797,0.35909493730161124,0.1824324860385305,1.0019070590792638,-0.7149109906678188,-0.090115466052394
3,A,8.7,0.3622284265144774,1.6518248380534082,0.015061407301038214,0.6509553276424185,1.3339781859431232,-0.3639140129985284,-0.7455278345259325,0.44715141209901865,-1.1604672218139351,0.5681142301816746
3,A,8.8,1.0801343380172086,1.0037178125386401,-0.012119982536689753,0.2660931746205232,1.905781515326733,-1.3282686321681925,0.8817646277297492,1.6549908312320318,-0.002125977859738226,1.0667547336487162
3,A,8.9,0.8808505063256191,1.2181628548724353,-0.00047245725127917056,0.8942397296155784,1.0919645490945022,0.10942168080712589,-0.29274064040116216,-0.2812793753775702,-0.4505753056328069,-0.2712080430199089
3,A,9.0,0.8980057465239898,1.257672805743237,0.003929524452052184,0.8180093548268087,1.0957615484251857,0.27923243456093205,1.0087357828609973,-0.41236078064556636,-0.4728694904547528,-0.7937675704309497
3,A,9.1,0.5041997083502927,1.7617186214567626,0.016217698465540536,1.062341208074245,0.989733443100373,0.07756852017507725,-0.27871201858290234,1.2614187797010055,-1.224100494242513,1.6449791030367575
3,A,9.2,0.9224359410751793,0.9981476060919305,-0.021509177176371477,0.6543692419251904,1.365319523627659,0.16194642260435152,-0.2699144919551092,1.0495429109604808,-1.3283609085307488,1.346766339181002
3,A,9.3,1.43424462010805,0.6575453679433667,-0.06302896039750264,1.0146955463723275,1.0935797325973886,-0.5274056616288937,-0.06335981539516157,1.155448393470995,-0.36141071860466245,0.6809825089005509
3,A,9.4,0.4572781946586182,1.6264798887820897,0.07968072521849279,1.4235176788751869,0.6353737859824533,-0.07801272949218709,0.3410365026366005,-0.9041269363900746,-1.2921795788935946,-0.29104555657811293
3,A,9.5,1.2123192345339782,0.9378710106909083,0.007668429969306493,0.980999358720327,1.1432021488801114,0.38096764050903903,-0.3733743582845357,1.8144790972973714,-1.4645813077706396,0.0052832546366978934
3,A,9.6,1.5326466239034207,0.6487834933540042,-0.05525502844716168,0.6619105237167412,1.3112378860276246,0.11486401590230473,0.09877550520345436,0.8501820629698758,-0.7961931051586141,0.434587954398501
3,A,9.7,1.1010937136178836,1.0530817112779916,-0.07486544728927946,0.6764025443155177,1.4712846581070864,0.38506869170468017,-0.1545531479788146,0.20512486151910747,-0.19927815765616952,-0.5947087132318349
3,A,9.8,0.4181813317700972,1.656681158909894,-0.019966655354751818,0.0810557896415488,1.9781865008944015,0.6950889672041016,-0.1544241666347942,0.5580421460869641,-0.9333900037122226,1.3939046946727018
3,A,9.9,0.9986156519139809,1.12926268409064,-0.023532034130326132,0.48221678201078155,1.394539701097027,0.3211488069146774,1.9025177442526118,0.396668846856481,-1.011807383297045,0.4908111386728825
3,A,10.0,0.1465853147142664,1.8691348043956206,-0.04844350998827125,0.4468337172580367,1.5654038629999647,-0.8186174800714152,0.9950364032733601,1.1584252431915487,-0.05438633102679824,-0.6315559845615516
3,A,10.1,1.4305734807432329,0.7059522499240798,0.025839167090531648,0.727646484709744,1.3897129511599742,0.5976461969763611,-0.46910166439232476,1.3607852944504208,0.026540604796397527,-0.6646337898976695
3,A,10.2,0.7257614014397847,1.4085211384615202,-0.006799515042039185,0.6127735197333536,1.3369690664559826,-0.3754764277955649,-0.09470510483996729,0.3303160346368507,-0.900596436591939,0.5110246253600391
3,A,10.3,1.6502401410217642,0.43925807440235776,-0.060619515683993964,0.2771540837314733,1.7673815202975667,0.28323634969040895,0.06791583895287946,0.07812417645964798,-0.3895461070272592,0.4470613963943297
3,A,10.4,0.9408736266974327,1.2389258033620085,-0.07867911438993347,0.4369612346961203,1.4821385621178047,0.21951685190013565,0.8829105923579069,1.060130054142789,-0.48848756352716854,-1.1803037533055132
3,A,10.5,1.2430683339113309,0.8937914664074142,0.10290176975431083,0.34897674098256876,1.8152877946952555,0.4668899710353883,0.15390442952698688,0.35370859870744403,-1.0849549541238424,-1.0146005611018878
3,A,10.6,0.9017809293473825,1.2404577702339132,0.05013428354455843,0.7663895095374293,1.358788871742318,0.42745949546067824,0.059504590233197804,-0.029132669861649974,0.12057362198247457,0.32123805754301576
3,A,10.7,1.1584862922702932,0.9652902823490019,-0.04388759205284015,0.3499457772180601,1.832307516747226,0.23354266663396445,0.21537892642793446,0.8224419893767692,-0.4280632363267105,-0.9501379803287626
3,A,10.8,0.7393721269042266,1.4474043557742415,-0.06250576344293454,0.9649671895263867,1.1558777197334429,-0.3898657027336449,1.8725332522603508,2.0656537036356486,-0.06404836942213565,-0.5868435327444249
3,A,10.9,0.7348158551443679,1.4726785428135125,-0.016142357709547143,0.18010137199175946,1.8184483469254467,0.27191765050345235,-0.19619051978824376,0.277700543093115,-0.5890933854370564,0.8040170624725317
3,A,11.0,0.5084543116588343,1.4892865262752535,-0.012704384481521728,-0.11361559384788428,2.1973104465016062,0.3643314291014052,-0.5450889582214026,-0.3222450632081535,-0.5463171828765918,0.9372997849900012
3,A,11.1,0.5939111335159166,1.4993036348032298,0.0005087849777803084,-0.47653523913543194,2.5925019134555494,0.22547645004926453,-0.23875653969437202,0.6221881785053772,0.17462433283641798,-1.367277201660146
3,A,11.2,1.4138945636218823,0.6937943186519278,0.003291218251276694,-0.017891523964509715,2.1716901809744287,0.2408133643911797,0.26405896716754673,0.30682890018899944,0.8027233772544655,-1.0866156498028514
3,A,11.3,0.28273288477558756,1.9337777785144452,0.030533666940506,0.6124080287675473,1.5674781369395265,0.15640829986472235,0.6931967273217874,1.0753870744796608,-1.1437841753944056,0.2636775517131213
3,A,11.4,0.9614481160636329,1.04685836180798,-0.019985195841940057,0.898042664927511,1.0825166741663432,-0.08135023992349295,-0.03554938494228702,0.2271946824399721,-1.69434184988336,-0.2678163072230381
3,A,11.5,0.318604264000399,1.6903867754894115,0.03499630501655256,0.5437990766828189,1.6017322407204726,0.6966598382461252,-0.037543835931420064,1.067638948927696,-0.361919357673953,0.3405668791569993
3,A,11.6,1.187790329762541,1.0105573743738978,0.09529739281135337,-0.0014973154493415353,2.013060499770359,-0.24071525459591978,0.5205709066957557,-0.21357702810231838,1.2826886738139391,0.19952480331794628
3,A,11.7,0.9162408389592267,1.1380879781569275,-0.03434444768347663,0.24708991961969393,1.751857668988251,-0.12471818908220081,0.5295619107432727,1.2728144148899119,0.4545026798706262,-0.8739391245722115
3,A,11.8,1.4180490153717527,0.859916549426706,0.005890197643507077,-0.6804927448921211,2.729146435864532,-0.40020450795553136,-0.375278746882294,0.11250328036756507,-1.1015983406122871,-1.366114543602507
3,A,11.9,0.4578200667515008,1.78780999086091,-0.017190985771559787,0.15336243254553167,1.772536343591379,0.011450559402890869,-0.03398833117617887,1.3874035087844274,-0.9940465318066227,0.5179282852051597
3,A,12.0,0.38339650023224753,1.814974893601542,0.05813425139562513,-0.6028359834999671,2.6943111406921503,0.04414294717482955,0.13351446030808933,0.89489979179053,0.2995284012859315,0.3216925835985139
3,A,12.1,0.7079488536475493,1.539998259057733,-0.029909229698348874,-0.3783745994478414,2.3175349087684625,0.33120385043638,0.035866957171227884,2.1494993165078267,-0.3978238559309506,0.05495959057635136
3,A,12.2,0.695616729921894,1.5461996824957942,0.00023850905363688945,0.1578173580001941,1.8585199056969508,0.08937962995706462,1.0313710790428805,0.6719236429259869,0.5968092878312173,-0.003134817363704686
3,A,12.3,0.8160339969151589,1.2594569913042402,0.01059809641697022,-0.09199800148271195,2.132217967687136,-0.15775134143597747,0.5477278341596675,1.0387914947605474,0.15588037816649586,0.3689098920900231
3,A,12.4,0.522655609348908,1.502138285077327,-0.015916820745298165,0.465197502764393,1.6312055615220737,0.11459259346554887,0.9840003421280596,1.993919131312892,1.2197021427246875,0.041941793367983114
3,A,12.5,0.2621226169305427,1.9900899534579477,-0.0020470390932725226,-0.11249777808597561,2.05653872914023,-0.3896726300207951,0.54218835512227,0.0516212911879278,0.630962376551398,-1.3502356742152306
3,A,12.6,0.23478698581474244,1.8994719183703335,0.04812493974068799,-0.6661877172932138,2.6833792621336308,0.6594879391444987,0.6586253434804593,1.4146519766883079,1.0350660270276797,-1.8592395086772042
3,A,12.7,0.5830496706223652,1.3959170460420194,-0.08247233409614402,0.2953765110682467,1.7411508381715104,-0.3428875136057514,-0.8432684985862701,0.821277768031168,-0.4682531167665758,0.5043882343603732
3,A,12.8,1.0716101476400661,0.9300628528640722,0.032526305119433656,0.16181724593849722,1.7004195567660871,0.35393021169916405,-0.0013001669647145296,1.4779298667864396,0.815073576682045,0.605243807749323
3,A,12.9,0.3926809991563597,1.6096515163702987,-0.0873181442128329,0.021369546423506552,2.038195864453253,-0.14598767629507237,0.18646639366614923,0.6067874612412056,0.4450431496371952,-0.06467819142612506
3,A,13.0,0.4378401204539144,1.740799730330004,0.027996515944090458,-0.05106043229397031,2.16242118266221,0.6005176465825756,-0.4983660796196596,0.7302675318452967,1.2978737530578681,-1.0827246822159713
3,A,13.1,0.8041944596955868,1.2947666563106264,-0.06459260036401601,-0.3556198185140051,2.4544807054967945,0.017195486378803946,0.22721550007721825,0.8869323308158389,-0.41624637362922756,-0.08792337287231859
3,A,13.2,0.6061631447474417,1.6082757489166761,-0.050998045527812924,0.566218208044159,1.4295825447424813,0.20080900183172207,-0.13731027692985898,1.5003518690544273,1.7838972682063323,-0.38072834831196006
3,A,13.3,0.8051368140850503,1.1668965731469814,0.0025954149437391032,0.4014427066837789,1.6639702124440596,0.3624339397796166,-0.7430509226552563,0.547762567436424,-0.4792678566333617,2.7201901183100916
3,A,13.4,0.5539917093266323,1.5335986106713277,-0.038987511287202285,-0.3026787609263518,2.3033316541852957,-0.35678517474555294,-0.9251827367457923,0.9720957529306158,-0.8641303937483226,0.5014659623381571
3,A,13.5,0.5106049965211817,1.8531612834552633,-0.003174625289846406,0.07381884824914248,1.982728748083848,-0.2796200616319625,-0.20075299664382776,0.6527168759110231,-0.2465210292728378,1.7524181670413148
3,A,13.6,1.1165535110570963,0.8892735479294411,0.0010189469293751005,-0.33178510986165155,2.4453778565431232,-0.17613450339229983,1.190993892249579,2.221705171000414,0.8925144072493487,-0.8889186582736186
3,A,13.7,1.4794653528201516,0.5643958161071227,-0.026943661488576923,-0.7740289094865642,3.0152440426371094,-0.4730778310311418,0.009683651284934279,1.8724385695924075,0.7722910150573645,-1.9856029059520264
3,A,13.8,0.24238718588474362,1.8152895792828474,-0.015474448093884386,-0.3768540175739268,2.352174660572327,-0.2855080150611135,0.3234214379140242,-0.14431873891350333,0.5498533833744113,1.9634407876742834
3,A,13.9,0.46774230889215185,1.6858494664056587,0.05961372967951489,-0.7014961195128321,2.9258911932507083,-0.03914887358686252,-0.3777867488405205,0.7422036842460406,0.32178729621227486,-0.16698713151784128
3,A,14.0,0.603890171360476,1.400711592620816,-0.0894699848212937,-0.17802093920283002,2.0742558944345917,-0.45548256555865946,0.13255036306841808,0.6959323732871122,0.2057880875744671,2.4382873228341895
3,A,14.1,-0.04798853626666638,2.0411278042269374,0.11571456542984777,-0.32487909074397064,2.401545648911593,0.16344076506721644,1.1674203772968073,-0.46997478072386256,1.621961964730215,-0.08496413927959888
3,A,14.2,-0.17104152379372878,2.1730517863746646,-0.06093793355596066,-0.8725768781691672,3.1089859323551434,-0.00789150950940746,0.051625684952140864,0.45256317848941124,0.9057199917054496,-0.5580200264782312
3,A,14.3,0.34679927156016466,1.6784530109783662,-0.007514226900335478,-0.7959808484280659,2.97026526051961,-0.018182764080780706,-0.43023955332860514,0.8545529292063931,0.2084606714753786,0.8966136947292348
3,A,14.4,0.4433844361345815,1.619872373971273,0.00686811535237342,-0.1492597227454695,2.238429737591128,-0.039241474109141194,-0.07474345228997216,1.975502984037567,1.3241219773130886,1.4207707474932172
3,A,14.5,0.2582854013558587,1.9047057830030725,0.05300924321945593,-0.2565991816315842,2.299353457870379,-0.2012776744451036,-0.15376521094637904,0.7078915724097324,0.7290048732133068,1.17616101111587
3,A,14.6,0.04271031201452702,2.0937334026501953,0.011706828426220055,-0.9243633269266549,2.9385329765556003,0.18502392007638174,-0.12380382175386184,1.1584784080731814,1.236219812808849,0.29053673222656773
3,A,14.7,-0.04480079766174705,2.3665177266570225,-0.1208927814919319,-0.7838890913082209,2.677008775035529,0.5641032208429217,0.13260081808198318,0.09763468540165876,0.9171096060880006,-0.1937314261046959
3,A,14.8,0.10561731500864516,2.1223197704185632,0.09908667059520607,-0.4967715888591628,2.512950449497202,0.1046360295851151,0.0901136007467796,0.7344280252012448,0.37896404940708106,1.7474806920072767
3,A,14.9,0.5327886417395729,1.6118342023528682,0.03227354572830095,-0.9559277877761372,2.9442608486595567,-0.33207184706052006,-0.758000867275968,1.2731268902478134,1.6126709891332958,-0.9555421565032253
3,A,15.0,0.8078447751368413,1.3102163099900326,-0.020711539818610607,-0.6218279398069317,2.738417439413365,-0.36298435309776517,-0.2940662814696615,1.0213030208041411,1.022121861345337,-1.2843587553019657
3,A,15.1,0.0711436513871663,1.8634673221699858,0.011067321822852751,-0.43266960790259146,2.5415300037647093,0.4235850381817874,0.8101851342378221,0.47888787314973613,1.4256818161260136,1.7858666309011013
3,A,15.2,-0.2862625387100287,2.5673666806963524,0.02292826581917014,-0.7654938968185725,2.8209429038708747,-0.4766753467943751,0.12326779299953845,0.6478614780542995,1.0799588139853322,1.3202771155331159
3,A,15.3,-0.02522521955626128,2.176976546642171,0.027796318408873668,-0.3111975590803249,2.4130912300158918,0.6664942032964685,-0.6339347790261561,0.599497756187099,0.7502639614917769,-0.7772509080126954
3,A,15.4,-0.21708737131262648,2.3665651519806348,0.005298471846433636,-0.6665695567340764,2.7852309954312116,-0.033550285796668605,0.36817367335811463,0.8048863003163699,0.8070298130090198,0.07964882298993921
3,A,15.5,0.6572940030032581,1.555256314447416,0.03436418565332401,-0.4655877991950145,2.5961128264643074,-0.25739743122675457,-0.3995420858166225,2.61059539672499,0.3664665448208911,-0.33868042469795073
3,A,15.6,0.20453569062948157,2.024358824234586,0.07158901104438438,-0.7715616139177675,2.9431126505703236,0.6740298754097754,-0.9820319565419624,2.038192595888192,0.21066949192288598,-0.2459945774703991
3,A,15.7,0.3591492738934679,1.7190320378599917,0.06080392513809059,-0.9623730120711087,3.232229402493628,-0.1428800711546472,0.7902439976851657,0.7620786560796009,1.9269271394868905,-0.7686198191575393
3,A,15.8,0.3993934571198369,1.5926160449195634,0.014568203456758817,-0.27137452045924354,2.322815105277824,-0.13373355697961195,-0.5195940176798468,0.35094996475834705,0.8574152190788251,0.4036071522275124
3,A,15.9,0.15089911939007786,1.7387707739264333,0.006027892718844564,-1.134878710723216,2.9838411562854517,0.3925061574910027,0.3982306928305018,1.8289261102653152,0.5121459275431874,0.5252693152234185
3,A,16.0,0.21955932869109945,1.8078091941334176,-0.0038910470404568487,0.226832901879362,1.8724708281697502,-0.2776117691286876,0.6858104573148284,0.802697909818584,1.0470353273378845,0.20869821851755424
3,A,16.1,-0.393679646852343,2.4061067099278737,-0.02429902442283199,-0.43431500996246636,2.470922025092754,-0.04377121233813035,-1.0801043751921948,1.1285936587080778,0.7123929095745577,1.7715395280434392
3,A,16.2,-0.1284854043910098,2.170197408998682,-0.0610883110216594,-0.37782013515653057,2.5906692960226794,1.1827239717999416,0.48126476913155414,0.7397823428364575,0.24109869747694518,0.10157025765981922
3,A,16.3,0.3020329381380127,1.9291506221590755,0.026617863779031643,-0.6446486095280635,2.879041912993904,0.5762151154358389,-0.27132855275742407,0.3136158345740009,1.5554341835844494,-0.8523807787590234
3,A,16.4,0.008089904403537018,2.145291270445841,-0.020089255298608312,-1.2679264015732632,3.1257540341196934,0.5076935812938408,-0.026342895237934334,1.779409926225623,0.7430393980794656,0.46699540329008593
3,A,16.5,0.47531189589162814,1.550342782175818,0.06533793446798118,-0.8198212650203013,2.8428716817210944,-0.6241528419432593,0.1738225956109194,1.187146809043426,-0.9656215677476477,-1.3657467006594415
3,A,16.6,0.5461119046449188,1.4237261296380912,0.03832338068597802,-1.0082023752881502,3.083392198159726,0.043551110806913984,-0.1588255077537673,0.3551059032819327,-0.32896925018959144,-0.8519984679220071
3,A,16.7,0.10831957610397536,1.979836200741746,-0.04437651703758837,-1.0560942678976024,3.1267750651568313,-0.09748117814115448,-0.6922174112698622,0.91276188136662,0.6349066857857066,0.3119061888982734
3,A,16.8,0.02044978317844962,2.1736230965896697,0.04514660821245856,-1.0877259195442683,3.0660145069796902,0.03405431678615401,-0.42810475831103667,0.7356787068912466,-0.07661472857583668,0.8099089282132641
3,A,16.9,0.4524071961278451,1.5808891253724604,0.012397161456733398,-0.5304097818714187,2.534723772019146,0.051183753264516615,-0.364867158775773,0.6138337604228399,-0.0245605877813444,-1.9083322571126233
3,A,17.0,-0.4374602437860812,2.267765152584824,-0.016862828465709308,-1.4683553871573085,3.264581191463616,0.25662251586455526,-0.15865931420335003,0.6201043244723754,-0.0511761899793815,-0.4258732124617758
3,A,17.1,0.03481318165422492,2.2771228371377874,0.022849578667783442,-1.0204825013594387,3.0870927243168316,0.302773560089538,-0.028660654753920132,0.7879705497114501,1.0915548317625692,-0.4998974599630524
3,A,17.2,-0.18700998885454198,1.890932825379676,-0.054544299569621625,-0.5533372239870689,2.678475538972457,0.10384547192255099,0.9013011673203806,0.3389933111024974,0.6207136137228654,-0.11949158270902917
3,A,17.3,0.1497630455223435,1.7776848720236271,0.05853643535838587,-0.8007263089318574,2.8387184995480688,-0.8911198237878108,-0.061057563468963454,0.10922151123082613,-0.14338819845596323,-0.9131774784133382
3,A,17.4,-0.7101453430455499,2.7585890337521013,0.020383599372726203,-1.2453012030394048,3.2753281815190967,-0.19403760679742527,0.09251319170033305,1.586455087534639,0.3814738502336055,1.3457183785476177
3,A,17.5,0.15978889042696498,1.9102030363490103,0.08733656375094823,-0.678383864699788,2.656664012595673,0.9225165871680304,0.17198494465124203,0.09151853004068922,0.6447855900645332,1.0499289107819016
3,A,17.6,-0.5935837224312228,2.512826436720271,0.04415188949365295,-1.1744159370077816,2.959047124976537,-0.16233104413881938,0.558114084183625,1.8136163319508063,0.40227794813866735,-0.10511790167015689
3,A,17.7,-0.4916801776990789,2.6690408662555756,-0.022273345709801717,-0.8621744702274552,3.0277597837590724,0.43103371355402986,0.3542319456405778,1.3485553988917798,-0.24451283134959118,0.4273034498990271
3,A,17.8,-0.398195066831721,2.60597160144646,0.024567023932405858,-1.4117293439414162,3.467137768074946,-0.48618207338197295,0.6921383526955291,0.13929315210105475,-0.43244482591062916,0.8875940139641796
3,A,17.9,0.24128827964772823,1.8902431002767104,-0.062207535157960674,-0.7387848305509324,2.783388943580191,0.042699433680275754,0.05700153041661954,1.0860215934702522,-0.38820008533675765,-0.4752898924237682
3,A,18.0,-0.17802531727588888,2.298496030991788,-0.08601707305246252,-1.7247810126605136,3.635424802293754,-0.33905184394477506,0.23622381381249966,1.6970142159171857,1.5412217619443016,0.8030962865243266
3,A,18.1,-0.4716156843541867,2.6274466721223857,0.007059915066668712,-0.8612774838742068,3.011967021562096,-0.08702387481552538,-0.15796056133876668,-0.2515028056701958,0.3386834362067161,-0.7989015573686573
3,A,18.2,-0.4964157344919077,2.64821659578772,0.001945099625179475,-1.1812831764682856,3.330654292148686,0.5835624301648434,0.3863456881225936,2.4444087366228837,0.1612960600819689,1.57465286343956
3,A,18.3,-0.3778362686207233,2.4595322203642023,-0.08724297948960347,-0.7987520206980885,2.7638446720395446,-0.9055973995747436,-0.16430547754163657,1.6860538411620936,-0.2029459301088335,-0.2225352539590451
3,A,18.4,-0.10510844764593055,2.2913679037429917,0.0356833478122738,-1.8754062948722572,3.9317172215310636,0.03492397924903962,-0.76599311812145,1.2207596571317318,0.5071600176036913,1.2946041013322744
3,A,18.5,-0.016561084665807857,2.031327971124216,0.04657103142084251,-1.24707663281742,3.313133011257764,-0.544142315323217,1.0194725867316592,1.5823725177349315,-0.3775276160059423,0.1372868937496951
3,A,18.6,0.1418703568993946,2.0795977498434164,-0.005558231081419063,-0.9479001905210789,2.9173239712383436,-0.28060167355908555,0.49226495822407457,1.1847518458756379,-1.1576677434334148,-0.1785950616914529
3,A,18.7,-1.6288560562812724,3.686402833290286,0.06622960895609259,-1.4792890038473439,3.440738561819001,-0.3815025970341974,-0.37118655725339844,0.6104717662058897,-0.6626435580140221,-0.3896144150352927
3,A,18.8,-0.07078684549272529,2.0965633502730094,0.0875295250623106,-0.4173208250856013,2.5822714700842933,-0.02369759001499157,0.2156567561428266,0.8810194639704929,-0.992817716186174,1.0997002106272367
3,A,18.9,-0.46509419100671123,2.587754916569934,-0.028097312366896263,-1.7391701211195283,3.7977173572851157,-0.1847230730041602,-0.5096373691511118,0.12328304468286588,-0.9628886720289871,-0.35093617981069153
3,A,19.0,-0.4896093567443175,2.5515534315677657,0.047994865577660445,-1.117574345516883,3.154850267753325,-0.09533204833473027,0.5859947806286198,1.0168617916351923,-0.7819846842765324,-0.28059909244611636
3,A,19.1,-0.5681903876024547,2.6979535937589585,0.028205259639281468,-1.5892704902575852,3.670774344212341,-0.006409878331389139,-0.4762050660672867,0.868252486147663,-1.339736941392572,1.2717955557071168
3,A,19.2,-0.19631722994417772,2.1617497579933027,0.06214553402872461,-1.193209056017332,3.316522793498696,0.33228902896010015,-0.17342584505239883,1.0281144442553518,-1.7864423888293128,-1.2077860022643343
3,A,19.3,-0.593508092026654,2.7399534515217443,0.011964660829052278,-0.8251752548410051,2.8003793518638074,-0.5127899536121326,0.31173927428149506,0.6399460870103536,0.33942613095860874,0.5672435352672129
3,A,19.4,-0.37624286246322114,2.3858484105069633,-0.06736196035358948,-0.9573287487316481,2.987540833497036,0.5140696254663849,0.10749722249576348,0.5467154598154647,-0.4782591872752278,0.15653516534525158
3,A,19.5,-0.26237125647283277,2.350627878426139,-0.011126083786610213,-0.8612020114607356,2.928303694694951,-0.4858514388211141,0.354357335713815,0.3673715897583396,-0.6260468056980192,2.968871690686112
3,A,19.6,-0.1975790476102432,2.337057749377941,0.03835240647050457,-0.9690663064716881,2.9175911290432635,0.04134925605730933,0.15969653275456497,0.9555782519390191,-1.9811677561823655,-0.655747461767514
3,A,19.7,-1.4764760164420818,3.505270090972079,-0.09007778857011078,-0.9733075740017529,2.875468660168517,0.23353446104990896,0.8546812407513323,0.4074010668188879,-1.092509815607825,1.0627416591573606
3,A,19.8,-0.3563958603042655,2.435266386191465,-0.06251682766813367,-0.8097381973330826,2.7843867369577313,0.6503461654832629,0.8659134408268425,1.8690190579199975,-0.13821910683421312,-0.8059788176186455
3,A,19.9,-0.4260082617442674,2.525849104555843,0.07410437267967279,-0.1972896858163703,2.1830470154445476,-0.24910500159250237,-0.6064339879994441,0.46077894249396684,-0.13172625668313398,0.8885480369116237
3,A,20.0,-0.18090422850783439,2.3503387625217496,-0.058691598772788504,-0.7526513752391917,2.882980233898547,-0.025514893521132953,-0.05060919514987348,0.2583055387343215,-0.8161892685615066,0.7355467225914237
3,A,20.1,-0.10446399663752098,2.0258016204073233,0.01871120108013506,-0.8687479145431733,2.8891778054417787,-0.02900789127763576,-0.367375156055079,1.6960632036300072,-1.4222837762397376,-0.24329921513200908
3,A,20.2,-0.6619149578385973,2.7336536795581994,-0.050000652678514716,-0.9630416596128429,3.07490396959908,-0.8325542196466723,0.1527594097107172,1.3537214449283206,-0.433683419928185,-0.43862689117376563
3,A,20.3,-1.2963124165525135,3.3395177096696784,-0.0015352030991044377,-1.3553904299019464,3.3670339945966132,0.1592071477345387,-0.8382072265478983,1.1481470708987,-1.4271935692453608,0.11168282485975484
3,A,20.4,-0.8049260806364078,2.8509991959673058,-0.0025563278748061526,-1.1440048301148293,3.2308087271803227,0.22320466326278474,0.4224740120670593,1.6667115069309748,-0.1635496908825792,-0.8523153700879694
3,A,20.5,-0.7535880267140282,2.8021117863361926,0.01481602562941923,-1.1194561320326113,3.217660946049259,0.5498588739324496,-0.06722660168882555,0.7442028272727708,-0.9940437838709483,1.2786064417720493
3,A,20.6,0.16168929572025093,1.923831525795369,0.031025935835495722,-0.5032136914095524,2.4773964268001447,0.42820347120302155,0.45488006589809943,1.5811475327933227,-1.157755321189985,-0.647235434728777
3,A,20.7,-1.0778521459984969,3.192189138646685,0.04817696011880084,-0.5590121551733671,2.650238437008064,-0.024770961522059116,-0.7387210799624943,0.8898307058940026,-1.4720824611060652,-0.015765952095739874
3,A,20.8,-1.05461605429914,3.038484761782944,-0.07457814635313989,-0.5268037754727155,2.5171877360474086,0.03978354059217828,-1.3164669318278097,1.5222307514456552,-1.4486124960809332,-1.6041867968160408
3,A,20.9,-0.7026592016585389,2.872790780151316,0.027007814216458422,-0.8930518993903173,2.8647663947696973,-0.45017684804519725,-0.42430434346570595,-0.2482226362674811,-1.0071866104200455,1.8058769063725317
3,A,21.0,-1.2946797685358908,3.4130839744773147,0.059690418203203324,-0.4313496766490549,2.451951545490677,0.12821082277801255,0.9833021523508054,0.7620567506806389,-1.2001791480008874,-1.301135640578677
3,A,21.1,-0.37498212015246385,2.456885068237173,-0.031567642304381346,-0.7307909058008832,2.918150686421475,-0.21640387131269354,0.02203761475231855,0.19271118155805012,-0.8594138878910941,0.9887401284468197
3,A,21.2,-1.000165850603429,3.077649855112824,0.04221090252869862,-0.6116077284774887,2.6360310894682666,0.25700468401412874,0.2525641915738693,-0.07427713247102674,-0.758668659592418,-0.07449696037616536
3,A,21.3,-1.2470307001533396,3.285028673853764,-0.07052460022488878,-0.9197644747920242,2.9885881269097094,-0.44297563939891565,-0.04410937485450755,0.2432348187813126,-1.1016908076633904,-0.23814563537791753
3,A,21.4,-0.4394425155390937,2.509613206564372,0.06963346403435222,-0.5898525883011929,2.5566139257310727,-0.1686385734652127,-0.6142125448982692,0.5807846417105076,-1.2133607879504078,-0.22181163917277855
3,A,21.5,-0.1353865237312709,2.0415454129727024,0.03196587926013797,-0.7500242714583761,2.60985641797423,-0.8685298215648543,-0.8814984786352091,0.954741011352129,-0.5557527077363329,-0.6113140084177436
3,A,21.6,-0.9479181042956732,3.1125811450846292,-0.05271203686975367,-0.5912282836819068,2.4824663728134033,-0.012851697129171974,-0.010187555162033122,1.311269058282166,-2.0512349808610124,-0.4906312590005613
3,A,21.7,-0.5785125580717496,2.7705103302452847,-0.07207139220919984,-0.4516329094844902,2.3810621989784435,0.5971529026399854,0.1486814461417414,0.3538757822608005,-1.3955251894619556,-1.029928248066513
3,A,21.8,-0.550687233203786,2.5901338565695746,0.03134477522049421,-1.2147573781462686,3.1085763739629226,0.007143424440307596,0.3721735034141996,0.819880956849197,-0.565976993215416,1.4324985292002372
3,A,21.9,-1.2181611433651833,3.274665040324531,0.031553598807022624,-0.8577714626887418,2.925917188365535,-0.3973342037453647,-0.3943118414470009,-0.07801058866740873,-1.1626102687906599,0.10709545684479387
3,A,22.0,-0.7256143498279025,2.789297042545074,0.058304027628245825,-0.5583952081663074,2.6794670672421446,-0.4403628356709451,0.17577563132048082,1.4179131928549387,-1.7747565777045793,1.0885051695600962
3,A,22.1,-0.661655541542518,2.651430369093566,0.007247856749553989,-0.3110988600458921,2.4633183828538683,0.7732839664742058,0.255911416566198,-0.13195954617102923,-1.5199362153980398,-0.15711371258060303
3,A,22.2,-1.1549279110982615,3.2601250686499794,0.03219574857796844,-0.5346890186667329,2.7293991864983496,-0.3162483780319624,0.23409552352600893,0.9677183781368548,-0.9312254870362611,0.9100881048987628
3,A,22.3,-0.7794030428117675,2.728732677536654,-0.009435751739199836,-0.20874046957941528,2.099553897045168,-0.3687163571806877,-0.060115955968210344,0.3089549908694788,-0.1305674094647396,1.2152650203277742
3,A,22.4,-0.7739676126631342,2.6675124591062884,-0.0082503640355295,-0.5903806584668456,2.7058056033911084,-0.3811646932882176,0.7100477453947619,0.8974683063995668,1.26777624223415,0.9818035886430416
3,A,22.5,-0.7152912648587457,2.6913292871895984,-0.0216288105357839,-0.24157914407486075,2.327911999538145,-0.6863169569982569,0.15788445919925645,1.200893319191968,-1.0881256352290758,1.4720358461480887
3,A,22.6,-1.3943231130906113,3.494480124915798,-0.047212966750963016,-0.8619271493088503,2.8408438412796864,-0.061261952838897925,1.1375880479644143,1.232940009690341,-0.6615885072354,-0.10555108506504936
3,A,22.7,-0.9112095390610219,3.113564370201085,-0.01698637717938643,-0.6935420458549358,2.7119306130615897,-0.42628429830577574,0.13552587469827637,0.024867040388124706,-1.2383460135043909,3.071859496121133
3,A,22.8,-0.6309303292179715,2.7469149233213237,0.0369195902051944,-0.19466473895038244,2.185026561837553,0.16585109019289626,1.2294040594298068,0.7312058195775611,0.17624242829509934,-1.481670796560562
3,A,22.9,-1.0227885614220737,3.013649038584619,0.01579370664001706,-0.3565872590795404,2.183333930475717,-0.33114181915782864,0.7284761378829178,0.10879742775901746,-0.4495974700937147,-0.06244302227542293
3,A,23.0,-1.116404509292098,3.2822584394854566,0.04723649944805239,-1.0944027471890128,3.1624160644973633,-0.11740438421600244,0.15659740323895302,0.8022759507455454,0.11802658311841085,-0.7983623258910214
3,A,23.1,-0.9677718544819889,3.175222668137761,0.06362159729998806,-0.06032883671364331,2.139703014814521,0.3964668335506835,-0.46334718699752964,0.35212655999259423,-0.2478706832709766,2.950549447852853
3,A,23.2,-0.5689010067145122,3.0063212305983953,0.08473588858437332,-1.2914324134505997,3.4344153377582085,0.41394739157023364,1.1415285857037225,0.8284213580685891,-0.08927716120354,-0.23813982806755155
3,A,23.3,-0.8597056023313692,2.9122546607477755,-0.02426575199068816,-0.3917919601951159,2.299304008946661,0.08225061327655905,0.19059167267612662,0.2692886548354273,0.8654331850106102,0.44748622286600126
3,A,23.4,-0.8068853799792972,3.099633176473498,-0.0004418823980907148,-1.2821612267789948,3.4027152469315696,-0.53329239161953,-0.6795346204622466,0.9693980801636364,-0.6330847258339535,0.8173234892355089
3,A,23.5,-1.008218493952577,3.136309695560188,0.04684250125496447,-0.35053064720924787,2.4027384471108357,-0.39730541982263434,0.9940700584909676,0.30336341945223544,0.27323808836545194,0.04172885954687172
3,A,23.6,-0.3866495610696258,2.4471275156012635,0.022037580255137478,-0.2807651004192137,2.344564301929965,-0.4334875291495199,-0.33585479673111196,0.6622456595248467,0.015030336411087291,1.8164343489667716
3,A,23.7,-1.1666529946519972,3.0870787975466296,-0.07110651205511652,0.15960547811029724,1.991687059354149,0.8135815813483342,-0.47515403891907604,1.569442929058871,0.43575913613810435,-2.2313938555367803
3,A,23.8,-1.1960405696947494,3.2875116818694226,-0.060449786143715815,-0.5242704488577216,2.479605456583699,0.9152664349088534,0.3056938589633271,0.38202772652308353,-0.6727355503033436,0.19833944767990092
3,A,23.9,-1.2511161911485706,3.458755943240182,0.08227381188248292,-0.47588866752782244,2.5064481782484256,-0.14925626442635306,0.2713348996597284,0.7449647265000021,-0.5753637719432494,-0.13458984812890606
3,A,24.0,-0.9299452343355932,2.968707173911024,-0.04693674376303562,-0.7904437974445093,2.776796135835582,0.08376561239034828,0.27862595334866175,0.8194940191102895,0.2621190830252378,-1.0166971159415237
3,A,24.1,-1.3755357025685524,3.5826510323448026,-0.00716700758393742,0.4371400821934036,1.4639862083946196,0.16681442729168136,0.015083511452807764,0.37012618798141267,0.05658187972005993,-0.21081895257175473
3,A,24.2,-1.4572994197098303,3.51799521467649,-0.07953051789030076,-0.762596651541875,2.9118520358902282,0.7602357522778541,-0.0929208804695825,0.6131369245160029,1.7431869736210404,1.4857847777405575
3,A,24.3,-1.2963577707772196,3.3332703940242103,-0.002585335772683076,0.4224293279169645,1.791350014284345,0.21357986897307218,0.1801544624852553,0.2949744133216011,1.017541881687643,-0.745534405981084
3,A,24.4,-0.8112216757259875,3.054349473124982,0.053006197757682554,0.2468219612443744,1.866959584027983,-0.048258742264102227,0.36666325619815626,0.7000957138036165,0.739628015204473,0.9009021395660187
3,A,24.5,-0.44301382148783464,2.3074881281151525,-0.05459604474739624,0.17522927089166893,2.0155891114413254,-0.7396012016539425,-0.33231083517505555,1.6126747896775182,1.1347073359512532,0.34089563573256115
3,A,24.6,-0.34568099821398734,2.4574000507856706,0.0399566970557621,0.3357099035516661,1.699462251757926,0.06498175452929492,-0.7881974976693149,0.6480119424543046,0.6774889196677292,-0.18569252578933967
3,A,24.7,-0.7768543593873172,2.7641352430801414,0.11567246656154273,-0.12463403455265407,2.2461026359915084,-0.6116738558457342,0.033060007526269544,0.8493785344703172,0.3053164210001403,1.0520605973166228
3,A,24.8,-1.2233137756658312,3.416183772235043,0.001769542742217886,-0.741004957837963,2.728087205113709,-0.7617049127436364,0.5767994771509417,0.9136318851711127,0.6853281683463496,0.4373220243334564
3,A,24.9,-0.6470528882759382,2.6651088039041517,-0.02590788310132286,0.2976451807104089,1.8183886464419075,-0.16292276173200307,0.7331710394731296,0.6673622203200891,0.534615737545817,-0.025640748691191765
3,A,25.0,-0.6844132460997661,2.890722336805206,0.010776261301049516,0.16440706652624165,1.9078551226387996,0.7633537139743315,-0.5233227140195861,0.1320200407535025,1.2588964917404264,2.189504078803417
3,A,25.1,-0.98379698288011,3.149355011434165,-0.01990935861522461,0.5738980461140609,1.4034440037173845,0.759094067296572,0.2866382923137107,0.7688121036736986,1.0647825415226067,-0.17892598972164447
3,A,25.2,-0.8039200353052917,2.959390079977949,-0.022477001365385635,-0.04107603880623778,2.1916639671866767,0.059091041544871194,0.22809215741136252,0.21702829139504953,1.5224938759897424,0.5160636189045974
3,A,25.3,-1.7308662517124063,3.880670506039671,0.04436809439262909,0.06662597025973607,1.91655828852535,0.38362030817283926,-0.4027678259120868,0.23695592694033274,0.81346023573735,0.6605021226541699
3,A,25.4,-0.62623424312956,2.805563803214209,0.010941867899797234,0.8609551762931658,1.1583608975520843,0.30700381743200694,0.4243707946829027,1.373120010537276,0.4810852894710555,0.12211959655844497
3,A,25.5,-0.8070804492496237,2.9578845810150893,-0.04256711978164016,0.04153547738087812,2.1464871286967933,-1.247397636737799,0.498179220461878,0.7260674016162548,0.5914291773540442,1.3695662237375077
3,A,25.6,-1.3344705086479047,3.6101967439096208,-0.00843338796162539,0.5779776774689636,1.4927081908907,-0.5641285071264143,0.29442493396858777,0.9373845706226787,0.7219471018803335,-0.1152599983610577
3,A,25.7,-0.7674869926495412,2.894752625901257,-0.002354722247371093,0.32930119487079074,1.8689859072232984,-0.19944053618118018,0.21098476346815068,0.20008004299087118,1.3845124525112358,0.2291908599923122
3,A,25.8,-0.6736678044557327,2.675924148540152,-0.022172700508392262,0.30535787630028677,1.809257900661095,0.026287664461159252,-0.1504160061865599,-0.11038533725526534,0.8936134511804557,0.8815020463192309
3,A,25.9,-0.5777509211459868,2.7162617852696247,0.08970027554590537,0.1378931310259354,1.777827668664232,0.4413455179290806,0.022215634023327435,0.03424198530441436,1.2161038661745005,0.3840525552624891
3,A,26.0,-1.0382594606577906,3.187451045656846,0.05253529592168613,0.03371193057946226,2.086669285123484,-0.2641128508173178,0.14017129325615935,1.2179893551338559,-0.4227881577998943,-0.33636518360582895
3,A,26.1,-0.6216783762254734,2.689480300817869,-0.06422583825534144,-0.1358918981365443,2.1908377404672548,0.2947277262976076,-0.19885195110945625,1.3867196731203904,2.11211828027709,1.91156734682346
3,A,26.2,-0.7860080826578502,2.7746153402703064,0.0027143354579616218,-0.06668344570820789,2.241455417745883,-0.15387792131730885,0.8797456635109433,0.07329598632629902,1.9481407856774946,-0.05548702518212742
3,A,26.3,-0.8281241602766172,3.0820250162734966,0.004862567066759733,1.0985256586329855,0.8712200144231643,-0.4915189536837201,-0.08897341457197672,0.2515457456333839,0.384389786065072,-0.8610226515719521
3,A,26.4,-0.9446366415207309,3.3429896427616006,-0.02718149729736314,0.776619703154704,1.223598481548733,0.16928179314724842,0.5399893351488038,1.3381105124129151,0.8955852792207988,1.0462091675478176
3,A,26.5,-0.5764470664189099,2.5222237045236082,0.007799838682906151,0.10505423148726906,2.1275571608516852,0.2702229061289595,0.5375061605480551,0.5705748302743554,1.8231683317820868,0.17949464492825626
3,A,26.6,-1.1507522414403324,3.1954570533495503,-0.021951941559021013,0.666480589543712,1.297664026024274,0.1823869464041003,-0.19246967454312866,1.6497812442294428,1.1139034698063113,-0.30516269780783467
3,A,26.7,-0.9819027896391658,3.003892550036429,0.08986405377316686,0.8749218999558349,1.0899576588670263,-0.24151340779689054,0.10888985417794822,0.43449531025747323,-0.5010005229409803,0.1999213004359608
3,A,26.8,-0.7995838598977386,2.9417003159916577,-0.07988733494644286,0.8451577598651201,1.3000417880246338,0.35165541471005035,-0.9833015964769715,-0.14454151890407796,1.0903965893807785,1.456967326115512
3,A,26.9,-0.49143455424607535,2.4791881205677693,0.0070639074809065215,0.007948735060808065,2.1330727701781096,-0.13652398163012533,-0.20765276412682793,0.877424016305969,0.6915463384853997,0.5647510456433257
3,A,27.0,-0.22559545566515526,2.2681202859349647,-0.05714414957853408,-0.022905217420639223,2.1386632837074546,0.5318694741882587,-0.8845791837805208,0.8007474146398554,0.5973171435142568,0.8800880101289438
3,A,27.1,-0.6887120570556318,2.829440577355017,-0.01883551613348576,1.1891174120218284,0.8573454063412982,0.013425554881666874,-0.6802270690620593,0.8557241900676249,0.6372026131324665,1.1523446373847814
3,A,27.2,-1.318985100682201,3.309608435751739,-0.07170453049054414,0.2915873782569487,1.6273569442008111,0.4726362528670571,-0.8539458257727328,0.4078580364453757,1.0339221789804989,0.2780089684107799
3,A,27.3,-0.30345103804307527,2.482831843681528,0.06172025118961497,0.6373623331826542,1.3566056309579966,0.0649892745409148,-0.25478364500840783,0.7089424106180578,1.57825466522426,0.2707313601433265
3,A,27.4,-0.48898843821043225,2.7334546406591222,0.04821037132821465,1.366228476800028,0.7479169316500196,-0.4347820761497137,-0.6720582745674966,1.2848233800040871,1.1912978477788303,0.06504771837283346
3,A,27.5,-1.1662284194066124,3.2025347106851907,-0.07162729210668246,0.5346962622635301,1.3665204054357707,-0.4826176608142184,0.42820805503417547,0.9797782306973467,0.8466657084910006,0.5961179895901249
3,A,27.6,-0.008004485658880456,2.0494981879801704,0.042675358693629074,-0.0741207455871723,2.2120489826310537,-0.43206705549943775,-0.7357651921014704,0.7934949467603389,1.0544784292273865,-1.1598213773514143
3,A,27.7,-0.7461020853964402,2.9794429263713393,0.04359056411119246,0.37805694594390554,1.8683095069607198,-0.3904268315898046,-0.02673691923302065,0.07176341116900131,0.28501211336587473,-0.10547184570104463
3,A,27.8,-1.0050907130826994,3.047560786429848,-0.010506208767462428,0.941263817696564,1.1338962141710622,-0.08752123906856675,0.45170425482726867,0.48204570294970206,0.81997102776418,2.650278072055897
3,A,27.9,-1.0322507144101847,3.104420001037158,-0.04098201250124657,0.74089973317736,1.2874954526509295,0.024537583282120135,0.015000255178758632,-0.4268243589434253,0.4705016906256191,0.37088156761219526
3,A,28.0,-0.7780385359809581,2.826648091664249,-0.03409581165063254,0.6948238774412181,1.4902333631458116,1.2014161543370403,0.30249422761592376,0.7614509705892571,1.6588370417743439,-0.013144552726832171
3,A,28.1,-0.2926419344090666,2.6002728903486965,-0.07823945678823409,1.1006418660178803,1.0130378829974729,-0.49775911142499035,-0.6731970142382346,1.439924781969491,0.10487837924450705,0.9918031370929002
3,A,28.2,-0.5403663594116788,2.5257660684743377,0.07520763405583349,0.30375005687726114,2.001543130389401,-0.3143809353929532,0.6529143691789551,0.19993875502064948,1.4869126203424874,-1.7959894688237836
3,A,28.3,-0.27534624351817105,2.418266345663446,-0.03409731216619493,0.6492669571972001,1.323018489938017,-0.22514932575041313,0.07520665184127305,-0.4493720345196847,1.0473859857215697,0.5164905151164549
3,A,28.4,-0.6368974892535743,2.6771789323370703,0.020695118032259513,0.5936277973043108,1.479741856658969,-0.2457539803572363,-0.1711777502933417,-0.17220390945914382,0.738812580882853,0.4418273160583546
3,A,28.5,-1.0264662766255594,3.227032506708696,0.017107164642198233,1.1602617521537901,0.7651672282897759,0.3054304837439722,0.08739245908686101,0.2201155020064342,0.2797929287698273,-1.0792276357759656
3,A,28.6,-0.39107581847769224,2.512108856577634,0.03754098895197851,0.7848125719516857,1.3279248133656965,-0.4561243334817441,0.49421462751775297,0.84903641872337,0.7611040182314707,0.6241071688922764
3,A,28.7,-0.1881018039851987,2.158342060434555,0.023869474815766335,1.0088170961842515,1.1007757206423863,0.09499007757621543,-0.17820728078176656,0.3321456793619305,-0.8767015574372461,-1.8834831632773104
3,A,28.8,-0.758840086450697,2.7787945276971553,0.006057454812824071,1.473800373937232,0.4817959773615146,0.2004228315440208,0.20484487346746416,-0.6605850867662024,0.33912119564827975,0.40507140110699597
3,A,28.9,-1.0207045900311082,2.982246755077195,0.01763504399870837,0.43363731118849397,1.8213211376841385,-0.3728584282422388,0.5011952778559149,0.009010858631366692,0.2586054377835374,-1.1931288906875572
3,A,29.0,-1.1187536054255052,3.249309060951827,0.023710451825600526,1.245033623039582,0.8491787394800596,0.10722630617658935,0.7904932176049607,0.7319046696256426,1.0093445029927444,0.06199056854826487
3,A,29.1,-0.9053467068921522,3.029558430336281,-0.042309223726596276,1.2051318752036453,0.8173139253767754,-0.3391664075243319,0.20112495747643666,0.6158296778018011,0.19753465098631207,1.0998581301023906
3,A,29.2,-1.373256126478412,3.5102034043145975,-0.008842967404705637,0.6204692181698039,1.448462373091979,-0.0448321099360564,0.03762954852174009,-0.15907857566919503,0.8142099225573671,-2.1688240620331967
3,A,29.3,-0.35698669053344584,2.498385057272056,-0.03876221250662014,0.42605211600497234,1.7393220731320116,0.14402765259145892,-0.3466059450160412,0.36585915606739494,0.1605245855041909,-0.43059516750974774
3,A,29.4,-0.46343018260049296,2.5984362251269815,-0.0021741665071522693,1.0436014734258667,1.1000401628121244,0.7632264837347676,-0.5535195183700966,0.6796394191393617,-0.17951369171749162,-0.03936028359552524
3,A,29.5,-1.4597792014853403,3.3823849920427036,0.054435049840181965,1.4501687113351338,0.5292783477390999,-0.06687404624801599,-1.0552873374238967,0.032853063690234,-0.279658342731496,1.3752835451791565
3,A,29.6,-1.0285033215763442,3.1601892429201515,0.10772284691301359,1.0632457881820017,1.1006270911146196,-0.24742861116524761,0.49420050713690034,0.12621243874482027,-0.32723442589350454,-0.5714346471377313
3,A,29.7,-0.5484535570299073,2.4313708929609,0.03855203866901517,1.0552284954114304,1.0059586063998316,0.26452376894316665,-1.1057954483782955,0.5731693553529675,0.10095264166127074,-0.5550496598324032
3,A,29.8,-0.45987289877651394,2.453655116901405,-0.056866139895455706,0.5114970255146577,1.5013792756824325,-0.35379707887400624,0.6016317740159032,-0.39850922184941123,-0.40467039926745657,0.8793056560277456
3,A,29.9,-0.9896360381012697,2.9184787456465484,-0.03917312514408704,0.4519580458033149,1.6939204171177336,-0.2685426129849771,-0.3140725842264394,-0.8435102263960232,-0.9900469885945912,2.25933144474862
3,A,30.0,0.024744834973603802,1.849767281843095,-0.05800830973655605,1.1625280199270502,0.7697084755827448,0.3146516930351099,-0.11990683489811356,-0.36725860123363,-0.23932530082139036,0.48046980635515785
3,A,30.1,-0.8251931002913167,3.0312141040781055,-0.06760621828927553,1.291801133546543,0.8678415078732351,0.6553748592427275,0.6622199202892329,0.8010531318937504,0.577786079599661,1.327302200270753
3,A,30.2,-0.706008822083486,2.900108056197286,0.0011960006368556765,0.7829310748885172,1.2273540184390326,-0.2128288575195844,-0.8497586671616247,0.7151141778937621,-1.164368349819705,0.8073082852804352
3,A,30.3,-0.6634423892871391,2.8004514774194855,0.058421818590081956,0.7204388474271028,1.2746356803264178,0.34789906755869066,0.3827840820190946,1.432211110391726,-1.2757963025231134,-0.47763348125787924
3,A,30.4,-0.032891073913881574,1.9493923888310267,-0.025456664229636935,0.6805259429662975,1.3798195052744928,-0.32394721879942334,0.740172068068884,-0.4219796753587772,0.165187578605692,1.6439397911876927
3,A,30.5,-0.42855082804343836,2.5726798016155343,0.09624533632991189,1.214320554488834,0.9527078127153865,-0.6534695594258683,0.10306340970253915,0.4754891931082782,-0.1388858754391613,0.6694287932649076
3,A,30.6,-0.4444794671750572,2.487074973621487,-0.03173486352327664,0.9099939078967964,1.1482871138404422,0.44839277442705117,-0.6912021881008246,-0.38093489999188646,-0.18454620118160925,-1.0336206255989913
3,A,30.7,-0.5165742751057959,2.6204236324534382,-0.05759178672313353,0.003766054161685961,2.189712968955519,-0.8847083159825817,-0.8915898543558889,0.4612442102365653,-0.5059050739408947,0.03990487733952318
3,A,30.8,-0.031036712558545565,2.0541071750730464,-0.10164007953906491,0.8827489698954074,1.048225830453109,0.4727787032739798,-0.15567793296499496,0.31730499811318313,-0.26541464970629697,0.009756486960734018
3,A,30.9,-0.16544233846998674,2.248085673968975,-0.06471444009933859,1.1499337611043172,0.8959888624277039,0.12067245475841114,0.8474066057038651,-0.5140788739126331,-0.31372805961873945,-1.2168037860380425
3,A,31.0,-0.40285159603888915,2.470649699530909,0.03444964919012598,0.80210293316448,1.3298213410436628,-0.04752902832436406,0.2309261164021571,-0.22966030500687637,-0.6566362077021936,1.3867937373198982
3,A,31.1,-0.949242184623815,3.224535590132505,0.06469445660819334,0.36637474699055195,1.6435429149798808,0.7019955716713457,-0.09194250768534327,-0.06289581167706162,-1.5565784039199257,-1.5783255277632922
3,A,31.2,-0.44133206297555266,2.6587727167292923,0.06970381400544867,1.9297415798146589,0.0,-0.5844311227402209,-0.05030539469290705,-0.5714880839490715,-1.0055245186908262,0.4945961168312411
3,A,31.3,-0.8366430713215004,2.948921293392067,-0.030143367271675926,0.5625264982398148,1.4983075513946982,-0.29611433661604175,-0.07466966224958058,-0.4417422531070515,-1.3387101038439195,0.9957954312861385
3,A,31.4,-0.6084814545058459,2.7332088716919416,-0.0441549879294228,1.2322676849050744,0.7701523085116655,0.6257853555266588,0.23221146010572782,-0.010507368104081233,-0.541668931827465,-1.272418019886656
3,A,31.5,0.24588232641481755,1.6664261535940743,0.09493043682316549,1.1059873367233692,0.9840763481280315,-0.2568114056402033,0.33714210262769106,0.23070114446316864,-0.6269747632873894,-0.4327920566238913
3,A,31.6,0.31940454631388404,1.827470029736034,-0.10076402841016703,0.2267112443558148,1.8665811417867566,-0.05453209124544033,-0.015184498021327935,1.094930336906068,-1.7216789578629021,0.7337684778318668
3,A,31.7,-0.394063658350217,2.3837952758157392,0.06277610041607672,0.7533047168076934,1.3355484890088392,0.2560274361519034,-0.8756623466077531,-0.543856955942645,-0.8126014846467579,-1.6715389043042044
3,A,31.8,0.4495618231359841,1.7400590239779303,-0.02066222169096083,1.1205005521811326,0.8684057615375567,0.5112956492892393,0.8743667212753603,0.3221704513374979,-0.5906909861576319,-0.7524469565980989
3,A,31.9,-0.3236044144858571,2.512019476252608,0.004010378871161002,0.7638601803625532,1.3553654086933125,0.15027762354737134,0.13065509929268232,0.12252318603222336,-1.525876543464564,-1.0336934823579937
3,A,32.0,-0.4474427822595348,2.4990981304696485,0.08542764712965528,1.3594694226486341,0.8432001565372464,-0.5185201602787041,-0.07137061147153657,0.24039726798260805,-0.1684032959505931,-0.09233627700476062
3,A,32.1,-0.15964246872133386,2.1680649795794547,-0.020181543187776464,0.9028377684047915,1.209543259590552,-0.2318615915643864,0.21447332480264314,0.526045175257699,-1.590407701248059,-0.8979669217612102
3,A,32.2,-0.32356941369497566,2.5269744501756635,0.03467419246409364,0.3369731433890344,1.942349931365141,-0.9966232325594262,0.02772307230930934,-0.26807408663135235,-1.4342710937928325,-0.0003840094630703515
3,A,32.3,0.012105354910877997,2.1179880935994957,0.06115990892146152,0.6363891761137099,1.4784197765293365,-0.23218231460962618,0.05449183361798284,-0.642619192250951,-0.8260820259827929,-0.8725204987288433
3,A,32.4,-0.6646943104495369,2.7417884389799925,-0.13704296198728036,0.6234349068058745,1.360355558742909,-0.37078151708857404,-0.039419950873603934,-0.008065110832278621,-0.33083569703796967,1.143831399366625
3,A,32.5,0.38018510187820503,1.6838683560676757,0.01602781715977436,1.0651988029869328,1.0128950925647155,-0.10905952471065063,-0.22590019891783725,-0.15963033803266996,-0.578797181045748,-0.24415500556089387
3,A,32.6,-0.040837252806040114,2.010567384725358,0.061328881328358356,0.6157670743871244,1.391910670319961,-0.7714332017677276,0.16283428183341844,0.6764578656721809,-0.8085163372468666,0.007477361744278231
3,A,32.7,-0.5364637470668461,2.5481133725467533,-0.052571360216212996,0.6009460342353263,1.5648772910770095,-0.011072575777935224,-1.8954276830741876,-0.22686880657489006,-1.291623185890991,0.7554025468611958
3,A,32.8,0.23213407722750107,1.8656597867036675,0.0008208348574045573,0.9761348364944399,1.17827417009897,0.2496087918478414,0.3159638015914889,0.909060108595936,-1.4964875960948496,0.26946070200418853
3,A,32.9,-0.08913742639130405,2.2638411472822972,0.04113148156890606,0.19201528390820055,1.800413868585198,0.8745092847823239,0.45900659679618006,-0.2670081214733412,-1.1087368208853177,0.237830986656815
3,A,33.0,-0.006046481668649406,2.02990570954527,0.055942764134456015,0.8915629967983938,1.1784586957560854,-0.31451897212132574,1.2428971185549464,-1.5881143728844125,-1.8053027885885027,-0.42161938398096926
3,A,33.1,0.22394916665587689,1.9683335725112174,0.04123778841437902,1.009103731491686,1.043531718039768,0.7689708389114653,-0.2728186240698241,-0.12821193414858667,-0.19589811532623946,1.8314452711205411
3,A,33.2,0.27527092227221595,1.804638525332378,-0.0008309863241967275,0.8004720747220812,1.1263227502996087,0.15137526121246359,-0.47406487911911543,-0.04103779387504288,-0.24581134499267188,-1.1326434392170617
3,A,33.3,0.19446909800700846,1.9541618300141517,0.06081780469116552,0.02177618098044709,2.1150426333628447,0.547927760281812,0.2876160608511844,-1.9964008658944041,-0.4163474771660344,0.9753918777777835
3,A,33.4,-0.04216522452195393,2.1042255135308308,-0.08416752983114371,1.0954411250536973,1.097923803000679,-0.09185975710260569,-0.12324792039697854,-0.5457386969386526,-1.7287508363935733,-0.3784723652012425
3,A,33.5,0.1989047287439742,2.0203663757313786,-0.09480742285145084,0.9094399798000397,1.083864341973482,-0.2959882283958413,-0.21120046797771322,-0.24751725178900585,0.1274678935484953,-0.8774921563735089
3,A,33.6,-0.04316534341846552,2.1689226268589485,0.026935758294197622,0.9952031302859392,1.038475679215741,-0.7303711477856718,0.5123049068203996,-0.09546701015115988,-1.2822201835122065,-2.162434627187648
3,A,33.7,0.28467206054585203,1.7415368888961738,0.08674220476276341,1.195415218877559,0.9066950752309759,-0.3617049213537985,0.7659228078060184,-0.8795100782699798,0.3938898553340976,-1.3737972375930725
3,A,33.8,-0.1544236073182983,2.3436215929141335,-0.02164167881664568,1.0769965605565162,1.0340500710030363,-0.2536597840264981,0.6543429134483716,0.7444336472094865,-0.8153916094147684,1.413674711851064
3,A,33.9,0.3419171570780573,1.6835058803921725,-0.03785683862903486,0.02932731949330547,1.8544524311084767,-0.1031910105705649,0.5631654053205101,-0.038159020962221485,-0.10111928037732087,0.9142874991122413
3,A,34.0,-0.036119021006963875,2.0986299884936312,0.02967421775169008,0.8056439586112832,1.0607855607092884,-1.3795936939710078,-0.003181873674420891,0.27385587979886405,-0.5524259993439433,0.6779557516543507
3,A,34.1,-0.10425962057128091,2.1431220789296757,-0.018284825547561265,0.4790571119847784,1.45656785267795,-0.41002473099563724,-0.10301333522659509,0.3358683523111216,-0.7008757472958216,0.185290286360944
3,A,34.2,0.4806878165167019,1.5243145657502735,0.006519394090633502,0.8104372464173394,1.2705869078850176,-0.2869984377692475,-0.409141090944839,0.6807018301626901,0.17421577840695113,1.3400878173263011
3,A,34.3,0.15422175534666938,1.7145414468646551,0.06497599156724579,0.22187622542542157,1.8665992294126517,-0.020388540730612834,0.6098972574269662,1.1420829434542434,-0.37106748563109326,0.6203628174526292
3,A,34.4,0.6553607816898459,1.4553518611844778,0.012605626769123142,0.11674726403722624,1.9230812356998592,0.23564854888272235,-0.04029315536892043,1.4994366993430983,-0.9740974832147207,0.09252589506557826
3,A,34.5,-0.005609323885922918,2.0631593287651553,0.03958140467740415,-0.22096644634713647,2.0795883537930147,-0.22859817901487767,-0.7612977962516798,-0.5983733791507444,-0.4757289413474419,-0.14268257512300792
3,A,34.6,0.33432705936721446,1.6877375562969157,-0.04703647800186514,0.22606659452229427,1.8366665022847326,-0.4299381127205653,-0.8940904675829826,-0.10110290373934604,-0.39946293102563357,-0.5697358865247951
3,A,34.7,-0.19307712292795176,2.2197094402458903,0.0032017748914210647,0.7434855591678197,1.3585414527160538,0.12917635397375032,0.6468656207231536,0.49730806170965874,0.32179766563339796,1.1810332640217627
3,A,34.8,0.37627752583658175,1.8093244065301213,-0.017842116520811715,1.2012500608264705,0.6876368849252279,0.20132534906411442,0.10300929573429309,-1.2352619098908786,-0.5137890584843349,0.10220394151959374
3,A,34.9,0.9105038701927493,1.0704856495768358,0.019935377896880258,1.2359657649456754,0.7712243357198214,0.42474479116579567,0.48535146861461204,-0.6552816090348604,0.1995767687212961,0.16821020590940733
3,A,35.0,-0.06743473406359574,2.1637898920127054,-0.003524880476849644,0.7197912978358691,1.2575291875372816,0.022353067190206726,-0.3264986251858811,0.5814995011319788,-0.4456599987452696,-0.2931923038293232
3,A,35.1,-0.006980356874448701,1.9448756344092013,0.019765003640692766,0.46437216653162433,1.551506359487945,-0.0883238910017989,-0.17111327731923603,-0.4216391985325568,-0.6444277269012376,0.43007485480321334
3,A,35.2,0.24133975334083618,1.6523309538097932,-0.002179912504153709,0.5577928228769157,1.4691533019661631,0.13435576233907326,0.09256913553055693,-1.2805182236978427,-0.1776624734878767,0.26473733785802656
3,A,35.3,0.30313266877001355,1.7630693093192837,-0.027945364970672,0.20117188931481134,1.804499025493255,-0.3670374360361927,-0.028903965857029004,-0.4994806676244131,-0.538127766880249,-1.1190081070963982
3,A,35.4,0.17295351498914166,2.012675058212417,-0.06914532635130265,0.6278587818907448,1.490529709222712,0.25029590905639537,0.6757668689813084,0.08598279187390473,0.8089650575020393,1.6489942885950954
3,A,35.5,0.4236341691939827,1.7103516309142317,0.07417449005071948,0.2627799550205435,1.8034245250041965,-0.37899031473870864,-0.16472225788880798,-0.7401475105451498,0.13387708812798238,-1.3295327158804142
3,A,35.6,0.6017488838448415,1.4262923124510345,-0.05392706632079524,0.13469420206842453,1.7790590525808856,-0.2985170815810659,0.5584660112041001,0.26370817787754297,-0.20265389129717373,-0.38150197737253516
3,A,35.7,-0.3905761363690453,2.373373963072487,-0.03480677730008642,0.33376336384449246,1.6309909864510028,1.3273861895780623,0.024404872741929467,-0.5435681622403393,0.706975850158039,0.5232846781747388
3,A,35.8,-0.22637466652082489,2.147119845742525,-0.0967954737724464,-0.4816306457346776,2.55861192924797,0.3523972041475413,-0.1341481566496243,-0.7590117857005365,0.7051870857887238,0.7608787385653684
3,A,35.9,0.3882151977004534,1.7060314915790724,0.006016027278032009,0.6400102992343024,1.6178543661012896,1.123550244458639,0.4678943461351666,-0.24453530603025098,-0.4391348048205795,0.7204830108056172
3,A,36.0,0.8556639918865507,1.338717098861902,-0.07609758571552883,-0.18101264865393246,2.3945377422344203,-1.0364438567458796,-0.31029520319818016,0.025949147370184472,0.7131963581050028,-1.4442802720399661
3,A,36.1,0.46928795382144256,1.686830109534197,-0.014453380820940593,0.07993295091769984,2.064201412725897,0.08519493694245377,-0.12661208121688847,0.6954643308801964,1.5713897943799884,-1.0339846903679766
3,A,36.2,0.026525464374640817,1.8681978865829458,0.037029329113228565,0.6991579804917581,1.3119526079512385,0.4162922890975196,0.04226549145658037,0.39800910819478297,0.7506704987012931,0.9461002609605703
3,A,36.3,0.4881586783352445,1.5756671769719337,-0.0073977817069598596,0.44240578335549463,1.5344408929027957,0.7491118746347397,-0.8568383284821486,-0.21424493204595932,0.865739505228324,1.7857421492832743
3,A,36.4,0.6210408817906327,1.3834653681748534,0.05987833959711645,-0.4740021189944976,2.50754331430678,-0.5614543826488559,0.4841483255594544,-0.8700988173926957,0.8889756962869682,0.3962438221836811
3,A,36.5,0.1446456001797793,2.0142629372599794,0.013123307920882213,0.36313649923696406,1.791325089801735,-0.12823781213860952,-0.638234825167755,-0.922993423191693,-0.03659316842824556,-0.1336551379288035
3,A,36.6,0.20717404461617822,2.007389297607592,-0.020267199904255986,-0.26981364350826986,2.241283866949151,-0.49702116086174264,0.8525753107947058,-0.8725553672863449,0.8654285646865353,-0.651639376097034
3,A,36.7,0.601545825058653,1.4561541923499042,-0.051616595176101676,-0.24293022169887168,2.367099113310417,-0.19582203489990274,-0.11552048511397169,-1.055629742012551,-0.45604450652639106,-0.11011572566281919
3,A,36.8,0.7766193875221702,1.128656326214479,0.015715979397881902,-0.19498937292867358,2.146189283379947,0.3493593464283571,0.2360546969884115,-0.8740322253872372,-0.5622335755583852,-0.5923807579086453
3,A,36.9,0.7710666279000831,1.3814419865745164,-0.02507049407596745,-0.3801506111535527,2.4228235892999637,-0.6030876374276123,0.08846998033839992,-0.6313629082499466,1.1041123001333364,0.8937757314779309
3,A,37.0,0.657116336046069,1.4497111293865101,0.05078492549276246,-0.45451572234646676,2.389561185025007,-0.42381137038730887,-0.2283579555101465,-0.11884433742792602,0.3490851184795473,-1.0943591038270388
3,A,37.1,0.20999138553798807,1.7145177747522853,-0.012924786302521996,-0.06520743200400889,2.131264082984202,-1.034319348819876,0.5706066692392006,0.2384303231090233,0.5243071045463001,-0.27417556618909444
3,A,37.2,0.5147489990488564,1.380363064458193,-0.004531029208077808,-0.3672206504030553,2.642928287793273,0.21290695123587333,-0.5906632904973148,0.37775189608215487,0.9866641232659998,-0.8671000439188508
3,A,37.3,0.7561178983543371,1.3999790814828224,0.06484023054429386,-0.4469922161191134,2.3843760568280663,0.0402911083350544,-0.09754282962274174,-1.6575335005726246,0.20534909925177536,-0.7138691814485025
3,A,37.4,1.0768808233945755,0.948860826159238,0.0021485366583947505,0.15046934753991462,2.0599323874470516,0.6393699168825837,0.4946400090431575,0.20075615807422065,1.043531721580477,-0.21680763463710107
3,A,37.5,0.04065159108938654,2.0242274863662075,0.028872760793262144,-0.5869974815359682,2.5865521517306753,-0.39115138016936907,-0.7561043721863502,-0.20233471874835846,1.1913371181668984,0.40807977946457774
3,A,37.6,0.6162535004917148,1.5363234208536203,-0.007722332417964835,0.27153911983206314,1.7428857084183234,0.006976529865843081,-0.549558223997624,-1.2673009170330256,1.7018337995854416,-0.40452269964993165
3,A,37.7,0.9531933401670181,1.0043556048795674,-0.03424757414590964,-0.35557358504110725,2.3450652026929637,0.4956337396750296,0.32707570197630215,0.2369735247489817,1.3748579899104945,0.32236520262182333
3,A,37.8,1.3519392339324954,0.7191229153263379,-0.05829139579985174,-0.27204003297172863,2.2412296940897853,-0.48565140225690007,0.18186564924577933,-0.66001038708448,2.126584363197737,-0.3804664953807764
3,A,37.9,0.9287988367922277,1.0121417043425331,0.04997668407156026,0.22390235582075474,1.8426951793937938,-0.5439779612896325,0.5877971223170619,0.23901872875267982,0.7989245097610472,0.7831998220782069
3,A,38.0,0.742213658690082,1.3922827456409226,-0.09573301022339196,-0.4216334032145294,2.59169637920965,-0.461684387404211,0.6101973634136776,0.09536196118617013,1.403913104812631,0.3352601881444244
3,A,38.1,1.354892344485103,0.5376317671467046,-0.039975609847124706,-0.3298444838258304,2.3120494642563276,-0.3587195706633353,-0.4731839024431626,-2.365692799884304,0.04583333347372853,1.909465735634799
3,A,38.2,0.6992644240676249,1.3733578492354026,0.025857150843219264,-0.2671377950787432,2.3410847342270085,-0.8933640385814472,0.9212691932514602,0.309110574715149,0.7083130555813816,-0.7455060124728392
3,A,38.3,0.7927652354298359,1.3754157354236178,-0.11475411064062564,-0.9495463498149455,2.884038813952233,0.4381559471785133,-0.3754033337017874,-0.12726878657180196,0.323868187062597,0.79801156043331
3,A,38.4,1.2059267266045937,0.9295680142251808,0.01596025178268057,-0.5031320019503379,2.426077073293185,0.36089461724324073,-0.5186323041875054,-0.1039893417979979,1.1324683826775983,-0.9651051060824378
3,A,38.5,0.8161077360979114,1.2960736921588076,0.09481395885209062,-0.24650385717167764,2.147524931481776,0.2736088623218136,0.2869846684234802,-0.7340116398291019,0.8253758748868114,-0.491442389408814
3,A,38.6,1.0516953626901016,1.107525692010816,0.0024577279067689514,-1.0473875101131211,3.069627820697227,0.14454356172351102,-0.12492399807841839,-0.04178701688895925,0.404099857813096,0.5807315001110822
3,A,38.7,0.9743905749582381,1.021272473448357,0.006698858082536588,-0.18747874566590195,2.1302771168001513,-0.2726938302410984,-0.10032718086392581,-0.10399916994500147,1.1785895053406872,-0.31699643490297347
3,A,38.8,0.9395370157824439,1.1158328161573408,-0.01310440851314593,-0.3146517443227177,2.449929232704158,-0.19599911747721724,0.4332458122372785,0.23204426099685332,0.44223528410809443,-0.6464140136684322
3,A,38.9,0.5048921417789071,1.5939334635289497,0.07374966342884044,-0.21727610966701838,2.198189598893184,-0.14883044065207304,-0.06856756564724756,-0.8223186773679974,1.0643226138909851,-1.937946388160678
3,A,39.0,0.6722331285709215,1.4279688872183298,0.02818102864923009,-0.6215791067369485,2.8093305314366135,-0.4340554110380545,-1.288649235687218,-1.1388695991126623,0.17459239195901521,0.8705464958066044
3,A,39.1,1.2451695069912994,0.8634474421121943,0.016761454678209525,-0.3437565771571428,2.446553173494507,0.23812876647916248,-0.6741981954349534,0.09682280885963501,0.6887072981662968,0.6174701539946807
3,A,39.2,0.7952040686736604,1.262555293954621,-0.04309264356365327,-1.3083458633121934,3.454018656306464,0.3714500386609269,-0.4804581940326648,-1.1808307315042623,0.6800393371349961,-1.7632063901451396
3,A,39.3,0.9047491463588048,1.2299653440125113,0.02448041895674811,-0.8584759320270092,2.9687325750294855,-0.2255849401439943,0.33516303332124103,0.25576191252979774,0.9858656401032582,0.5365995776886697
3,A,39.4,1.5773667388749204,0.4983900268782926,-0.03679068359905217,-0.8495024663283783,3.0493662830567168,-0.15809765484042773,-0.2189594298752626,-0.47055583106877036,1.7727138642817553,1.3981271487730569
3,A,39.5,0.2666469166396517,2.0454342380114294,-0.0025593463642276347,-0.6442939338194024,2.621077093982659,0.2345861856815882,0.3810257292724929,-0.7132186843324214,0.8267399118357632,-0.026635958607614307
3,A,39.6,0.5471974687034924,1.4077256467063997,0.035041991345868204,-1.0611972577378068,3.128839638317973,0.39536536901503055,-0.543176801751244,-0.6350064422551905,0.32467667835015374,0.6510252320336106
3,A,39.7,1.2205640802116122,1.0028361102412107,-0.029053941719569022,-0.6683396875026083,2.4413351083513017,-0.10400923026668123,-0.027162343509150425,0.22232550784521155,0.20239532931667303,1.840898862824869
3,A,39.8,0.5033181441184857,1.7578874201283332,0.036352187865212805,-1.1422153934313908,3.2643265477621086,-0.2498635352703638,0.2329451206477731,-1.1055323347816794,0.6361633004353846,0.9534037495746165
3,A,39.9,1.5629603507341532,0.528958424515471,0.0006079070649477071,-0.7111506149257315,2.746636360324212,0.11590916842394962,-0.21100845171173682,-0.2353238122198737,0.37450984732328274,-1.5458160094116484
3,A,40.0,1.3300533482827495,0.6970352987953756,-0.025240060785457437,-0.7528580886656828,2.9756586928065896,-0.6644467301699538,-0.27974977982047894,-0.20661638606968513,1.4147180623961175,-0.04140895051059177
3,A,40.1,1.220434858068073,0.8833569436294422,0.0019700760232167886,-0.38633778358129417,2.7121604318473342,-0.27879952027375243,0.08999271106760831,-1.4700889879906067,0.972998017126218,-0.07806481257425082
3,A,40.2,0.8119042621171534,1.2231805458739398,0.0021130676433768255,-0.4143274430227504,2.51104336625353,-0.9597700336010137,-0.05938117749074781,-0.40373519672016434,-0.18963454810231534,-1.3965937797612205
3,A,40.3,0.3159139819186999,1.6407798208543485,-0.00864580099917932,-0.7577724322908149,2.8197899047539536,-0.08383025903367268,-0.4375247837281473,0.38773468301389324,0.9002712233825818,1.7321087566544546
3,A,40.4,0.7592050809546428,1.3121741344060718,-0.035392387439505645,-0.10941716236892096,2.2702259946938823,-0.5033542469496625,-0.114556274436083,-1.013262169023009,0.10407836597993442,-0.05884004837842559
3,A,40.5,0.713155505390811,1.3991444481095265,0.027334117623658383,-1.0873852260860788,2.9648597085270834,0.5921284098012742,-0.09588975531223289,-0.9513881276542238,1.1618226839455057,0.2839245925975946
3,A,40.6,1.4869180192249614,0.5908302593167603,0.11368470553164828,-0.8490637503643895,2.984721547311934,-0.46079173463967776,0.5985652565975547,-0.9154505380388835,0.38091568625929584,-0.2766805235045435
3,A,40.7,1.5061966225749734,0.46815305610248137,0.03057000055783192,-0.7097570000273407,2.6454064605128726,-0.03571681530459461,-0.4347317028768416,-0.6830181992535223,-0.028169565611184916,-0.8309811773917932
3,A,40.8,0.9182526739369309,1.0862437529058817,-0.051782506137602616,-0.7349611133340882,2.754053428537043,-1.6392974773735538,-0.943121623430727,-0.19860190602496713,0.7533075236306863,-2.2086960473295405
3,A,40.9,1.1207765627153152,0.9286902184898256,-0.024326388077137266,-0.6863787784144106,2.857134460179293,-0.8392411823919276,0.19365585944367966,-0.5589667457803231,-0.29124443270596856,-0.48884839222183857
3,A,41.0,0.884906105131088,1.200273704536937,0.09420790542673776,-0.7351704270146177,2.696804467357164,-0.550712998061192,-1.5403662366381001,-0.5218176428428141,0.24353729622658862,0.2942830050587986
3,A,41.1,0.7124334988343252,1.4007859753495135,0.0007065307350023128,-0.6539371120603377,2.7813442437224034,0.2495316872306257,-0.31218452702700034,-0.34005750135089785,1.2565917177866446,0.16558017902825617
3,A,41.2,0.7689368165446323,1.3850437124577373,0.0511131966958315,-0.7910211484015623,2.974737340252954,-0.06859398030186302,-0.08222814852865816,-0.16092815994876686,-0.08045173638230678,-0.7166794850584836
3,A,41.3,0.8793687902884313,1.1002400548752937,-0.041783092228176735,-0.85883969497083,2.7975256546388243,0.5258726742910491,-0.1844222741316748,-0.026159663797437838,-1.3006425964211032,-1.3308942415960532
3,A,41.4,1.883981928160154,0.17869027660411985,-0.06898819252824752,-1.0081203551396842,3.3126640201910904,-0.07981939204612706,0.8895334061118287,-0.6775318106501858,-0.49876912220142294,0.6508319426972368
3,A,41.5,0.29100195652344485,2.001074240253489,-0.08773398241052961,-0.5653294994556662,2.6106783439377077,-0.46707094275207145,0.24317312616452672,-0.9895225672673182,-1.8082867019806692,1.1010133071373365
3,A,41.6,0.1696632444309798,1.8991941754488497,0.0692816426367238,-1.0301961232870451,3.273113471321079,0.22427335037432206,0.3125005136470296,0.2571266087514984,0.790274340724082,-0.6586901797946194
3,A,41.7,0.5818451133465008,1.5030671321503473,0.07833795552682402,-0.8747008560442265,3.0473812306820123,-0.029188446431702108,0.47765937505097067,0.07365822336306149,0.3454275922735981,-0.19004544406142568
3,A,41.8,1.2261010917243675,0.7503225280613728,-0.023844677465336736,-1.0037329764136254,2.996558741887404,0.11061332206191253,0.18683066279711816,0.4520210763123319,0.26474690827476083,1.4574452224435783
3,A,41.9,0.8230569418899335,1.2191185941708524,-0.026328825035096422,-1.0558843397526194,3.0495289092895828,-0.26143969928785543,-0.867489226501331,-0.7429947114272366,0.24655049356324377,-0.905508993509758
3,A,42.0,0.14576154650133977,1.9864495847652444,0.017158049872260432,-0.7170432233125952,2.7880809416594787,-0.6733438342853239,0.37164555429248614,0.2935262816790165,-0.8028597101652599,1.2966142434770702
3,A,42.1,1.1696866417524185,0.8551091889309774,-0.038604193248705045,-1.6027122424738929,3.62397949135077,0.19893464347283493,0.09228060177170297,-0.5628113795241301,-0.2536007825436858,0.557945229478266
3,A,42.2,1.2952453834776627,0.72916087547978,-0.03213953995193022,-1.0266246842457922,3.148221346692433,-0.2341110367917422,-0.0777518822393651,0.2722146649537164,-1.2492012325416586,-0.13467030268434763
3,A,42.3,1.1911305260818192,0.9035834639797169,0.12758182936416965,-1.2038808183823546,3.3799278542723323,-0.015416871549909705,0.7363373960947904,-1.146994592651087,-0.26363011875181874,0.14742793732883575
3,A,42.4,1.0046336127971986,0.9328031802929262,-0.06995516622174085,-1.2892185939326946,3.194886068075485,0.32923650092554935,0.015181375800842055,-0.2486190282949295,-0.5980701598194765,-0.48190692229493065
3,A,42.5,0.6946517275973931,1.4085277460288705,0.018392432163827552,-0.989979818493772,3.0076100766528144,0.03755016594107618,0.28124809344942636,-0.6007563543796572,-1.0570794701768265,0.366267307835292
3,A,42.6,1.10497470055892,1.0308510548315346,0.01795436689547252,-1.2898042295848149,3.20104186141057,0.3531934541274036,0.8820983138678661,-1.2272077252282876,0.04734777594847672,-1.661089277057365
3,A,42.7,0.9104660005493339,1.0806402590508803,0.017302090906041317,-0.9849479487790942,2.919479370239734,0.23189108036996853,0.3178397783365628,-2.1927170867029218,-0.6718666172824262,0.9497480689434751
3,A,42.8,1.3579426293836776,0.9113194464986107,-0.04846990701929367,-1.5396525839877384,3.382331950972076,-0.2391804950778593,0.5185392921421403,-0.8987975002033151,-1.4503976853003477,0.27740156164183216
3,A,42.9,1.1606567271227144,0.8398876574834571,0.012044864121480429,-1.320484653231942,3.387238341159513,0.0057425364957390205,0.5128653356983256,-1.4849095445765625,0.9056100036998025,-2.562985999699018
3,A,43.0,1.2109769963232089,0.7810541000598383,0.019466403128480858,-0.7159517417593819,2.799953274253525,0.2655685079437039,-0.2678109638981756,-0.6545615927365294,-1.4372518144039195,0.1726602846700666
3,A,43.1,1.225553056353371,0.7904802208506689,-0.06735683305502287,-1.113698247999453,3.169126959782128,0.18026559653889568,0.01583345285452318,-0.41548162070126643,-2.5196029685530092,-0.3263673157097981
3,A,43.2,0.758195550019022,1.2939098169919143,0.03328005740325398,-0.9294286982001397,2.9272836770004105,0.6354989479674014,0.07318302492762233,0.5373351640295001,-0.9966988995550614,0.036555960493958185
3,A,43.3,0.34769449978302036,1.7350422790504596,0.06707449345640742,-1.4252486502112944,3.5142549643787313,-0.7403202768263638,-0.5098165340359345,-1.4804226266817775,-0.8859318482771706,0.8809033120149747
3,A,43.4,0.72731748712832,1.2950081720646955,-0.007252937455958421,-1.3959952068905221,3.5537504555496904,-0.3324569355479145,0.14728669670942182,-1.384661234334878,-0.7985695966404697,0.369527309807215
3,A,43.5,1.0273375749922589,1.148145587904938,-0.08313506501180817,-1.092729814115675,2.968544881399157,0.3797557963598397,0.22557633744398056,-0.5462241488726748,-1.497773802247627,0.15076319015117745
3,A,43.6,1.0257913222059465,1.033741626810841,-0.03638429209360554,-0.70866389345941,2.761358197703019,1.1167936371489569,-0.39870759356810004,-1.062634900222035,-1.1470269233999402,0.8258940070883022
3,A,43.7,0.6441440892426107,1.5065482703992195,-0.06913659670027353,-1.7059341792285285,3.8909285514809673,-0.39336833747267247,-1.024715201744701,-0.39785760961953104,-0.22607370022577644,0.3552818144267573
3,A,43.8,1.2033602527866112,0.8670767329662856,-0.0038236567999187622,-0.8300564972752009,2.898205435851481,0.2969464317535431,-1.4154658733858116,-0.7763800151058609,-1.400185939259893,-1.9004440539153287
3,A,43.9,1.2894725355513412,0.8186182837226286,-0.06361020575410399,-1.4082989381709285,3.673087582786855,-0.014542028536664264,0.04902545959401976,-0.6246367540552623,-0.23523935020980835,-1.2602867983009276
3,A,44.0,1.1741332990457656,1.0965325634281236,0.024574527730950764,-1.2225764805891317,3.127567653397456,-0.40264099671194875,0.0376736447148751,-0.2662013764270038,-0.5075914792949985,-0.6062533946283614
3,A,44.1,0.7998783268037217,1.276095376558603,-0.016451979479678105,-0.8789264596921333,2.792291663676512,0.5702550358119287,-0.3737043294317303,-1.4770867473499274,-0.5456442852663004,-0.9629095080990947
3,A,44.2,1.0162648518275068,1.0588009917580736,0.02229835375877193,-1.1659603547027166,3.3841680914970453,0.14360462773554122,-0.040307447294994525,-0.052540077809062335,-2.2210248637981937,0.20320338671759391
3,A,44.3,1.4933777818724123,0.5855658037643421,-0.10154936602687537,-0.6854160844839311,2.844551555326643,0.3980601814932135,-0.2696801022645232,0.32632991413932577,-0.6812403067052959,-0.24061187631312414
3,A,44.4,0.11795267610616855,1.926782543702658,0.017532712725092922,-0.45135985663580547,2.426984445694994,-1.3725908264194624,0.529583826607161,0.23361987862593658,-1.8686295602479652,-1.6796475328778
3,A,44.5,0.08669152084613763,2.077518098012581,-0.0009189592083194653,-1.048566407561579,3.0986550673279085,0.21846537067007737,-0.3798568496342381,0.23455671686761403,-0.10951601408533862,1.542267885126956
3,A,44.6,0.9373387678078727,1.2457705846470233,0.0700852681743223,-1.0281728621181847,3.030428127710696,-0.19281298803428915,-1.06211274695358,-1.1648864265054946,-0.6449820972061608,0.64374445298358
3,A,44.7,1.0684172254508444,0.9928054850324703,0.05848585120643777,-1.5674985139738444,3.6234673190678883,0.713139445409197,1.2975469678001095,-0.6397197115891253,0.2405627354274027,-0.31672993405533023
3,A,44.8,1.1915786300159472,0.795970487945663,0.06383343637927405,-0.8562024358346662,3.005838653326542,-0.05229524043048406,-0.27495131024678604,-0.5181439760707418,-1.2869828766414346,-0.8063996145639477
3,A,44.9,0.5123005071618845,1.5463110899876717,0.03825942046348874,-0.7052596451343855,2.8123590640183274,-0.8287252064395413,-0.3180663125373437,-0.6797810920613385,-1.5948428728612445,-0.5839677370168244
3,A,45.0,0.5975383889092256,1.4446410014530633,-0.0003051591589963958,-1.0632536010985225,2.9674135058353768,0.1665377595638096,0.2547770814041667,-0.5071316207461736,-0.9071004850991412,-0.6272185411344745
3,A,45.1,1.2583022591938247,0.7779848739361439,0.07469878230913328,-0.6753961225682861,2.7187371225966395,-1.3134868182643116,-0.13509605598119642,-1.3868860225680915,-0.5887379183813048,0.041568651053195654
3,A,45.2,0.743804464400562,1.3114349856803194,-0.04033186778895582,-0.3732256960741306,2.3686800868579145,0.4338127539840275,0.3923262994059617,0.19217751981573816,-1.325761507124756,-1.8829447337867535
3,A,45.3,0.5677155783314317,1.4540254368491135,-0.13065423688265906,-1.07518094317047,3.157268519630697,-0.1368721399220271,-1.0866207518444255,-0.9365606726044016,-0.554227492106232,0.04324721131689923
3,A,45.4,0.9908469881338686,1.1176858632135425,-0.06164762164666563,-0.9270270381347834,3.148859735504441,0.8418234175363207,0.662268664598479,-0.49954223828315697,-1.7227382945246463,-0.633010239340944
3,A,45.5,0.44882724607016544,1.6264950382135688,-0.05494058222343656,-0.9610081504703498,3.052526793114457,0.4503500900150832,0.4355529870887996,0.44537844465774123,-1.0927707464755816,-0.35766249179723286
3,A,45.6,0.44144214381076347,1.700257890947344,0.08594732356581847,-0.6050064386439281,2.4877129628438133,-0.31950985620124817,0.03895894063584886,-0.5560749879605915,-0.877274413184777,-0.20617063117461884
3,A,45.7,0.02754563880021499,2.1265267931754104,0.03965221231717972,-0.6900716956234461,2.702249395482083,0.45309845723084113,0.24759082871405014,-1.1481355344040374,-0.8243835752845003,0.4173204255107974
3,A,45.8,0.7419080267864535,1.31611007774872,0.07566115275985584,-1.4501086606916764,3.5828200081803345,0.28206462262795406,-0.8755231547930287,-1.4835316006638555,-0.707374973884739,-1.2180135623290949
3,A,45.9,0.28764848683447874,1.7756221409275201,-0.07906682172908541,-0.6071735601524266,2.6141642846286692,0.605925144685085,-0.016930285144569783,-0.09049485433219961,-0.8508784765948022,-1.1194679110630148
3,A,46.0,0.43645557172070276,1.8091193497934113,0.018788983247209234,-0.806501607587582,2.829143367359574,0.3039141630327784,-0.5040518786391827,-0.8911477591476296,1.0257098128522788,-0.3346773552000373
3,A,46.1,0.8786462015532395,1.3006295228019586,0.041094952597986796,-1.0347221592437335,3.0832348692477023,0.038030855860622916,0.6175523873395486,-1.3535316815806806,0.17345970759671236,1.2632518476063028
3,A,46.2,0.7682190675968548,1.1787812503827193,0.07383357296974609,-0.24684581186357946,2.312613336811687,0.5447738810117676,-0.008147742622900857,-1.9491267275410447,-0.188172538791332,-1.6931266684294182
3,A,46.3,0.7079516783168339,1.5112266319295817,0.014204369097156678,-0.3620888540429594,2.272064519195744,0.12418278726725758,-0.6243989562778215,-1.3269275061131407,-0.7041839643125369,-1.2295947709616697
3,A,46.4,0.5457124545831264,1.7670149904569268,-0.04814432486463888,-0.5112268278172387,2.557995227657076,-0.003064856882918457,-0.2924474885986315,-2.1918112256705053,-0.6158228001670567,0.41566257112758725
3,A,46.5,0.5405599956210434,1.451614039593414,-0.022632755599248877,-1.390237560403141,3.439980653008692,0.0034110960867594895,-0.1954957164672847,-0.8573057423713226,0.6308606036600826,-0.6805209472347218
3,A,46.6,0.8457763999066846,1.266456199422167,0.0326788786077035,-0.436898462025317,2.426379455844862,0.5463622961993672,0.43933801415170387,-0.2584933686868408,-0.3159361862219309,1.5216631772111568
3,A,46.7,0.9109808763618734,1.2284634833516326,-0.03717600622891685,-0.5201882830429609,2.730804658304685,-0.8817766584314348,0.4576845240488552,-1.0498451200500192,-0.8044094599698959,-0.6325006531349944
3,A,46.8,0.37296719156355834,1.485454296742914,-0.0880080369864963,-0.6715341972176939,2.606233945348632,-0.36846571350095253,0.1648470040677401,0.44025136662073006,1.555861646307436,-0.04047772133012313
3,A,46.9,0.39036039423623614,1.6845970561717178,-0.025081658827173916,-0.541585418478629,2.656955089773011,0.6563555378374574,0.018492112373465486,-0.44237039867304173,-0.7742831471879136,0.5087768125294974
3,A,47.0,0.5784121932847271,1.710769512934628,0.09572262108729367,-0.5134783505440919,2.507107077733069,-0.10611881446130826,-0.17119796930892459,-1.1726936467720985,-0.6166912065888381,0.5250696757054099
3,A,47.1,1.001208393179363,1.21419850290143,-0.04907550726116211,-0.4253191869211181,2.454031537580339,0.6646387405739449,-0.9173948394030587,-1.3346837918867638,-0.3193341380742686,1.0545762304973676
3,A,47.2,0.24459240765683282,1.8531771722280352,-0.05737715427661745,-0.543178994411846,2.621975947323544,0.3594326060698322,-0.26408143888180613,-1.491324416571544,0.6406725333542755,0.028045333979456962
3,A,47.3,0.3980000241722774,1.7788657844571758,-0.08539613254530098,-0.46264621577658266,2.5752492160742317,0.7335099527134914,-0.19419946434288507,-0.19732339107761476,-0.24422345542166643,0.09316911777522179
3,A,47.4,0.2728869664080774,1.810490812248882,0.014956526090599316,0.06521593836191963,1.8927608916952265,-0.9665387410584982,-0.14357142953528942,-0.5954160735349526,1.516319868875394,-0.2399402066237793
3,A,47.5,-0.0864274820885404,1.9675104581707492,0.001072939248170373,-0.71093427613522,2.7308337582940556,-0.5161911802498764,-0.3099937329696085,-1.0581729781821723,-0.5358605590970561,1.4239877132754477
3,A,47.6,0.6621418335468754,1.5052886121434659,-0.03149879292787301,-0.505215081626378,2.6335861788488195,-0.32541989307696,0.320049019671283,-0.23337551154186154,0.28160849381370895,-1.803086869663583
3,A,47.7,0.6814059007945505,1.3231140375272008,-0.010531105773163803,-0.15597561525497605,2.1562665220923183,-0.3015707160260306,0.388207610606068,-1.159467475287649,0.46770056559838247,-0.7375783590323199
3,A,47.8,-0.05355335074433493,2.3158067999351837,-0.022188327481950446,-0.08952136791684001,2.2280235185306965,-0.7455922326163895,0.04117185446874751,-2.0650810448658894,0.3012268423654566,0.554769314274231
3,A,47.9,0.1318363533607398,1.9002588838356471,-0.031194346645350052,-0.3128086496406391,2.263131379252406,1.0764860009296737,-0.9151607008393552,-0.7511853882212457,-0.21658236283271398,-1.1512924527170254
3,A,48.0,-0.12180921181344939,2.234349570934616,0.013986881430891832,0.28810980654824825,1.7963789744681642,0.11804267453401963,-0.5678057236550028,-0.9889835500754192,0.33462156588602543,1.3581933871671663
3,A,48.1,0.27652388907194875,1.90009321347483,0.05841919282496316,-0.9962233665340381,3.0662559805789797,0.08632767276527877,0.16362619094263323,-1.4150174726892621,-0.2547636001344338,0.5900935222007118
3,A,48.2,0.5592900270650113,1.5644612956269652,0.009650944231635029,-0.45156586426726686,2.6109542838595092,-0.22211485817671292,-0.45551196653895676,-0.6280699209724209,-0.007709704966456066,0.6144226256576565
3,A,48.3,0.48564208718743984,1.5598670344948922,-0.007803031278783165,-0.5810168999726328,2.7114249697967683,-0.27275822203783173,-0.16531913012030652,-0.3396304572127594,0.027432338604678308,-1.3292138425051057
3,A,48.4,0.627732388307803,1.639722017653517,-0.0010544105648762163,0.09100897166566874,2.0781965606246944,0.32793143184785645,-0.06435055558807429,-1.229978578604976,0.5027534036141049,0.004782468204561562
3,A,48.5,-0.07997197331557282,2.286869851395463,0.02050872820404607,-0.3848048766740491,2.3985531495756676,0.1909970749313527,-1.0323523213073702,-0.3746228842486856,0.6332610792485134,2.6430150699288437
3,A,48.6,0.5045612404977274,1.489759862814966,0.03214042115599142,-0.13585145183066033,2.058329416799167,-0.12015955472317981,-0.22036447063960254,-1.0544732990335992,0.9612956215233548,-1.0843016413361064
3,A,48.7,0.011779932252097502,2.007904081378997,0.04122047230104611,0.17519364455396377,1.8580683146745969,-0.16253680653872637,0.001625911990083171,-0.6512737351327691,1.3486154651327174,-0.1429953370300405
3,A,48.8,0.5144036885653258,1.6707439728935871,-0.11793695406743435,-0.2575377056441098,2.3348633371412655,-0.08269979640665834,-0.42865853233808987,-1.385044195876976,0.9208843532176697,0.2100238555171936
3,A,48.9,0.4006894510318355,1.7486040011588728,-0.013860423434868605,-0.4338077856936454,2.3924797362810852,-0.009414081255550663,0.40818109223293875,-1.124744918616421,1.4301583655674077,-0.3372052732268297
3,A,49.0,0.1917254909341873,2.0453190250138538,0.09661245451229271,-0.22128242884174476,2.3496170606288755,-0.35751356696631365,0.04497334134937033,-0.8450101815641182,0.9887109026996351,-1.4877088445998643
3,A,49.1,0.5110701536324892,1.679697907262052,0.022528100519782542,0.6444443673553789,1.385949308891734,0.33968442886491856,0.5045852549729309,-1.412782275547909,2.157493290461976,1.4045139480824882
3,A,49.2,0.5738680997059623,1.4540767529452951,-0.0458230362972687,0.19535154487191542,2.08660881923449,0.5286258176845721,0.11539629154760556,-1.3744827953146193,0.17875414294567304,1.653140096275466
3,A,49.3,0.37797937033800744,1.6838391175033207,0.01947763904049951,0.5646524685659665,1.4586747043297266,-0.49377112843649934,-0.5974888610481129,-0.16394938637770495,1.0938752428468208,3.1921736465827206
3,A,49.4,-0.2903673441126192,2.3950111176673223,-0.019530444071529374,-0.07411570902281164,2.085955428024077,-0.07309564468133052,0.5185513392510209,-1.637029787731013,1.7831736395978446,-0.023060995388131066
3,A,49.5,-0.2791973407648367,2.449110778075313,0.027566821943517256,0.32191055936262064,1.6020890010776556,-0.280725874331476,0.27670401733569233,-2.282255400106056,1.7561862063660052,-0.9923670115958182
3,A,49.6,-0.08348267731810041,2.110809844485595,0.04993895180873614,-0.08862080759226444,2.2878432980857326,0.7799888253855999,0.06307080991754732,-0.6317425632653509,1.0390387880402978,-0.6763972735209541
3,A,49.7,-0.2823352238233066,2.3492385423747106,0.009826529019348957,-0.06209457348195126,2.0569185276389055,-0.10063944404272376,-0.007091615293415221,-0.7354878787351339,0.26503046652523954,-0.7208142594865417
3,A,49.8,-0.07719865712116025,1.9918434778548348,-0.06514430039965267,0.37646632949209946,1.585944721271201,-0.8203370350310565,0.15943365494751255,-0.9913734867232892,1.2760243667641988,1.572766832393762
3,A,49.9,-0.32339189626567616,2.348305384646578,-0.08178644447669033,0.0966386107926772,1.8679861668085376,-0.10687652392868704,0.5523247252766172,-1.4052375665727495,0.9328476713627024,-0.002781850712975229
3,B,0.0,0.6582077360664212,1.2453659739672558,-0.1286838310464747,0.5075747226540763,1.2792248048702448,0.49379844228658415,-0.938683071021541,-0.006481665235131894,1.4147691691288042,1.1785658403386534
3,B,0.1,0.7910672670005957,1.0643667586440664,-0.061476229254996385,0.6719454856759302,1.2357489038901273,0.8241365105688478,-0.059656708256027716,0.7315461361817713,-0.5878746517271437,0.4650830706435883
3,B,0.2,-0.1342801199297866,2.045012478867641,0.04016389491715002,0.1329019412420452,1.6262255150191582,-0.009009847300609162,0.9102147854461657,-0.1305197805354157,0.9518908080624083,-0.2505226090126856
3,B,0.3,-0.4381014613098078,2.2820737027539506,-0.025699490307003088,-0.1979158607168298,2.123387098119636,0.16189717764860073,0.1857182717032348,0.39060294646800103,-0.5154413015032329,-0.864885913871068
3,B,0.4,0.032614876684077816,1.9293744860697342,-0.03541118842987078,0.03317434815922694,1.890568227151062,0.3208574607561713,0.19061983581541012,0.4216776682595293,1.1523384327016233,-2.179013484855544
3,B,0.5,-0.06348622455706297,2.1668098389448325,-0.012132224666025971,0.350466102176371,1.5926378414238758,-0.19355519334619467,-0.6379392868061031,0.49295195275832454,-0.761489998560754,0.7184855464569466
3,B,0.6,0.19618212013037542,1.6299615613599476,-0.039375052139280275,-0.226555571295819,1.936285645300915,1.1404319491983332,0.17635539951741921,-0.3603550274883641,-0.32237651360529157,0.1424605505540287
3,B,0.7,0.43143137822374217,1.5551202884619726,0.025326737484001872,-0.20213112761236912,2.143566033533,-0.04769540656206751,0.2137864218641774,-0.6655515175375988,0.6724290865840654,-1.3409578330577567
3,B,0.8,0.1654042113879651,1.7537080028904872,0.039923640193523104,0.04666662903724847,1.7112253088314286,0.3572227789196736,-0.4603619807669348,0.10645541797379725,-0.012595638359781058,0.3414436471119638
3,B,0.9,-0.22397801326937938,2.0887146554999787,-0.08831380456605702,0.07037065615847032,1.8716793755263985,-0.33034697206456826,0.28992551472527456,-0.019032681718150174,-0.2284688831979162,0.6330522708374563
3,B,1.0,0.1226958467934901,1.6679787956808854,-0.01137130606860239,0.36416583642084877,1.55593701888363,0.13579792618983944,-0.5926432086975897,1.2457228558510778,-0.5422054471216506,-0.3259280632136986
3,B,1.1,0.05974140306794781,1.9473576095391234,0.0302946477320552,-0.31428291456194885,2.178791990004558,-0.12808508672364305,0.32844671838454237,0.9426848933058118,0.2685792489421798,1.1534814783917449
3,B,1.2,0.3514966403396628,1.4564070148076884,0.05669246154277128,0.4331504752452361,1.44991346498287,-0.7583667095808793,0.6963574138260207,0.3905661662104631,1.0311936658615592,-1.9842992197381266
3,B,1.3,0.012937869118124723,1.9117394476535061,-0.024264444023202485,0.40628811374302215,1.5097093874656604,0.48171237907444364,-0.31499427651058287,-0.41970401375063765,-0.37825049572799174,-0.5195660667068712
3,B,1.4,0.3223319641313757,1.5334783596430144,-0.040201912591705934,0.7322418180020608,1.0216303263843698,0.2843426816086031,0.9588751656654605,-0.732872797228271,0.33922035046811694,0.7257054826765316
3,B,1.5,0.7885553739488238,1.3975919103125505,-0.12193100581528636,0.21038065373198975,1.8477431771794497,0.1918174373239569,-0.5484376686795651,1.06879898035928,1.9966655675164222,0.18518115926817386
3,B,1.6,0.38200390197419654,1.557201655548914,0.03072147541192054,-0.059347588607163826,1.9536994771854883,-0.1591486691432031,-1.2918526909705055,-0.4935599977133465,2.576227637641321,1.172294185968365
3,B,1.7,0.934546848729948,0.993459946707638,-0.01503893146345099,0.5102299599207886,1.1684474452837905,-0.16435514897190648,0.8449015365408385,-0.13178674082502026,0.09184236526483591,-0.7838696947110868
3,B,1.8,-0.1354919845994147,1.9363484617114386,0.09496862165513871,1.2380315516052944,0.48129677515862856,0.06138267328157985,-0.3315278404009177,-0.7854114258183268,1.124233526047034,-1.2742321359693232
3,B,1.9,0.23772266411584256,1.7839924148902013,0.011529630429489804,0.885783907709231,0.8402188429415155,-0.3271671593431657,0.5042599118487123,-0.11645847420697075,0.6526782348575837,0.11833723956347467
3,B,2.0,0.5822779095476732,1.4492858323747257,0.06787636376537082,1.0166895607743274,0.7883963794126021,-0.40239666223811493,-1.000207534305912,0.3043678671447858,1.0362732718344894,-1.1196778247473735
3,B,2.1,0.0016444456298574384,1.994021171725626,0.01511394385821553,0.30584761889752765,1.484429002318598,0.21778800544561194,0.2744008392206255,0.09321083169887831,1.3123933016988083,-0.928919000923551
3,B,2.2,1.0730565526375473,0.9470689087200752,-0.0009965064475867095,0.9484888363968487,0.8509554454560526,-0.5423997585768612,0.044837198247804064,-0.9573686575601652,1.3218128554026005,0.32287196741251895
3,B,2.3,0.6671344751053917,1.196664744228116,0.06330298547284824,0.5582061858134335,1.2783351548163104,-0.1737295521026745,0.34569145780197474,-0.6926706679493285,-0.21624852578926923,0.35584877338552007
3,B,2.4,0.19959059366231405,1.5964717989881296,-0.002658774805145146,0.953906264396182,0.6528986534450514,-0.0516753165970651,-0.38187361740406794,0.4055278102800087,1.5425753424956723,0.6197644249296398
3,B,2.5,0.28423487817646476,1.5522057221653387,-0.02384342398025889,0.7494952715875045,1.1457572593314487,-0.2526918136874396,-0.32972500569506874,0.7931710384226438,1.2914219881315185,1.0448776475679336
3,B,2.6,0.964600055226106,0.9377974899257553,-0.07203611115411876,0.7883559618473509,1.083147351498992,0.05399805472761838,0.41055444607939096,0.5539229557588237,0.5679814988963461,-0.9337876596346667
3,B,2.7,0.17119056284133377,1.7107004161324206,0.0318750137140236,0.8090184646205195,0.9692212722083026,0.2306337862585029,-0.11681639130034074,0.8434762829016962,0.37620182573479843,-1.0674135369202158
3,B,2.8,0.42526642044192686,1.4465300523497566,-0.02614005359938389,0.9980167052826006,0.8235004693066301,-0.1426645445269345,-0.11986033306024271,0.22773336671200187,1.659580027852868,-0.5399202241537249
3,B,2.9,0.2855473819071159,1.6846359498100334,0.049443464517249625,0.5655126813508174,1.3389907120378068,0.5045979769161412,0.3343468631790898,0.019767351402473432,1.6155797150964468,-0.5656008446904215
3,B,3.0,0.7121221676997563,1.3827735291146328,-0.07828984790101155,0.290976985806035,1.5834411148366287,-0.18429576714994536,0.0032340991348127936,1.4217561453211625,1.1283571570958315,0.04258614881420806
3,B,3.1,0.12979167941508096,1.6932052622676321,0.01493133326695139,1.1424020150066307,0.7236728066057565,-0.3968796504869567,0.02663475971491494,-0.6585604244896928,1.7599340238427437,1.1077250957445133
3,B,3.2,-0.01451388207631843,1.816399238861671,0.0163535882735004,0.9403209161155134,0.9358603061326966,-0.06856858898969471,0.22053719903020308,0.1187310570587796,0.3557470026640205,1.1483301911434238
3,B,3.3,0.3535314007175885,1.4383516950332755,-0.08367950780082273,1.0097221771839964,0.775019300945764,0.6974646113272065,-1.6452001185338576,-0.5194431191618573,1.5534040978914143,1.185503332419318
3,B,3.4,0.6203681211095903,1.2538636334543956,0.09316518334833755,0.35458536059868595,1.676090496553482,0.2519750740840333,0.31382791872431653,0.980009658573332,-0.3707258397623697,0.7793690751470734
3,B,3.5,0.22987882753840394,1.7055268650942972,-0.026434655518117536,0.884603874255793,0.9774345477012333,-0.20046366824838038,-1.0645654708269976,0.0573570462476265,1.6992696276679866,1.6105344112888778
3,B,3.6,0.4186935608831791,1.3996927072516192,-0.0049382256064285195,1.2615821850839937,0.701799351586796,0.4049152347501815,-0.09677353719438754,0.8547065639428955,1.5264984640492005,-1.2524599510176717
3,B,3.7,0.9863931129222292,1.0284689462312957,0.06710489921970546,1.0292304450276357,0.9065428623734819,-0.1699069722070121,0.22471186653150305,0.45049054690120627,0.33882495498803067,0.4115040023914635
3,B,3.8,0.9340379198456822,0.8841067153256577,0.006372111399484435,0.7917774868601578,0.938898796981583,0.09063894487131523,0.6237672700887855,-0.17470710160270803,0.879782680610106,-0.3778400032340856
3,B,3.9,0.5934756585981642,1.3281404707183682,-0.020751828618117335,0.7400762344015737,1.0792903058016097,0.1638283791109528,-0.24935300960698714,0.28478154943216405,1.051372204375946,-1.028304387954859
3,B,4.0,0.6269624026459768,1.1656018495488103,-0.031795924150622816,1.0478755349288702,0.620008717593165,-0.45953133006383196,0.27693888550046175,0.07671674862428068,0.38297748362432726,0.7027140323028974
3,B,4.1,0.9107011915272241,1.0165641839678323,0.03274955973854826,0.8142407596195115,0.9810318364230733,-0.19977213220125567,-0.06259151883128403,0.3437788321991407,1.7305317924651051,0.8846245954750487
3,B,4.2,1.138497263472083,0.8745346146384101,-0.0028520883413321076,1.3409159081046442,0.6678463883794801,-0.16488527529480437,-0.7140999038165621,-0.5872409463059547,0.5943955003531443,0.03955448051940608
3,B,4.3,0.5335880398845423,1.4203068145788325,-0.05449260687211789,0.957221344079442,0.9972713068653491,-0.3299357900190511,-0.8737057621046073,-0.7991509184211859,0.920082144658317,-0.20626890599619668
3,B,4.4,0.897694869421405,1.0597273437142585,0.017059458411217032,0.8583931273092109,1.1083506082888248,-0.4313030569541386,-0.49565244004642106,-0.5307539962694574,0.45543870612268844,-0.46657781973656337
3,B,4.5,1.0365677799763038,0.8242380349732108,-0.03024782933769897,0.44671034090143547,1.164023663064245,0.01065507200910822,0.23579222342122505,0.14827560127449652,0.9759099801679862,-3.0963176655234825
3,B,4.6,0.8509011538837027,1.1160625158420885,-0.09496144240366854,0.9929390680975254,0.692893312149556,0.6466390823879453,0.4429059865311727,0.039751133006413475,0.10719378550421188,-0.44851205084741746
3,B,4.7,1.5876442217818916,0.32881798559405184,-0.01157528199786969,0.9603874281518464,0.8734972817760673,-0.05962509421304371,-0.1105969180981601,-0.6440084895888901,0.4066127511175226,0.9627637462926711
3,B,4.8,1.0555763004434817,1.0641134696744716,-0.07639854773301968,0.4331095273345287,1.3752561315463998,-0.3912815189146473,1.1517334454682908,0.6357915653096013,0.7316366973833119,-0.23444846189348503
3,B,4.9,0.9630210486334823,1.1388066221792603,-0.005433753587032952,0.9614063183533208,0.6446542325506834,0.5394861999030933,0.14806172805990386,0.22606075818236515,0.7364009637618668,0.7037660889258819
3,B,5.0,0.7543285625826202,1.3252992327524633,-0.02132069677903899,0.8455801684459324,1.1535480080451426,-0.2792007572950392,-0.8552125352016399,0.5014281184179884,0.8501183803463401,0.04026692884770622
3,B,5.1,0.5922642866574446,1.3950273433870954,-0.03581268781256701,1.159782419149739,0.5938238200120236,-0.21051199330161124,-0.1313034326690928,0.29268453041562087,-0.4936286336869814,-1.4695709061381235
3,B,5.2,0.5318716694981723,1.5111926890319545,0.01331779917971708,1.2802210732570531,0.44044763333128367,0.5102757763779809,0.404985111779971,0.9720263151759753,-0.19656934274307492,0.423883213777879
3,B,5.3,1.3885516978240706,0.5440435419211165,0.036372781060165504,0.9590877057566793,0.8309028522059962,1.240523090395524,0.3224545741214364,0.10369887409654793,-0.8309092385349276,0.5685786275897143
3,B,5.4,0.8304647203695766,1.126285372645268,-0.02688250024190818,1.4536858253706668,0.2681030597425267,0.4120653687918926,0.5222991104499699,0.25005050470030044,-0.5587115374809468,0.7584605149364873
3,B,5.5,0.41879950003044325,1.359043271448013,0.025784935627933676,1.3028041678169349,0.5178742227258706,-0.0343199731591123,-0.2611043326940395,1.064460059140903,0.38910159456169396,-0.9066955588155311
3,B,5.6,0.6049638178642951,1.2929359889525998,0.10127204337122649,0.9083011534642431,0.7960137723860308,-0.5576248193529694,0.33862131373818577,1.1391644519428856,-0.935068093834239,-1.888842691052594
3,B,5.7,0.6393416271148631,1.2752361242508852,0.024377050574374642,0.891385329547079,0.8957066173830426,-0.6879303421481665,0.4469546617127017,1.0277431401035177,-0.2944304656097909,-1.7454901160923189
3,B,5.8,1.5146459195467354,0.48351822319728566,0.022389816187069585,1.475062827904888,0.2957941565722082,-0.23307833828574673,-0.8586441715822565,-0.016906252285679824,-0.24369735147810898,-0.7450482864792648
3,B,5.9,1.273687209638624,0.6441496733281817,0.03661277962114697,1.1584871503765295,0.8168931096879464,-0.09305733878754081,0.6292456431690173,-0.09220812282855329,1.0552018147154076,2.0206738490320237
3,B,6.0,1.1456749369359966,0.922009767493976,-0.015866842300591096,0.7788833857668767,1.0797531763175616,0.35851915484088026,-0.7187448214030034,-0.33451376060894233,-0.020448430849107087,0.6756406363802074
3,B,6.1,0.7240446850612816,1.22587542214278,0.017934061962232475,1.0319890326231485,0.8073840944109838,0.06663960457568906,0.5339243408460723,0.532697389136353,0.3929043660753284,1.6771082742068875
3,B,6.2,1.1861236346584108,0.8746222566540629,0.03144480606296053,1.2674828378024001,0.5190984119597954,0.9450525654551387,0.06390420799687282,0.8009853640814812,1.2342043159654068,1.1631857347361074
3,B,6.3,0.9219447594181007,1.0161542390902363,-0.029691520384395542,0.8263368167331293,1.1321444127222362,0.029166164345368995,0.29269094812011603,-0.19845067614743928,0.6193999400454994,-2.5520341192886966
3,B,6.4,0.7594880106064594,1.21799628858086,-0.0608025962768083,1.1406016647451278,0.7253102957051552,0.21176456093746893,0.5255492368837842,0.7189382279594811,-0.5110029733189003,0.043993033598538005
3,B,6.5,1.0057524772811082,0.8064284954372443,0.06116779685378011,1.1798268570671393,0.6555861454833187,0.4843390881310723,0.037768041909157515,0.3429300476476512,-0.4918106043854339,0.6997069107999236
3,B,6.6,0.8816622911474237,1.0099972344063939,0.11339032473896658,0.9179158417435851,1.0042565219191784,-0.0228528217725367,0.9530989901751793,0.8322476855485528,0.8585401869723039,0.1164651571573402
3,B,6.7,1.3315558837425336,0.6275042637615476,-0.06609883629737642,1.0140533721765175,0.7027907791116583,-0.39098266619161376,0.9484925111701693,0.2906651453395107,-1.1837687761105116,-0.628052403991024
3,B,6.8,1.2083314111279664,0.6687316510345929,-0.030518907309780432,1.4104548869108469,0.2280366731396244,0.7085495555250091,-0.347333927573847,0.18096049631611522,-1.189048539372426,1.1185295526692414
3,B,6.9,1.0606819185594167,0.8787909953829305,-0.1266017525228962,0.9145974095883604,0.7859064890302041,-0.30622660998900625,0.573940064721871,-0.02911469632861219,-0.305985221782487,0.9510819036473377
3,B,7.0,1.3087878093306486,0.6422091405767802,-0.05239136267766418,0.37430854181742435,1.3537462139657672,-0.08784512255962187,-0.05846080458107235,0.8636259190033344,-0.39219791409015814,-0.7537577654929971
3,B,7.1,1.2126044297626908,0.8989599230157561,0.06951103486907083,1.2667491171506404,0.4499487279046357,0.7417586476698615,0.21746731709044556,1.7421212170807103,-0.9343096880970951,-0.8596584646357678
3,B,7.2,1.183702328921778,0.7492790946088679,0.13392511935944387,0.5175537599486268,1.3591406632779806,0.6389491692592869,0.3547632784514123,0.8664640822997809,-0.17259151396953293,1.2876935923028772
3,B,7.3,-0.010881256050639831,1.9908743497347348,0.004826190256198033,0.7777093047059668,1.0543458218810828,-0.3726865268193948,0.054303377782723206,-0.02026288827914058,-0.6523334502906787,-0.4435767804964293
3,B,7.4,1.0205601845900325,0.9218392581690169,-0.0019216757568907353,0.9470284575289563,0.9335835676136046,0.7362932433475894,-0.11396603395479898,1.459430182387022,-0.41456124538998135,1.2550921792971088
3,B,7.5,1.0158147315133024,0.9763189647467494,0.0606870590084072,0.7321702195471184,1.008206055173966,0.39319484070217986,-0.22522076053792167,0.6276347118178408,-0.28303216302107576,-0.3466582711068649
3,B,7.6,1.3976160412298717,0.4691453118195845,0.004718359418018204,1.3615194280945637,0.5185654260808359,-0.4706533762442347,-1.7176348376342279,0.8003904985266395,-1.4992579702061142,0.07812003313480083
3,B,7.7,1.0826564810704202,0.8712885836405277,-0.030014512461332993,1.083847602089636,0.6294644026961123,-0.11283744264356568,0.3247862997794259,0.7632027533156395,-1.1533788399441007,-0.42504323472737404
3,B,7.8,0.8021759390934422,1.2339144303835656,-0.030384642862854,0.8808442086410766,1.0550893055420398,0.41070331548568906,0.10579669564613803,0.45198052364902175,-1.7754507678814795,0.3003548802472445
3,B,7.9,0.8774600216311593,1.1345658738827709,-0.09333074703182588,0.5800863280545575,1.037076823457569,0.3712551650282349,-0.13560444907081143,1.4697882531914581,-0.19996783394429307,1.7044819696185098
3,B,8.0,0.8603369142307211,1.0195563116964554,0.021975243500678004,0.9801115607639128,0.7433136250220724,0.15506838328428726,-0.25042944603318773,0.5922914995181817,-1.0755140778172794,-1.814552908318052
3,B,8.1,1.272451664353746,0.7179049258458323,-0.0745521535979761,0.04773776295018328,1.6505839740417554,0.19983293029697816,-0.62889156572911,0.34137291964110533,-0.17479212087179186,1.7373785639101451
3,B,8.2,1.4138427903302826,0.3471099632319954,0.11358560273085075,1.0351140493007693,0.8758900693335254,0.4854038044850034,-0.16906040755703844,1.0911120336017994,-0.8616019615726672,0.8932163186818821
3,B,8.3,0.9061784996477821,0.9093237765832023,0.051559629576848856,0.32852613882761306,1.4268131628652203,-0.001291152810188682,-0.18440258780133345,-0.5663232358108172,0.023758157816531678,0.7187916768387301
3,B,8.4,1.0397538545473808,0.7592944817582634,0.02464844072565655,0.897000171355279,1.067376860376078,-0.23622149135608594,-0.32056519701276753,-0.6336717698176456,-1.0952775390245666,-1.5429020598401515
3,B,8.5,1.261475493346755,0.658966916464774,0.09399863901762755,1.098906639266723,0.6832654038283175,0.6877942917209182,-0.60926866022508,0.12425803424239446,-0.8733007603218648,-0.6200665893569131
3,B,8.6,1.0055167262051614,0.8853334413026652,0.0014719571884471584,1.3352355571650305,0.7582907591535324,-0.4762459001052567,-0.12421178973636096,0.16430983609461747,-1.3154028199083816,0.6341559169491873
3,B,8.7,0.3321321938835782,1.4998438578339275,0.005175804877112575,1.0460659953075477,0.9905478466086164,0.5523794107404254,0.7875449380434779,0.8489055469239174,-0.84570359040695,0.8466658642683407
3,B,8.8,1.1876679034975164,0.5673187841413474,0.02276337204294717,1.0352189895119395,0.7446946592398596,-0.06590914215341155,-0.8531900546229543,-0.1318051264743475,-1.3282133907777305,0.7554116058608252
3,B,8.9,1.0500556391203912,0.8344956126738887,0.04299178724292721,0.6602973255481395,1.314633876006263,0.19367258458602576,1.5274788661049135,1.4222423705590141,-1.9619309753710437,-0.11917126438412792
3,B,9.0,1.128632907426736,0.6591539026572972,0.0015896034410595016,1.2931791531854357,0.4449777948337348,-0.11133032551077378,0.022609990893642525,0.879264285715042,-0.18180532926074744,2.150522436483606
3,B,9.1,1.4062652217364648,0.35627157170798895,-0.06430192093172432,0.7270023221567563,1.1335532119660743,-0.4164421048326512,-0.27099024154588086,0.26473103736777115,-1.8803416327506197,0.6701306666860676
3,B,9.2,1.6080775641379512,0.4534911662097676,-0.028510440270156548,0.3988327854500485,1.3084980695238841,-0.3506993217041953,0.13968812277064369,0.29783377513783904,-0.30046849166885625,0.33108566341399565
3,B,9.3,1.3080324890762953,0.6209641626711366,0.0692055525164312,0.6712392831943077,1.207225199936711,-0.02705402229852231,-0.699044031377924,1.5336734771263072,-1.5992967163363887,0.6421741941180747
3,B,9.4,1.1227608467384231,0.8139458812835498,0.010580141451723373,0.15472009830647815,1.6980752714780158,-0.37726465484837207,0.8159801850043245,0.5764834307207302,-1.9878909705544605,1.2019859301601348
3,B,9.5,1.5142731794989186,0.4560787678455689,-0.017951352699091056,1.4467325106622761,0.3443452142263148,0.017193849641444353,-0.9773184078206358,0.561763023116956,-0.1482477103882215,-0.29865565735235733
3,B,9.6,1.1217732103805405,0.9101322066323319,0.014373390943312426,0.4846309778714665,1.3462302983907384,-0.09147502957946646,0.7257084483226058,0.05686730176601873,-0.7997005125196439,0.5853073640095862
3,B,9.7,1.5670602666745252,0.37724167704648015,-0.011070758301006234,0.14102130158800275,1.5670004189084674,0.15733740278287553,-1.0729380432123814,0.5969305145759345,0.062424092420638955,1.5983076085361474
3,B,9.8,0.9065055779220695,0.9142423150864709,0.0824848135595343,0.6200950150346488,1.2430287575253087,-1.1314105853929466,0.4088230988223374,1.1485753790585518,-0.5585662924494168,-0.46125904654023336
3,B,9.9,1.1263987999686527,0.9209703818977453,-0.029802266708902844,0.3981771916768092,1.417340617838832,-0.4253560541046567,-0.13392176168329212,1.3609882480144204,0.4163566404833352,-0.3640316591867916
3,B,10.0,1.253519638964478,0.5171664072070801,0.12136106986586724,1.0130805128971234,0.8274389700724086,0.2728152534925671,-1.4202075584650304,1.9177115244019531,0.6679640259949015,-0.287018610974209
3,B,10.1,1.336865161976658,0.543224293955999,-0.032332627443334004,0.4730056864258864,1.2791797269080565,-0.509408409553572,-0.44662090720437325,0.7687827839691525,-1.0307196205136835,-1.370411045702067
3,B,10.2,1.0024280168854915,0.8725733370375306,-0.009413484998501387,0.36165007181029113,1.367343017796959,0.4583781792937759,-0.17662379254729585,-0.10596692041959,-0.18585287278052876,-0.06381767076777058
3,B,10.3,1.1687511615399493,0.9391379907229325,-0.010861163081323037,0.5267431845293606,1.3562354011883408,-0.4096452617885951,0.18459243125027672,1.0250011697325916,0.19027749205093636,-2.2494335205402707
3,B,10.4,0.8637856004223686,1.0092509069398985,-0.0523683391789664,0.8021377169575522,1.077716778440384,0.0023386529970189688,0.06398998558429526,0.4682192511799529,0.8376241671728678,-0.4563835765357449
3,B,10.5,1.866846150124108,0.0,0.04989849070895529,-0.0984085473474191,1.9450967785597157,0.6348595096938722,-1.0384614371528742,0.11423993232383078,-0.7805886223179687,1.7852865181408943
3,B,10.6,0.9030183789713495,1.0813631006911604,0.006928211632252633,0.29202505876676826,1.5949271713622475,-0.08275678355336162,-0.16658732515669178,1.0945985779385827,-0.8932166121912247,0.22454824023347872
3,B,10.7,1.1564112765080057,0.9406435774546826,-0.025601782842248608,0.8743543872915529,1.0260300211382218,-0.2114323873242351,0.8238947554294558,0.07145672924059632,-0.08130420759083612,0.3289236454064986
3,B,10.8,1.1395947205602996,0.7288121174812914,0.06215390318051625,-0.08829088003456453,1.9117218830229519,-0.1180457762335124,0.08690714858153116,0.297157385795763,-0.8064161282960063,1.3929207602553533
3,B,10.9,1.404550920696729,0.48704337602934444,0.022728448163559373,-0.0205787094234805,1.7357246706088136,-0.05586188938440053,-0.3021954558259182,-0.014298413446477753,-0.5767020816550072,1.1406806142539345
3,B,11.0,1.2116292609510149,0.5968234886492245,-0.11472633528541283,0.882566402906473,1.043630825223123,0.10464654745866957,-0.22568621087522217,0.6115169311133661,-0.4923122804115413,1.6994348840126599
3,B,11.1,1.1533156436290264,0.8213436680840875,-0.038050866052426705,0.38505939070325945,1.270676382528495,-0.7169486395885497,-0.39092932446780226,0.8029864629544714,-0.48137006671581073,1.6776068856522595
3,B,11.2,1.0478614754174322,1.0279092305237874,0.0350824990471471,0.37931795440853144,1.5873026435920294,0.28764653521268757,1.0172825055860137,1.0339360688007624,-0.1421628079559315,1.539962987132152
3,B,11.3,0.9282579684853591,1.0979986141966656,-0.03789756970677244,0.662623958286708,1.143630444744495,-0.2663377097981216,0.4548949088234666,0.6623255572758985,-1.1260967551740801,-1.517040517746198
3,B,11.4,0.9304398825604271,1.0358316881952743,0.011933702727705928,0.2965982640625732,1.6170091585492823,0.38475110342095314,0.002796117134733549,-0.3162893530273859,0.15122257014421486,-2.9177906494047394
3,B,11.5,0.8699044638960454,1.013188926980852,0.08238130144098216,0.45719389453553827,1.3613943165258293,-0.85071716640991,0.25222670041801476,-0.5041263354385475,-0.7401616994178617,-0.6967828568484571
3,B,11.6,0.2231600681822934,1.7259347448746178,-0.007246291403873298,-0.22371172505472334,2.0780311021763946,0.1310927305737396,-1.0459863182245095,0.06875339008070291,-0.050493677386909484,-1.6269765714613236
3,B,11.7,0.5920621078492421,1.1803858153975455,0.02726876420822167,0.3205892452185873,1.3983296079128484,1.087799654428279,-1.2019277082444564,0.5913944144191938,0.3185926219890246,0.6395236752954416
3,B,11.8,1.0697631036096613,0.9226830796928436,-0.026067887131312136,-0.034173232347549404,1.8225652191364923,0.5744593429059993,-0.34912223653129704,-0.48554709723476996,0.06105097889763256,-1.8989431224518947
3,B,11.9,1.2520871840309575,0.7614360861220661,0.010425762895288876,0.11662705502916423,1.5826184078670948,0.05609247336286016,-0.03461253281804225,-0.12213251053322838,-0.3197459975443536,-1.3063085179443334
3,B,12.0,0.6136359368453281,1.3081131443170142,-0.006246607766098489,0.3457324550706182,1.3866529574067383,0.5583363875847326,-0.17580403821650498,-0.5221486563014112,-0.9305856931876145,-0.5725392434295423
3,B,12.1,0.8189436007015902,1.1197102620769401,0.04292300632586871,0.49866775648278217,1.3055990722010007,0.38725485005660015,0.8700227286905872,0.0811683738555865,0.2817965396357728,0.2619972541115087
3,B,12.2,0.9609963080782495,0.9005547558417089,0.0002701813999664868,0.10309976613697033,1.8613371033841164,-0.45690376277146694,0.9360079132725362,0.7054456236699485,0.7949969901504531,-0.943319216115195
3,B,12.3,0.8881499537875693,1.0833188778576184,-0.02613246767737446,0.7420773187970049,1.0944230426481123,-0.45403685239800534,-0.7394987121103586,1.5272563598669593,0.40783567163836176,-1.354762041681687
3,B,12.4,1.2546598062333483,0.9804839114811799,0.002221744552170948,-0.04065570990836759,1.8167494023079753,0.3178172820029058,1.0444157403413423,1.5191324151050802,1.1730358029514567,2.1198356078519085
3,B,12.5,0.6180371983614346,1.46606681513807,-0.06387855390326855,0.4258644113543618,1.4984954899846494,-0.33467754382794385,-1.055260416089587,1.3443700966195364,-0.5953919551535994,-0.7167378253955888
3,B,12.6,1.206472535232228,0.7056955805097525,-0.021970285864169128,0.7027483449877403,1.041238440160161,-0.7229018882853914,-0.08843889360381178,0.005955325754849361,0.2636749389177382,-1.8865268297586866
3,B,12.7,1.0487750441300632,0.8842348807758673,-0.013034810652538378,0.23438461345580514,1.3580641672188278,-0.06995921127256591,-0.5031130575617798,0.9639663475213829,0.91393053917405,0.16323026355624579
3,B,12.8,0.40697399698892295,1.5223708749610814,0.0028616143155166503,0.3068007396707419,1.6121446275998643,1.0026949289378326,-0.13667519939346315,1.7806962562325233,1.050688272150745,0.22798892332821646
3,B,12.9,0.7156692667998809,1.1857925978804686,0.03373929472655888,-0.015354161291260188,1.6739056494976703,-0.21984007148131376,0.13183897544053888,-0.08462007206714128,1.108393411727611,1.9718052338004157
3,B,13.0,0.6749201915477956,1.2844186839257272,0.00841559733830722,-0.8708499493405795,2.662030280390995,0.538614448613004,-0.16993083097445114,0.3307728990717902,0.191048914373121,-0.31920937359031537
3,B,13.1,1.203063347150736,0.5925035468260722,-0.05044035411405117,-0.6818381690781409,2.4670838373518027,0.56960793411051,-0.7083089549313927,0.479728977474575,0.5478590810848879,-0.902719906003694
3,B,13.2,0.744335670278065,1.0805578562168443,-0.02273309362966211,-0.3702445934190442,2.1130970069889274,-0.0025985082709808465,0.8312978625067576,1.083785249559219,0.8794997914634435,-1.5959518383453106
3,B,13.3,0.7991027994140084,1.1442530538800662,0.06582695278989444,-0.5338757790681121,2.34109538956759,-0.32402525576367575,0.2637990606759585,0.2116931020833327,1.2093611024938387,-0.24612999879136183
3,B,13.4,-0.20684583095304532,2.2882013519900783,0.06812112825420144,-0.3275050571503734,2.153898946647175,0.1801072504173836,0.5191467967217832,0.6862758631645398,1.3525522071479448,-0.7928844323625311
3,B,13.5,0.43522491350259396,1.4958864181514384,0.013201634296582485,-0.08152996627934755,1.8588737989441675,-0.21844753758947674,-0.04623689582017287,0.6898540569563779,0.701123654086969,-0.22092826971203225
3,B,13.6,0.5193935392284741,1.4605238632889463,-0.02334370429341402,-0.21306243390073387,2.088280498749747,-0.04212213705314371,-0.0627231295196065,1.3157617078289086,0.3801504310658205,1.439121893612635
3,B,13.7,0.455983162753533,1.4866925548809993,-0.0303004138073142,-0.5980895450390462,2.524611421300216,0.39417682228319534,0.19526625174951204,0.6117165597020293,0.3032697416707413,-1.5027571374474993
3,B,13.8,0.666986366955095,1.1721090378007761,0.052710873839245234,-0.5574535918621163,2.4658228350895524,-0.833308748406134,-0.5605134015357024,0.6683071594478537,1.201512567140048,-2.202815510821795
3,B,13.9,0.08333343165469609,1.9325794460652492,0.06553787483544153,-0.36904395118184835,2.1688818927248974,-0.1813694215445108,-0.07242631924831161,0.4830530813307864,1.4282483264812051,0.01642448812090177
3,B,14.0,1.0108723572184963,1.0806039177496427,-0.06938984273427068,-0.12970420763142657,1.9921789647865913,-0.05428887195605921,0.3326900002861808,1.4111726407225829,0.29683747572038055,-0.3991059940985321
3,B,14.1,0.09390356440123943,1.9592467019851738,0.09664275515139908,-0.13091085937443103,1.729699807401585,-0.6478411357930867,-0.20515172400324247,0.7418285677861212,0.5809606787491759,0.2386264831554174
3,B,14.2,0.06926211751362127,1.7519803949899464,0.09020960735200356,-0.9522657115225249,2.757483624330376,-0.5914220157389057,-0.22297101575523584,0.46626320346885103,1.2544669396633288,0.9576882721568969
3,B,14.3,0.823260926963912,1.169599521255892,-0.04902605384498947,-0.3477155006654241,2.160908872297122,-0.6645729905427633,-0.21797322649240047,1.4839604195151361,1.3118852504197973,-0.28706227701391757
3,B,14.4,1.1538941764871244,0.9882882783332562,-0.041684949095639634,-0.22401730894059688,2.044062331244945,-0.2625598986304779,0.03410484244891282,0.2099590619207814,1.689869981441853,0.14261918557949826
3,B,14.5,0.5836498233167481,1.3406038742021182,0.04685289199200928,-0.8307071869376593,2.682552896477076,-0.6077211339560977,0.09008550159501046,0.06421163751879377,1.8934591214455314,-0.4850658440923786
3,B,14.6,0.4946810009699967,1.453222470771327,-0.04794324886785506,-0.5760114370132117,2.506250043092087,-0.14914347785325388,-0.4506282358477883,2.01555227841468,0.9514250090349174,0.37537517677992
3,B,14.7,0.6653841788406094,1.373048129335225,0.004650554405136444,-0.428508881238041,2.295815287287654,-0.6768952302587158,0.5072314397452891,0.7975542601872424,1.0477142569944797,-0.4318785158213981
3,B,14.8,-0.13477683656144712,2.0746097915506874,0.03196030304232305,0.048776542857267735,1.8550029802640304,-0.11095032590371866,-0.3733197122191107,1.2448615357701465,1.1121368540071637,-0.7244717164705801
3,B,14.9,0.49505899321772356,1.3579891812115454,0.02015221776242456,-0.3932820907579857,2.1027847746083705,-0.5207867934971365,0.8631414012213029,0.2858652100650647,1.4460368372540948,-1.8605293196425603
3,B,15.0,0.02684098183478656,1.8401977521456927,0.03074243290500834,-0.6842733384579334,2.550920389612161,0.5191397837525474,-0.13082728132521984,1.2287906657689376,1.0355752756293288,2.352768035089333
3,B,15.1,-0.10901704491249009,1.9979576621543778,-0.015071564221774967,-0.9646618299659792,2.912739154154339,0.0142436063748962,0.15586005874585682,1.6047966226644785,0.5400288739173056,1.1592387882182327
3,B,15.2,0.20946992142177523,1.7194664903931722,0.0005581831399254612,-1.2029243825918505,3.00280922155265,-0.06899463308300839,0.27928169210753295,0.10154775071217026,1.378977196467665,-1.4843754906473439
3,B,15.3,-0.36921694673583033,2.418623857355321,-0.07254406724965239,-0.3759733779167547,2.0987491562940273,0.0903658093097175,0.8332117014430733,0.26903415017508603,0.18950346951166475,1.4063443546330445
3,B,15.4,0.7516390167068918,1.1290657714068795,-0.00972406534788395,-0.25370877999473884,2.0254814705303374,-0.06888274244753043,0.31811362079953587,1.7070029180612136,0.6714944022089058,-0.29159637826335005
3,B,15.5,0.6421139141856063,1.2734966415941238,0.08611747023054486,-0.4701065980332615,2.2236582522050012,0.3706314878292727,0.6853141787112615,2.1597211715668507,1.1306638009068994,0.08867448386086427
3,B,15.6,-0.09167323448010414,2.1362068692118843,-0.05578183062346678,-0.7117916984085169,2.5048493533637894,-0.01867996745987027,0.04490058648569011,1.138191240607808,1.6958464804419662,0.7996552950688454
3,B,15.7,0.5733175535377185,1.3318431668750645,0.019912717603144177,-0.473431785355809,2.294261050310021,0.06192972622739163,0.06249251444863586,0.5611499649508913,2.1418901253111478,1.6810177346032864
3,B,15.8,0.5156579536619593,1.387947275007912,-0.02594380994429667,-0.6049495696325302,2.2452377091753477,0.44147189182808333,0.2766365513669556,1.2070141390647864,1.5758065209687164,1.3223142364482345
3,B,15.9,0.40488076720407595,1.401550104592852,-0.05333353524609377,-0.8870522409069492,2.8382106880999665,0.7587315568567348,-0.4613849438351082,0.732337225118859,0.5950668285361649,1.215620322314268
3,B,16.0,0.46446257547089226,1.4637782584555894,-0.016578595393319445,-0.506231467772984,2.2437765867321446,-0.5515475719342242,-1.4214083838438387,0.647921880265895,0.8483394918556492,-1.51219902960181
3,B,16.1,0.25408691842517717,1.5460647449058165,-0.02098015876326436,-1.1231424092016347,3.0100444561593935,-0.41768288415043175,0.05691977496196143,0.2893212728283575,-0.5157486632152705,-0.9974769743534836
3,B,16.2,0.6646042663822155,1.218608526450129,0.06805855908569033,-0.7785524653048493,2.368744343688939,-0.5065407447268345,-0.06759247146738877,0.8811115729479452,0.609809586995282,-0.6749392818952014
3,B,16.3,-0.3135894998951856,2.4102812180798936,-0.0499270920865206,-0.31507018456710034,1.9771652763408587,-0.30704623703470657,-0.11849740231769414,1.3185246801091932,0.24584137544895895,0.6744055769530376
3,B,16.4,0.20158954946619145,1.7193814121337385,-0.0321988122370236,-0.8874473395242412,2.6899595525070135,-0.3577271464129711,0.2815067930306317,0.9890109891859429,0.5701029189245994,0.20720996284767187
3,B,16.5,-0.3702007521066748,2.340685013426436,0.03620113256880851,-1.4021357165962423,3.270092967778335,-0.49669962302881165,-0.1671187510365214,1.0592585095056195,0.46203056828896727,0.7483243887937141
3,B,16.6,-0.23588583056025872,2.240703063570441,-0.05736606942066175,-0.7463160201865838,2.547395354565617,-0.40132990570469035,-0.42344818016230346,0.12256616760454953,1.0518577174555674,-1.2548131410976566
3,B,16.7,0.21923526539697424,1.7592396455852812,-0.04824576325100751,-1.0857586875711915,2.985485864731271,0.8260313323623785,0.1650795881007428,0.6270504554248595,0.743881148814166,-0.606005850342525
3,B,16.8,-0.2964685754953585,2.1137410564471693,0.0358108829978399,-0.6026693802803214,2.304711223341512,-1.1409327221031804,-0.05233208359487175,0.5944812782100926,1.0287543587214774,1.977947197604742
3,B,16.9,0.45859488924785863,1.376918406702828,0.05432510846636157,-1.3735155803971588,3.2496211238106447,1.075781382659906,-0.20687504702034631,0.39804693515628997,0.1443468872703154,0.7671193720552764
3,B,17.0,0.4752404342054054,1.5369982616032123,-0.006495761341599792,-0.8404716333878016,2.741683442040861,-0.1309002079485775,0.4028385658833192,0.7882557409377474,0.715675358050882,-1.2111911104330102
3,B,17.1,-0.027548047062161234,1.939191145812289,-0.03194619365374176,-1.014240891281919,2.9212735211875502,-0.5635690944045451,-0.002376415801310444,1.0350535905212683,0.17558594699165408,1.0709775946883318
3,B,17.2,0.09502956241057106,1.8184043234089198,-0.018260909602010794,-1.0465213133661673,2.9292646944869416,-0.6188555940681404,-0.4195542769800456,0.23669287509680825,-0.4232980822778841,-0.6183444744726776
3,B,17.3,-0.13344793604626867,2.0369373150026373,-0.006815893160931769,-1.1023096312879446,2.9334468310260773,0.4905398113201147,0.42213012953455553,0.6006954648612721,1.2326214280506622,-1.7376214463674784
3,B,17.4,0.07033741867923388,1.9168040637517703,0.06541054627817218,-1.0360331548895503,2.9965566940269244,-0.052020446257036515,0.9516461368157917,2.1901394890057118,-0.5271922579023298,1.8733312974151026
3,B,17.5,-0.19074947582778662,2.309083853556929,0.02909579731842495,-1.0790761100654793,2.970700892646132,-0.18504812582827967,0.1940077395211047,0.32119752551226566,-0.24452098488100765,-1.7213134452400243
3,B,17.6,-0.4105870092909244,2.1638924586672488,0.03867955026773256,-1.461196105338534,3.318606695149904,-0.08386577715840682,-0.6785870161472914,-0.12367171792039544,-0.5767000960890655,2.0022488380955186
3,B,17.7,-0.5386695130402867,2.4706804535345617,0.009891724650390583,-1.0423380778484965,2.995498935117686,0.02787568810097293,-0.10400491720807492,1.110811758247194,-0.9285121608055127,-1.6229854548093365
3,B,17.8,-0.0391856009298997,2.087493877911936,-0.028675838229526924,-0.5143737869727742,2.253764899864914,-0.5972185039758947,-1.0343661446097234,0.03773661957034058,0.11785196678219186,0.9206126283990776
3,B,17.9,-0.7610244984008242,2.729316443858224,-0.058653860343316704,-1.297475875457708,3.031401994760161,0.13508475643788995,-0.24804204217071632,0.9655893890285,-0.19444219266407678,0.32981522161754284
3,B,18.0,-0.24515457878259164,2.3033277264771117,0.01576258697172505,-1.2131155467799468,3.1093256800526428,-0.6910667644706961,-1.195896424407004,1.735972649675407,-0.3400965658641991,0.15767798209126635
3,B,18.1,0.03317297070104119,1.955073052467274,-0.03854087483299762,-0.9629041709309821,2.692103907456737,0.595079414196531,0.10814742802082859,0.28383077892296216,-0.18480106687932446,-0.07661825335594545
3,B,18.2,-0.6139143728803997,2.5828448618084874,0.051369394789216316,-1.2055246477043329,3.2622990986422082,-0.3735877641610303,0.29016855075450515,1.3663915968061133,-0.14534277156063674,-0.7432756579746198
3,B,18.3,-0.5181862129749792,2.430795704523809,-0.045321684908455125,-1.0744569580488357,2.830743336089686,0.2938504503340332,0.310015037203908,0.07768952603049639,-0.7866573022304975,-1.16668921350854
3,B,18.4,-0.29557253446042114,2.251672314339221,0.059528743607565174,-1.3755650351829511,3.0381040971857813,0.14505248380856275,0.28706506969814627,0.22060825659390704,-0.5280904515605062,0.1537505467862726
3,B,18.5,0.42560242405425347,1.545204932279382,0.04127413247082228,-1.2280354173542662,2.9841831761534463,0.309276935959604,0.4692028072447824,1.338103254627003,-0.41539987382064153,2.5086633272354146
3,B,18.6,-0.403683776644422,2.508772230876678,-0.07567032215662099,-1.017853736411852,2.874387950506482,0.17280161639299635,-0.053002280204536366,0.5053093219597591,-0.6900485650249306,0.7570682539093352
3,B,18.7,-0.10346797404246783,1.932711161547404,0.03756285825872948,-0.6131421271783942,2.254571571514709,-0.21117156068074544,-0.18763898166699616,0.6982270640396315,-0.4748410745507604,-0.24539569365370564
3,B,18.8,-0.5056224762617098,2.364300306714184,-0.06818619526138124,-0.8675584156673317,2.6788151957621507,0.5186729783922068,0.784901594472718,0.6283703145008583,0.3098643162715029,-0.5398365194054304
3,B,18.9,-0.3352606703420612,2.433516403525278,0.00256054695765756,-1.143953715957377,2.8932446478781295,1.2225948109559492,0.07285099286693317,-0.28084193353199793,-0.8462139609947456,1.6118345485286354
3,B,19.0,-0.6813447378760709,2.5411741170988575,-0.01681073478381063,-0.865762017775853,2.5192200333012416,-0.0051031155122446496,0.5484024449282527,0.7481404625085599,-1.0904064551990127,0.07143605932635917
3,B,19.1,-0.2187916648829762,2.1141968228845713,0.061004854577607216,-0.3988162115001377,2.212060790985775,0.6724555811601347,-0.2076495687803894,1.2936904749120939,-0.5352750390637876,0.15196736072093286
3,B,19.2,-0.5493331728089988,2.53813230106896,-0.041917439864476214,-0.8860564812864978,2.8798312330674447,-0.5457141779597654,-1.2756071322299192,0.4868993838598404,0.2995484356494694,0.5413705718745063
3,B,19.3,-0.5395322983530421,2.3923459565563086,-0.005608109663297537,-0.19001951188382982,1.9566988225857507,0.04529911771894518,-0.3971132796081561,1.8523893091849737,-0.869035355727066,-1.3520656224493255
3,B,19.4,0.19378531199248605,1.6639062942796423,-0.03510242420651034,-1.3948881441151006,3.1529177034564517,-0.5523913347647493,-0.19012623150996094,1.7976944307945508,-0.7634112660992008,-1.3059626780982365
3,B,19.5,-0.07292728391304426,2.092723966193161,0.05011677168179557,-0.8710788017185644,2.6881418808793387,-0.23703794511690895,-0.17789605063890057,0.23681530983273014,-0.6521682310019129,-1.0105203384544263
3,B,19.6,-0.005687165367138758,1.849073417959385,0.020112030431955336,-1.1738329066528146,3.1127805381463327,0.48846754614585963,0.08355963299071167,1.7516256386079134,-0.5023603848328313,1.4706507889049336
3,B,19.7,-0.9975012779002179,2.9587708284072836,0.04977378123093188,-1.0377519127808763,2.8521825149114175,0.7961319813355766,0.038308544387516776,1.5989816354067594,-0.7988770471806458,-1.157573205705815
3,B,19.8,-0.005267164366764443,2.2137444694988373,0.06731024520067398,-1.2652661507383685,3.2503593410647147,-0.6570305262626726,-0.38668481171332564,1.3853069209890325,-1.3606879533909748,-2.2124168622764735
3,B,19.9,-0.027242947080763913,1.885926513378711,0.01885232811461269,-1.0571746172869307,2.8439872096720022,0.6558538538199342,-0.42159967816338323,0.43487642341689553,-0.49616361560059924,-1.1381446331618739
3,B,20.0,-0.4068899020816523,2.2541678769208224,0.02407208461823221,-1.1002669123790016,2.976468240872436,-0.20295929520850112,0.2504828435963688,1.1824808154649278,-1.6001076755690433,-0.5634377298580506
3,B,20.1,-0.3088896869190398,2.266111204087558,0.015770510429261975,-1.5347866289273258,3.336004751449156,-0.5932278967300486,-1.0655508979747694,0.7734121224962452,-0.2658881566626976,-0.9973824364628253
3,B,20.2,-0.5591467851591654,2.3402710316074034,-0.01572716803863751,-0.9146980860004467,2.76771335550691,-0.43787337144631444,0.42924759606940555,0.6930174028551959,-1.6455876266890865,-0.6797335150950222
3,B,20.3,-0.6711304982436019,2.5382325840468196,-0.015127201258052557,-1.0142197487070879,2.864087173554765,0.5170624385618043,-0.18421749777770766,1.3072815220311114,-1.2486614488113692,0.8255273525469243
3,B,20.4,-0.5052854980248395,2.2286606157924007,-0.08255061750416304,-0.9302895488964513,2.7618500137868875,0.2505291014569333,1.4772300330627042,0.5784938611069608,-0.7971680463704307,-1.0594347573409342
3,B,20.5,-0.6885832609789958,2.51247704400149,-0.0746023233844376,-1.0508754676405616,2.7678996521601547,-0.4495534342400306,-0.3284457447665499,0.8641233807695226,-0.952383813861357,0.5218228297979456
3,B,20.6,-0.2154108817765656,2.0574856111193363,0.00939874579309283,-0.5264133648669858,2.223847537943858,0.3326974575161598,-0.4623770936767758,0.8385984223647833,-0.5344817334010064,1.3793600543041469
3,B,20.7,-0.7028596741693951,2.758202925782066,-0.06755008616080932,-1.1999360680704911,3.1148719493805768,-0.31857893959624045,-0.3083383858797718,1.1888999729569627,-1.085411696513728,0.8728768186340217
3,B,20.8,-0.6550158284538177,2.7340379802317676,0.07962662270275249,-0.5417043734049325,2.287463319738678,0.07341621354364773,0.12708690001230294,2.0142097429638386,-1.520875657541523,-0.8381740685565698
3,B,20.9,0.0921386113501047,1.8636728660488007,0.019430146040788368,-1.579705826084747,3.5255858032421274,0.11822485087684902,-0.009805039233177886,1.0811246566000547,-1.5183513745180333,0.04573084627944179
3,B,21.0,-0.25893594713778456,2.1205910248459094,-0.044147228661851785,-1.0747730969533194,2.8646631102728195,-0.4041475489539471,0.7737855239576691,1.0481628616455816,-0.4689020477174947,0.3691607192404393
3,B,21.1,-0.42477204988820916,2.3827964596567797,0.07888966627243656,-1.331897221397685,3.355505479237017,0.22826014224954816,0.5807887798553497,-0.30190766812920555,-1.4396771106531812,0.9330396426566911
3,B,21.2,-0.43910629084664754,2.288860962200124,0.07677948728646769,-1.002279510991111,2.7174531994516737,-0.1844711932333153,-0.06710548080421848,0.47705548536059966,-1.3440462512909814,0.7807363115241512
3,B,21.3,-0.5100760389789496,2.6085744562883786,-0.0031051152826410944,-0.3573393898723063,2.286962476584113,-0.317331152994601,0.2823333705081045,1.1596897171422864,-1.1580611920393467,-2.229152298224298
3,B,21.4,-0.2778979713680074,2.3055106531805944,-0.07854321946541629,-0.9923265491310862,2.6872271685812867,0.052342969246087154,-0.77851026162448,0.5324197050265815,-0.783342963285035,-0.8658865624444944
3,B,21.5,-0.3835808818497281,2.349199544262614,0.009349238130431708,-0.7038865407144798,2.5894319473383463,0.817984779472925,-0.2949562162318609,0.9131128101691947,0.22416274680502712,0.27945361090499304
3,B,21.6,-0.9605230535469558,2.721194370769306,0.01654609369444991,-0.4556071601708009,2.289465269456963,0.22504419104450157,0.13786532425693016,0.05658328508010657,-1.0393488948428629,-0.8338581858524489
3,B,21.7,-0.6305984668646094,2.443045540412631,-0.0016845069150076366,-0.5941263340975895,2.5293480950691047,0.11886264251705166,-0.7401103893598151,1.7825965208056012,-0.24692866711321004,0.9607377824551999
3,B,21.8,-1.6686927297640888,3.7152300180629405,-0.004217842963792285,-0.9556255153353499,2.6310672806740767,-0.7382736865005783,0.41355176906110114,1.0715710757919354,-0.06665560339621213,0.8937434696802697
3,B,21.9,-0.655445988271402,2.530965081988423,0.010145394905666343,-0.6249150267043991,2.2748059091919774,-0.06892157782658297,-0.4112565539233554,1.6310933983663842,-0.4084959826754533,-2.0444639674098273
3,B,22.0,-1.1359062408144782,3.208046229573476,-0.007022125319971867,-0.7585213567696454,2.645018220325702,0.44994450371281747,0.5100018635340161,0.7124488223131286,-0.5565333813532971,0.01359483158485927
3,B,22.1,-0.8732934904593599,2.8795262507987927,-0.005948147200019473,-0.5466843135853372,2.506349536982065,0.4238262153685184,-0.6809408452342924,0.6987702554169204,-0.5373307021939313,1.4513875136539998
3,B,22.2,-0.3554839696731177,2.3030660241221357,0.04200211260633173,-0.41378775555949965,2.1259965231544284,0.47190313855530563,0.12423218388212134,-0.1550917263431344,-0.22704641449840085,-0.6526068430437186
3,B,22.3,-0.9680787261509397,3.0288493465842508,0.03141437497903915,-0.20674891906877113,1.8704452802044798,0.037261044942789597,0.05796139206675478,1.3347745477862967,-1.2569960120206702,1.0602946486258762
3,B,22.4,-0.41901753919167234,2.326844475810788,-0.10819354443651844,-0.06422404035631046,2.0086481092401907,0.3931182054907603,0.26856628128831045,1.1066604991183888,-1.7349254600642463,-1.3790089121037887
3,B,22.5,-0.7156198215423674,2.7080854440961946,0.045820053597015846,-0.6725594845111296,2.5235672319565907,-0.17880073489560583,0.11571812558958763,1.1480031376109077,0.24355830256393218,0.0028676597767179355
3,B,22.6,-1.514757527520286,3.4525822471924075,-0.03771191416765132,-0.5129112242704535,2.2566794714962293,-0.5816599459064313,-1.0048476850982904,1.020265080365078,-0.36039455107417423,0.4355872378182643
3,B,22.7,-0.6613864833567555,2.6074950457701354,0.06811524891126795,-0.051319590092857525,1.9475455287581378,-0.16875747277958889,0.00013465843323018343,1.182608830069454,-1.2257949761562692,-0.4866304725753967
3,B,22.8,-0.7943804220482994,2.828550871269909,-0.05408300946876751,-0.49374789105838623,2.319791002348172,0.021673302403214127,0.20751307464534197,1.3454217134425588,0.016564012754141044,-1.9983922724791396
3,B,22.9,-0.669187552043629,2.665483085252933,-0.04442919846655548,-0.14371678759590567,2.0470649468702846,-0.5034321792522224,0.40334558756152056,-0.24358241894923538,0.08342378609702966,-0.3727102413983891
3,B,23.0,-0.5063724999793517,2.263448476425685,-0.032123467796678046,-0.2639676295875193,2.1024718983242745,0.6435914996001812,0.3589863199748194,1.2274300542663321,-0.10990498947237826,0.472539137833353
3,B,23.1,-0.8606788181724676,2.800916415671185,-0.013769344800813214,-0.5897586309649703,2.469071778877505,-0.11682234952056066,-0.37591033274860053,0.6587043090620942,-0.26004370105123914,0.6344988869272348
3,B,23.2,-1.2766635591212179,3.248425158888369,-0.03439763351693762,-0.7567704668484825,2.599332479325998,-0.3570810412846494,-0.3316022554082157,0.36930787513830127,0.023952878805802685,0.1841225234705721
3,B,23.3,-0.687042365172984,2.654773649075379,-0.0339575668092539,-0.8796913423849106,2.933586187475912,0.2828600059168015,-0.012321081064343683,0.9736417433014303,-0.8708554275312775,-0.2617258840332979
3,B,23.4,-1.085630362066882,3.063935916653767,0.0757842691657287,-0.43869946715325364,2.3733176515415577,0.40393649148147104,0.7860157859500008,0.5241106298540431,-0.24446092620372015,0.3930924703988967
3,B,23.5,-1.6382943863903607,3.4655052429285043,-0.055873389444036775,-0.7610934749733652,2.4909374434387757,-0.7666059789109242,-0.7391421911853845,-0.48069943441740126,0.5422589614381831,0.10486156753264801
3,B,23.6,-0.8403482811787579,2.6904531003590635,-0.04442899935699259,-0.35445277081619614,2.324496748919795,-0.011452963106914456,-0.2531335741646047,0.8458036133891303,0.34347263648192294,0.05015277040594235
3,B,23.7,-0.6844875285554388,2.7666487642798097,0.08142618465059932,0.27462921080748276,1.4289852200679238,0.3934493825514532,-0.4051667927628822,0.3760539860850434,-0.7108097867029219,0.24813022002765112
3,B,23.8,-1.7249704010784042,3.6820488346790263,0.08025340222624242,0.41949476739734404,1.2416543632585062,0.4367427833190903,0.018832974009342807,2.1543933057990015,-0.14752922290205334,-0.1989011651112462
3,B,23.9,-1.2802304856448825,2.997063851671027,0.02883296437658696,0.00038821546407563634,1.972117420523829,-0.25606370712051885,-0.446317456350591,1.0239967348664756,0.2629183005066919,2.190319983028903
3,B,24.0,-1.7105951186276611,3.5716532280531776,-0.0005533025180485413,-0.4756835908228598,2.2449036869659507,0.16571502220545645,-0.8731006161680739,1.363563141385462,1.475471197521704,1.7010025216597247
3,B,24.1,-0.36901237950434107,2.3241936197774637,0.05101613669451286,0.3571286375404956,1.322027325598714,-0.7810769639230313,-0.1808299196651658,0.20849179343110846,-0.23729583831221318,1.1365532465138397
3,B,24.2,-0.726617828530479,2.610779094783337,0.05628371932166967,-0.7500813786265403,2.531931050226156,-0.38502426039617804,0.787510842177096,-0.298870715037704,0.11307782969394026,0.9530078422647055
3,B,24.3,-1.5169847517429982,3.4922838782663472,0.11821815712638649,0.4448421452726815,1.3129593573006564,0.9679032216558627,0.4690021667930067,1.4251440279840168,-0.43175667639217663,-0.16332509145634813
3,B,24.4,-1.2025698415180937,3.3034607882082847,0.08454134430755235,0.14141760771212902,1.6559572564133629,0.24094959704370386,-0.8128323191765257,0.876154410400343,0.9193067309079439,1.409062132866641
3,B,24.5,-1.1900255974587053,3.1516271779889338,0.025563204399814545,-0.3076170870745132,1.9910269060937664,0.35907655880255207,0.8143108406027032,0.6321158736992514,0.9939279296484103,-2.6471862164592577
3,B,24.6,-1.0757223990795008,3.116517797405532,-0.00549352821470693,0.2980714634571269,1.4479271452101385,1.012176311999345,0.02090880491068685,0.6109643549074011,0.31993863296227026,-0.08472804287613704
3,B,24.7,-1.466257377353635,3.4571259565446475,-0.02263025128850704,-0.08821359445494027,1.9524529054069433,-0.2753285006921756,0.7782185718239784,0.6504303331929084,0.6759698161153561,0.5048488549774696
3,B,24.8,-1.212990074970136,3.1918289376414144,0.06834846098384519,-0.5449669888680233,2.480378302431709,0.4966327949347505,0.5534650988182054,1.6067472110124206,0.34768728456043163,1.0028071445321882
3,B,24.9,-1.145545629965098,3.1656770694504,0.04884901956833583,0.3615652206774287,1.3750979751277723,-0.021163297770373186,0.3011309442523007,0.9450662902269138,1.1662426836653248,-0.13330616043102048
3,B,25.0,-0.6123575895162034,2.5535224894328943,-0.04351031369114733,-0.30736499097076897,1.9981200301449284,0.3685550165347623,-0.16766495777418775,1.000408347130784,0.7788275672964917,-1.461164176453598
3,B,25.1,-1.029622666233322,3.0375440982636643,0.010513486663734951,-0.23425075393629047,2.1489828135893174,-0.4219267336698651,-0.7614150509623677,0.5192243661700147,-0.517747675112759,0.24348971544531853
3,B,25.2,-0.9604939206245062,2.7389899547813314,0.019684315883478184,-0.4915872850972397,2.367528491839748,-0.4613255537066478,0.2291594420486898,0.3754505301608297,1.5165144767921428,0.9969980698682666
3,B,25.3,-0.5529523809578687,2.614929408658027,0.034720033763546584,0.7141229151474117,1.0359815243923678,-0.1526733908182145,1.217760238112689,1.0666234029581778,0.4001759102025194,-1.5691435344633122
3,B,25.4,-1.427359642154617,3.499836347901483,-0.016527653283568196,0.8825694367867878,0.7137576266573054,-0.32833915863134605,0.6667207358821697,0.4497585521734555,0.8350737801631077,0.7251747281847386
3,B,25.5,-1.2108156316389618,3.115857551701666,0.02215034280676334,-0.12784419466760924,1.9973242342905373,-0.1864289040211625,-0.24606811831265468,0.9418112044970649,0.5806091322464839,0.8819297039178082
3,B,25.6,-0.7088736284127283,2.495846931966814,-0.012318042359013976,0.24962813382164833,1.5698335191785087,0.04538896164030866,-1.1051574253389103,0.558940510914175,1.430052551927968,0.586134765230215
3,B,25.7,-0.774925961747598,2.7466197574056386,0.06061366916022326,0.07407387559312217,1.441733571109138,-0.19073473677363265,-1.392506878416945,-0.24927780253162202,2.134510192908829,-1.5185930843025088
3,B,25.8,-1.093178658405851,3.117040602215993,0.002134358236581618,-0.1684921005015535,1.900482973345875,0.5815935745206053,0.09292376048764393,-0.12104335383738274,-0.12769337203439157,0.9827181760945571
3,B,25.9,-0.8493276784542199,2.569903400428366,0.05848343303280208,-0.23406149185436004,2.0667886264997066,-0.09189725415114808,1.0111589298022758,0.9757786223578264,-0.6481177945531416,2.3030941741041464
3,B,26.0,-0.4963182233390735,2.3884929307849565,-0.0008825267250571162,0.6710199832071403,1.1940312967460964,-0.3693250145087988,0.07656977407092526,1.1847800393300094,0.9389080900222774,0.56365224884882
3,B,26.1,-0.5311824995226849,2.4702313799433275,0.005287276555851755,-0.3567351574336962,2.1866943883209755,-0.08304355700555172,-0.2425513175546522,0.38545307396438655,1.482889775673532,-1.1702870807458272
3,B,26.2,-0.8882848049138269,2.7817463880645916,0.008502069713894554,0.1862485198248861,1.5474537999285332,-1.1298274600038936,-0.09533444543204851,-1.0146105840393762,2.0653536037875364,-0.9673763049864907
3,B,26.3,-0.7536586654266778,2.668812475857516,0.0426459489279855,0.5345718219561708,1.290329060602481,0.815104721392833,0.27476895574713256,1.5578071961475226,1.0536094879992977,0.1154503390354337
3,B,26.4,-0.7435081563284092,2.5646569592575337,0.023590252793200275,0.09072963709903753,1.697770547604511,-0.001962657008495968,-0.3270050194236448,0.829679842571231,-0.0181233292691656,0.15605428942200908
3,B,26.5,-1.1087642762107541,2.9826343564001863,0.007540520827711503,0.13797321743208021,1.8650871944335519,-0.07248049645350682,1.0100193426139985,1.6621178620424613,0.7539686374917468,0.12261900145964082
3,B,26.6,-1.2252893927395714,3.165427928999274,0.04289195503636976,0.6608773915800925,1.0951089621090997,0.20971849349683536,0.27904732857063363,0.3926829675517399,1.057992360220885,-1.0601634610411803
3,B,26.7,-0.8089272094793079,2.900185592031775,0.0502516395035657,0.9053831545332324,1.1010989535227247,0.33387137170891024,-0.443263548631682,0.8162093835642023,-0.32592402499230155,-0.9639016787523245
3,B,26.8,-1.0107683195711603,2.982457492705841,-0.04451590562077574,-0.2592948436442937,2.228440054029699,-0.5066201489270663,0.7600689499189582,0.4387925202134325,1.5133881896782306,-0.07557517268675361
3,B,26.9,-0.6659589573876679,2.5994940204326014,0.0872131118064291,0.19644846956093698,1.5691160940544737,-0.4581743218506973,-0.7567053828229304,0.45109187901726533,1.1319712531967288,1.705758022511684
3,B,27.0,-0.376420464148567,2.2074987865271427,-0.08270301039017568,1.0575339609091612,0.9426390888679216,-0.7229697365444132,-0.9084586081750259,-0.3693419014391498,0.623618205591078,-0.9645625879376979
3,B,27.1,-0.22505656964668885,2.1063007327950443,0.023056802507525107,0.5515253258602286,1.298627095509625,-0.08171985800268712,-0.25631080059774425,1.0392027787974922,0.38481393736903824,0.25324571396560147
3,B,27.2,-1.3840573113676666,3.0891816425318095,-0.039825107841988505,0.47553042956762653,1.3969318671710305,1.269618128861985,1.1880927324268813,1.2956137806872308,0.3797971228938675,0.15481015962908484
3,B,27.3,-0.7980935664327584,2.663707020913534,0.059759111590591066,0.5845372642782379,1.328209905913514,0.3389386268883346,-0.18422918047925207,0.5282895090176245,0.88169638768927,-0.9640316150429602
3,B,27.4,-0.5050193121549618,2.258857588047429,0.030700393226490437,0.9500480119632746,0.7503297969629461,0.02492825980461019,-0.14540822785222135,0.31295928038514487,0.7912566659089749,0.5920500703625726
3,B,27.5,-0.8931035335862135,2.985925821084626,0.002267255685899314,0.23976367314860947,1.810163816726452,0.19653647313563144,-0.026901914866033758,0.48468335483117175,1.6537962408645002,-0.47749580209962256
3,B,27.6,-0.911463944634921,2.9986478755704784,0.027452137503686882,0.6390500957892544,1.1739501500615313,0.21296985621822986,-0.1789936145293972,-0.02801031339924437,0.6368305143048736,0.7366730574613276
3,B,27.7,-0.38686989838882163,2.0189468431441844,-0.04231587585529918,0.33193690970869794,1.3872007950168925,0.23752104429636098,-0.2112147250876959,0.6362896171715389,1.3660356299183398,0.5182632067245595
3,B,27.8,-1.1326233631065792,3.1457370456699807,0.051912500828999134,0.3839885651569099,1.4348658750292524,0.5369252224785076,0.08274753781485067,1.0545704686516788,0.9225783655326925,-0.864945886957596
3,B,27.9,-0.5415871353572017,2.6426513288195217,0.04050597157089525,0.4285531413960995,1.4140733003701553,0.34446184539741215,-0.07878688649776178,1.2452822046008292,-0.003548064983419974,-1.1565690155592816
3,B,28.0,-0.9190761903331537,2.996635382035058,0.01259093764645882,0.7828329492269344,1.1023416381218967,0.07187242665102737,-0.20104903362694768,0.6472729453148981,1.7400360113230833,-0.48974500487667344
3,B,28.1,-0.926742014360026,2.819490077434285,-0.10454891887420972,0.5324520701232132,1.108726073353931,-0.5187585537805505,-0.14920336326519593,0.38213849604553546,0.9031720344933591,-0.6134676936855266
3,B,28.2,-1.2749400027673266,3.19565138767681,-0.029080642000950604,0.6680689087647156,1.179583704214648,0.25931214074126424,-0.08041702494372738,1.4344686895832184,0.7160251414895824,-1.0980538838836569
3,B,28.3,-1.081077041025197,3.217832884653963,-0.05020009464018106,0.9301492908739506,0.9804808339992427,-0.25046841994110774,0.9940410080003325,0.9215952491399311,-0.7440155066094447,-1.01164373204158
3,B,28.4,-0.3775485776878768,2.272150477777056,-0.06197879864517628,1.0168994725669638,0.8706728579421671,0.37949132407439007,-0.25447998091266344,0.32296380828912474,0.08379530465692381,-1.0795496746814968
3,B,28.5,-0.5714690310853084,2.586474764779657,0.10905081710175862,0.27558491171537175,1.5263554113085802,-0.22983456297838611,0.2704072143833426,-0.019713689047145266,0.8179391556209559,0.49144177469367445
3,B,28.6,-1.1600902805222912,3.1386531894429437,-0.025640578889005124,0.6908440412939724,1.1195496301270984,-0.22603618498107544,-0.7719697070525601,-1.3888696256451971,0.26073645598935713,1.247486291218073
3,B,28.7,-0.009686440383224082,2.014017274699076,0.06769788311628468,0.6205580945058131,1.2206095699849833,-0.0544558470785047,-0.1787911768418633,0.4810022493829667,0.9635306390417393,0.6374429361276247
3,B,28.8,-0.6097092120862284,2.347926514614611,-0.04318452307453019,0.46118081406649797,1.2308205148764284,0.35453746957071236,-0.8162687592716942,1.0968140219421787,-0.06839091707994449,-1.7532141509481822
3,B,28.9,-0.8059493291741817,2.435160833592348,0.004948910540989078,0.7107557046130368,0.9562996258189229,-0.26669202352653526,0.33615063109742993,0.8485581214924567,-0.05195423499753116,-0.5357209499760249
3,B,29.0,-0.472622995380261,2.4281703830576866,-0.07999409924773677,0.6624816264259852,1.1612559617027554,0.271621244873297,-1.2348788911076067,0.3522292507349779,0.20710141657126546,-0.7295591566710851
3,B,29.1,-0.7784582778791194,2.609717567096623,0.050384931747708084,0.7072076676575514,0.8570269382429524,-0.624221834257477,0.2009568707098984,0.7513059235352098,1.3753481765656828,-0.17371213993653858
3,B,29.2,-0.4995499225663519,2.255109936931713,-0.026598456860079667,1.314899291230979,0.37092047417286134,0.4825516706796713,-0.9960285069703066,0.18922700901134587,-0.3051709303626636,1.0016947631528497
3,B,29.3,-0.16164713116029594,2.063742460555371,0.005715381659268506,0.9473197003057311,0.7801212261282198,-0.3320376290198487,-0.5614325550862004,1.058761416064085,0.9075825378041822,-0.39193569600736583
3,B,29.4,-1.1296237662603046,2.990081059691358,-0.08231980450824405,1.7641264591860737,0.11679443455245409,-0.3114173926853069,0.0023860000382941965,-0.2270562196840748,-0.9623020755364137,-0.7390089649640256
3,B,29.5,-0.6833650893342801,2.6498043129881546,0.05424927134815014,0.6124724004396642,1.2551635263114092,-0.2600532437841881,-0.5728338025751836,0.46388141003361416,-0.28456262334843463,0.5173530371529329
3,B,29.6,-0.4472481823718305,2.387112659039179,-0.06354431585036711,0.9210998472023243,0.8126066301450576,-0.06652267169213472,-0.2667524709734457,0.8170671062471673,-0.060577265712047204,0.11917763497104775
3,B,29.7,-0.3976581724727182,2.3136773906246777,0.007056869659932234,0.5522982023549466,1.156368852117755,-0.45306528191715273,-0.164951331123853,1.2996338498344127,-0.27139371263265044,0.23917145204681686
3,B,29.8,-1.2649033314614604,3.220511902867617,-0.02033579377785784,0.4944287651777442,1.2043673004684972,-0.3443908661292728,-0.0339944151516224,0.7117004394784693,-0.7289442910609039,1.3193093525507964
3,B,29.9,-0.12791875561445842,2.2024100891819396,-0.06692305728479574,0.43269423610453417,1.3955680919347186,-0.1773863803836806,-0.674279879303076,-0.5142930108414406,-0.7177093310507,-0.9979691566834644
3,B,30.0,-0.30011240777193987,2.192624668800381,-0.033056280235755554,1.4001731742794221,0.5291719787613121,-0.31134138358908625,-0.6880350867161322,-0.2405061586039176,0.15886762605471955,-2.0278808888356394
3,B,30.1,-0.6418559786220968,2.4819369154520077,0.09680886774132624,0.45061437019986184,1.5141921257087354,0.42397397353171656,0.7771024977638292,0.3974665103035495,-0.3531866884578857,0.5580937759946594
3,B,30.2,-0.25993761208644933,2.2580868509285854,0.009952496658716972,0.8341327353228403,1.0009947451851307,0.5163283847960244,-0.26663273092814216,-0.44765035489177146,-0.9641786797789333,-1.5463421258746675
3,B,30.3,-0.5889342758005127,2.4562259024448787,-0.08014096803544338,1.0146901499901546,0.8909623674457321,0.655840316310784,-1.0807713148851903,0.47368859549363596,-0.3035825185826003,0.08682234409606841
3,B,30.4,-0.03385712543510472,2.137534906418828,-0.07888538295096915,0.7679400927622928,0.9524078807647265,0.06014869987498926,0.7060675036453117,1.4684662201278365,-0.9755654680116647,-1.1655250811425706
3,B,30.5,-0.7744350187583859,2.7063112447190565,-0.04015093652788267,1.7007181344675129,0.0,-0.28311025004841794,-0.39608787239948196,0.22275007423587137,0.030989688759461287,0.5347772464378899
3,B,30.6,-0.289171102477544,2.210061910381478,-0.11609197299685013,1.4407900721688514,0.4971528689461959,-0.4124027400448411,0.36425081751261273,-0.3435454075448573,-0.7502881700706063,-0.3174636303606292
3,B,30.7,-0.4677292654719026,2.2856134146750584,-0.08907554045184347,0.6793572798655751,1.2058572246054853,-0.9875330699414312,0.17224964204842846,0.3785909614413523,-0.7857905702569596,1.0800434963332404
3,B,30.8,-0.8201806293103534,2.746761782719161,0.05369263237601912,1.345020598534579,0.48694106719107055,0.7004036060795563,-0.2072514892292203,-0.5635352243518643,-0.8630460812949343,-0.38928940680490354
3,B,30.9,-0.20468744675556333,2.3172464962779116,-0.06776804734838025,0.9193062739004809,0.860058267124419,0.7546679687989996,-1.0654576518867491,1.370265989667906,-1.0603077657009952,-0.754005004727952
3,B,31.0,-0.3876254692251763,2.2846717010340827,0.004029728050816475,1.065707916239807,0.8066194677014691,0.27707531701804256,-0.6417265142892696,0.12511880661770197,-0.6464664072547218,-0.5205759259388438
3,B,31.1,0.10131729641832254,2.065514860328192,0.01829654353488965,0.11468320820226696,1.7575890979175397,-0.0643361113166229,-0.013247534092980863,0.12089107669303743,-0.5909696679115635,0.477583282735722
3,B,31.2,0.1933836016587318,1.6692471946438228,-0.13510606132890227,0.7595579723760403,1.3187508602111235,-0.22387450169075399,-0.13203450230618965,0.049783289818980836,-1.8435123537069162,-0.49821901151634995
3,B,31.3,-0.6227622267882028,2.6062706071166866,0.013982076255718848,0.5206292895297324,1.1199061909273058,0.28324083490528273,0.42101818991828044,0.6565963617729551,-1.6194782688149727,-0.8450448079715039
3,B,31.4,-0.659093376458638,2.4712133593388073,-0.040638123540746196,1.1500660610649953,0.5391020807407796,0.7737324955016339,-0.6753572981292805,-0.1491777401421287,-0.3546923230872464,-1.2189139785688725
3,B,31.5,-0.6792960422487695,2.7249707492918507,-0.014877933818477235,1.3284666791528408,0.38527907648820414,-1.2016248866745747,1.1470203261481347,-0.7955402198942979,-0.7492290660234288,-0.7854909931673995
3,B,31.6,0.0847944855155941,1.9052347306356145,0.0017841855505099536,1.0448236791663938,0.8495666163834438,0.5059329974807668,0.04750464384645132,0.960786561815255,-0.8157723544646217,-0.23869424551306356
3,B,31.7,0.09166216997605198,1.6794410434090037,0.054994614789281096,1.2328215818664463,0.6302949217957614,0.3209946436543645,0.7753578731064978,1.1223012391666456,-1.5274581120179664,-1.129050262164512
3,B,31.8,-0.34480814676855803,2.241032274503957,0.16101994995726315,0.5525421295385098,1.3808605318811196,0.7074601648336502,0.2721814848670112,-0.7380240762497272,-0.7444311272242607,0.10173385045801334
3,B,31.9,-0.1665972261086094,2.059273948856313,0.0071816274878498875,1.1404614370549262,0.8538626442148336,0.6604830371008801,-0.46881808491863186,0.46552507657775266,0.4328055616675005,0.6788678445266401
3,B,32.0,-0.439382292477857,2.379734955468936,0.03161964694887946,0.5419979400331979,1.2644886288471082,-0.2135019017468027,1.3047978834155225,-0.14543679063295975,-0.37638222510916763,-0.6166775039271032
3,B,32.1,-0.6198514947071345,2.7193145116071786,-0.06299566019673146,0.8136109983314905,0.9908238685441152,-0.04176203986533076,0.5963770180865082,1.1393639407722367,-1.8545842192996234,-1.3165040280213818
3,B,32.2,0.27203021880902367,1.7831317355700889,0.01985187787048031,1.3211250506937873,0.336068089871953,0.029959753991332213,-0.6930831660250893,-0.070588067616472,-0.9651528718828545,-0.7257738878008064
3,B,32.3,0.14658466076470092,1.9151408557720273,-0.01571383155490574,0.9940617569275164,0.5981282987237055,-0.10312571241788628,0.43016200158741597,0.5929045626556173,-1.204229002983796,-0.5967753768534322
3,B,32.4,-0.07059174102848513,2.139496847438808,0.0002649772458297323,0.7538371364130939,1.0827579001471948,-0.27370821913293836,0.49955603915854274,0.3757295507738454,-1.1144786085125844,-1.3576699262953313
3,B,32.5,-0.9916093676001372,3.000750735075535,-0.04631295727789392,0.7628933612125411,0.9687943590995051,-0.0865270932719298,-0.5796508659182154,-0.20726645840765356,0.8144044608164528,2.462977557042771
3,B,32.6,-0.1146355003972497,2.1111628473023076,0.01603221272903246,0.6855172433250951,0.935762729185463,-0.5438160131235552,-1.0468986428918277,0.8268378610608692,-1.5815625539843345,-0.708488142210016
3,B,32.7,0.2105549217433097,1.6422310339259139,-0.025547712023750915,1.7353937722552664,0.011740395112762814,0.7802907193365226,-0.09314702077773943,0.5321982773954957,-0.512403376850803,-2.3465194806771685
3,B,32.8,0.438570683293032,1.5265748491156683,0.08493496417760626,0.7937871983759011,1.0799679374816062,0.12419705828401047,-0.868539035388801,0.10692752669581743,-0.8835168502949752,-0.04776771883258928
3,B,32.9,-0.2781860967488906,2.1068087172836707,0.005151692749449688,1.272932328094957,0.6402426046884058,-0.038733695032077534,-0.43302885275391667,0.18033547698206892,-1.5098383205246009,-0.586117693826046
3,B,33.0,0.07327863788991236,1.8839842650080802,-0.015028941433518017,1.3838201645060555,0.42689304298223685,0.36682370004568293,0.08520550484509835,0.06872039262099315,-0.9173338911487857,-0.10009961433516214
3,B,33.1,-0.20955228287011243,2.1607821303961465,0.0290798895220276,1.237761318366045,0.5698749471134326,0.04683402654566641,-0.4206938603718638,0.10722542535917223,-0.476111968006303,0.15093435270284142
3,B,33.2,-0.45750324517926094,2.2396546762357334,0.0926858185938094,0.905787609458091,0.8002530478525529,0.5523425934259065,-0.2085411245236929,0.2242083159694636,-0.5428796043779288,0.6393404921589624
3,B,33.3,0.420635701124165,1.4111192147177882,0.044799342272070046,0.38408996675428453,1.324132490926436,-0.27027078299865404,0.6144521567080848,0.9513143250809961,-0.48628776149682135,-1.645765712915576
3,B,33.4,-0.15739348411078577,1.9087257356084595,-0.036327104267806956,0.4062232022368933,1.5355524750767098,-0.13863665070101627,-0.02442268543680918,-0.21002064431099138,-2.317993920069294,-1.8987993708147686
3,B,33.5,0.2499090072543705,1.597724537835942,0.02988144560698194,0.3863946500574497,1.34858245182755,-0.009130461569241669,-0.07065882642231464,1.2059356066288816,-1.9989587177831138,-1.6540798646729538
3,B,33.6,-0.32505123559138527,2.374178089703705,-0.09422357005732884,0.551082013400455,1.2608265402543135,0.032058254681889144,-0.5947425772834527,0.19493697921479125,-0.9958861627922763,-1.1517359917505419
3,B,33.7,0.4941646498101957,1.6300237895477836,0.03212544765458548,0.5057416415944223,1.381929590917093,0.4091420608755987,-0.06801282312279577,0.08753709917714862,-0.2880990937165387,0.29088282033228186
3,B,33.8,-0.34343567134328035,2.239003549991091,-0.016695148548118804,0.9050103248325656,0.9625920527282482,-1.1389962424492108,0.510080333147159,-0.19788208431095336,-0.38179855163381743,1.4997804938864678
3,B,33.9,0.08993507937182674,1.8111913022887012,0.012569790470538923,0.6449153598452925,1.0742299592044247,-0.5176745117975697,-0.1729265598860017,-0.025171555054849123,-0.9520492673130553,-1.5659233802916912
3,B,34.0,0.12589405314260008,1.8665008703700114,0.012677029799169041,0.6406231196050235,1.167146465963102,-1.4894239063724046,0.7631255462964188,-0.46888132749403594,-1.350805824148755,-0.13132686478325611
3,B,34.1,0.5958257933693132,1.2555328048744352,0.03295661246857692,0.7234072603022562,1.1698899165645957,0.5934300725498578,-0.8830516720933268,-0.0442638742643443,-1.060618024860283,1.3948564613149081
3,B,34.2,-0.15903042590489733,2.083606057653669,0.10543015824761266,0.674493166374359,1.1573123793087372,-0.5792163781344191,0.5360558436371065,0.23598559871031977,-1.5514735188541091,0.03171410976358904
3,B,34.3,-0.3917064159483027,2.3907867039067563,-0.023055386163346347,0.782706729585932,1.0098827226095433,-0.2686678122339163,0.3634094797223745,-0.6796146524734457,-0.6041306074151734,0.5405550069270418
3,B,34.4,-0.668244428551673,2.592462255087505,-0.04747514330403327,0.20324969658683667,1.6979196744950913,-1.1473586332267673,-0.4291880501061082,0.22736283432081947,-0.5171339703160326,-0.7767721497004493
3,B,34.5,0.8092244468084371,1.278999823807192,0.054711119024075855,1.0913892600792143,0.8518922606153856,0.2816033839316765,0.3819166177323938,-0.4001602117131494,-0.5637474087979123,0.465514478793876
3,B,34.6,-0.09761590943373383,1.9407556264998078,0.0026050337083450424,0.4862008096998657,1.4386370552235146,-0.09515228218388781,0.5929252486113921,0.054350331045469616,0.49706763345121535,1.6158201993437527
3,B,34.7,0.5652551583031847,1.3482638797932212,-0.0498693118571987,0.8224592834492651,1.138457686995016,-0.0501332294951943,-0.18800236824301206,-1.2190869757269827,0.07356228766698619,2.7560753668093247
3,B,34.8,0.5030476337177214,1.4923099845459218,0.07362295979126669,0.9802794143153236,0.7880963690688094,0.4378811800747222,0.3617501654131593,-0.24515961190598853,-0.3655913062568722,0.5008223290202187
3,B,34.9,-0.07918828593131222,1.836351205206254,-0.07235125529556229,0.7019956215348345,1.1232275864452335,-0.07235384710958653,0.15285143037576537,-0.06318390400246193,-1.4457773600109451,-0.3744772099689317
3,B,35.0,0.4303318435694756,1.595640584623134,0.06959788446837215,0.568399089990651,1.3326442809139765,0.4760317186696131,-0.12097726881607905,-0.7895562918969012,-0.5823170222398728,-0.31488981129284177
3,B,35.1,0.6028773917203262,1.37975680379153,0.0029687762324236843,0.9261252779171711,0.7900733986497659,0.42372047825669457,-0.06401473531281889,-0.9115782847275699,-0.8782305958718589,1.7860772725803609
3,B,35.2,0.5303498451929117,1.4364717878015734,-0.011133144008908046,1.2874760627603785,0.5486953308819951,0.40450424667747487,0.42284696189373777,0.554919262775094,-0.24108770506729027,-1.9864320307439995
3,B,35.3,0.03110648239270508,1.98996327788944,-0.0033221696610564624,0.9843371584427358,0.7957560918109421,-0.19960692065579455,0.8981282684225848,-1.5991453790775698,-0.20216880847452526,1.1820849416729833
3,B,35.4,0.5701856360195183,1.3127730527216614,-0.05935713475515452,0.43188986433116827,1.3520967844632663,-0.37253880623685554,-0.306337358186727,-0.7209202627582934,0.4846616104648179,-0.6439006912950344
3,B,35.5,0.2665440067097655,1.744925698372577,0.06724195695114679,-0.12761385300447858,1.7616172039960438,-0.19819266459775617,-0.23995845428102452,-1.4118330972661957,-0.5266297163835764,-1.8660209499027114
3,B,35.6,0.24166425996008117,1.6765601179894232,0.04227279733536801,0.4069721307617868,1.414670316384699,-0.06523474884538642,0.17919416969035845,0.45184004898496055,1.2892418395879768,-1.0213361925989672
3,B,35.7,0.5759468145262842,1.2703402434012068,0.05691393053151492,0.6909922599605263,1.118955399035443,-0.07865723899023801,0.7762526139554479,0.753087505559436,-0.024137839174839276,0.21432377643121867
3,B,35.8,0.9087944154048844,1.043222415926389,0.01840133483019211,0.5736070754147609,1.2732066032632974,-0.33887624858087206,0.5125258547412922,0.18184630167569943,0.14736783242428175,0.5333174020537408
3,B,35.9,-0.0017344448754832431,1.8932375731485935,0.05141621649405964,0.5753790125771797,1.139347756514205,0.8807878546417311,0.3464525076545635,-0.4021098204593351,0.7305446196935166,2.425772180065166
3,B,36.0,0.37951163449267084,1.630843546308927,0.03555448744708994,0.035889143680091384,1.6893866710789833,-0.3552080293810878,-0.3825978955738884,-0.4492051670123615,-0.29992212305598753,1.5866011858515048
3,B,36.1,0.7386650596085768,1.1304143696516955,0.0022567798513715175,0.7449408058908153,1.1135609014531997,-0.5837462941905099,-0.607282424902788,0.01964287972289605,1.109750159929446,-1.6212514340520017
3,B,36.2,1.2085292552646543,0.6687999381701244,-0.016872530604005575,-0.16526432166902788,1.9808975596862253,0.3167726610035847,-0.41035493061556455,-0.716088173077567,1.3483155239944238,-0.20536453633068721
3,B,36.3,0.8812054086084318,1.0311789726835583,0.07921437810309535,0.21244306307250024,1.6030509723160355,0.8184049681924375,0.4027950561859604,-0.471966538014144,-0.8316373642376684,0.5046875397923787
3,B,36.4,0.3864009897067887,1.6817882467469867,0.02113610185206005,0.45549202260796867,1.1580548371825166,0.7287551842622209,-0.4653600690070554,0.3222338644821835,1.2491032765550045,-0.48409689230062136
3,B,36.5,0.3496938255939627,1.7352921899794764,0.014582446926844756,0.4515074012556365,1.444303154433801,-0.1113476465184714,-0.49330506892180204,-0.2605830403345985,0.0253475206705156,-0.06508616523400229
3,B,36.6,0.49461092101723025,1.364111299463822,0.02371939632583297,-0.10471779063227674,1.8431393775695457,0.8855970833690607,-0.023878992220026107,-0.7198807952768151,0.535772185140509,0.207115766175292
3,B,36.7,0.9192341510018636,1.0799603265675226,0.03435682963882028,-0.335607301639109,2.197912448883038,0.3538642814038177,-0.18855481771267837,0.41666579324646474,0.8146588983668964,1.7257213027192806
3,B,36.8,0.6150648010361958,1.2446031824848038,0.04758861180132889,-0.5894895712141557,2.4138366852768858,0.20883142017871975,-0.5699844871175581,-1.0269584468396955,-0.29144369583780416,-0.7682184249413391
3,B,36.9,0.037519849325109655,1.9426021101973638,-0.028135173376110642,-0.07719827213236718,1.9335358161644496,0.3042810329753749,0.16179384090105892,-0.5644618060376798,-0.05472882036916915,1.413704518488645
3,B,37.0,0.8399495660865575,1.1213190506115143,0.01507437193469362,0.6077634226671357,1.2240775830175925,-0.09774836421178908,0.06344303518028296,-0.5110283329948603,0.8167248233968857,-0.6374653899962488
3,B,37.1,0.13386994729743462,1.6892876943999573,-0.05840656518093972,0.22691732280012983,1.7719469624098336,-0.5717833917859193,-0.008471948826642624,-0.551180137485083,0.47176814159014735,0.48949535407533534
3,B,37.2,0.8422445985764786,1.2198765354929726,-0.01257138436410994,0.0050890655362236525,1.7652010385027779,-0.08188438612484925,-0.09780763831006052,-0.45996007132375083,0.062381969244699076,0.32158418819632256
3,B,37.3,0.5539216499015951,1.4719574208761284,-0.06987558754356836,0.1625063439513816,1.6305444501602395,-0.39041713244545795,0.11150082999623796,0.855765137015176,0.807360080095995,2.154750088226633
3,B,37.4,0.6836657794297318,1.2535831749548032,-0.03667022914745699,0.6598895948442647,1.1990986346682249,-0.2606242216034633,0.07926985689284179,-1.1328742758076356,1.0651072923933889,-0.1369289331058569
3,B,37.5,0.5536146730293914,1.3660946662426192,-0.08321126010487039,0.2190993579487431,1.5118611108298459,0.12348255930679676,0.14385556945205163,-1.6352095118372243,0.002126100991556079,-0.9969810097192954
3,B,37.6,0.8557237723068614,1.1127857483311066,0.011413285602246229,-0.4524079152651622,2.3690778329486966,0.6501586191135346,0.017566335957109425,-0.5093677582306843,-0.3457290689950313,0.03481225507605955
3,B,37.7,-0.24843049694236474,2.1417644079622864,0.014013331904888848,-0.11008842122791011,1.8606310545259601,-0.7107526354843716,-0.054193285751524316,0.7037856718935496,0.04047601336062778,-0.4840694995682388
3,B,37.8,0.40312252638329193,1.5503647570667838,-0.017183043525131222,0.2032131856579027,1.6941274215350461,0.7257131818312718,-0.4566826570256576,0.36487814718164435,0.9863120332747113,-0.19335672327364947
3,B,37.9,1.1578275661899877,0.8577435419444532,-0.006898952211204285,-0.0073006926201999445,1.6731584220603841,-0.06432264892560939,-1.1685205383683799,0.1195912830716519,0.8421212274862552,-0.6857051952456115
3,B,38.0,0.6069588489241212,1.368782688683878,-0.011724495014385643,-0.7607181415162344,2.3447432629213365,-0.0529193253363547,-0.1966298877743423,-0.684697106982517,1.4978534287345764,-1.1184015064928075
3,B,38.1,1.0827448748034358,0.9751659557597325,-0.021030029669137085,0.19149860445560363,1.5410954317483583,0.4428946953737407,0.2836869250839014,-0.9488058336969746,0.48191121133802645,0.6252791619208551
3,B,38.2,1.5635360049202223,0.4671970141200228,-0.017363910780010594,-0.3156599090026356,1.99802714870688,0.5300602075961948,0.40817860260195965,-0.6369508590140598,1.574207626936011,0.4580075387077175
3,B,38.3,0.20243493788207811,1.7390776267941837,0.035513429985168724,0.0425937638559746,1.732293517030037,0.19315138438593168,-0.4563153285732022,-0.4607992565762088,1.0381741089042782,0.9154205269447698
3,B,38.4,0.7619663800910599,1.1063789311219758,0.03427380927161338,-0.5385549122738923,2.4209442678728648,0.022695120471036893,-0.17461053885067493,-0.803774302233229,0.678970289232983,0.5315255502979407
3,B,38.5,0.159926501382467,1.750363057372094,-0.017134940582987267,-0.1122335738839079,1.99153450712047,-0.026104429391401854,0.0464579828767655,-0.5451002213718064,0.7196777102867525,-1.263899440634504
3,B,38.6,0.8239368231173803,1.019341102091702,0.02933225475383638,-0.26743365844982375,1.9570578971330872,0.7907978708334649,-0.6242996321096609,-0.18071559641400703,1.0573188995994713,-0.5193500407217271
3,B,38.7,0.8342282359336747,0.8567485426130081,0.08797975089825354,-0.29360707984846496,2.184306762506041,0.6901190857107613,-0.5507344566053446,-1.17402414599872,0.566687928531807,0.02607418511601881
3,B,38.8,0.8761833076421378,0.9861409065745491,0.028507285670264466,0.0036261650505007847,1.9126602168516103,0.03646607746793284,0.5776903947596737,-1.5758064322601526,1.7711494009003932,1.0538640445547052
3,B,38.9,0.5677084976042961,1.4548449794536937,0.00666411018423968,-0.31898816273889236,2.104991259649242,0.034304948711677524,1.1943525908379735,-0.26757485185823693,1.0380652001565511,1.2934252874416325
3,B,39.0,1.0312690080849012,0.8647279386785689,-0.0004349266738410852,-0.6558152208497526,2.363176761477126,0.3807193239622219,1.0916015925142613,-0.7130356763028922,0.9446789304642277,-0.42396849450879176
3,B,39.1,0.9562505983105334,0.8901298070177537,0.0036645606745097994,-0.33158081721356675,2.190702544489382,-0.3851166076250782,-0.058354503121646535,-0.4101041474383959,0.7748683609662232,1.2101775207600334
3,B,39.2,0.7205761752271838,1.1890364006218745,-0.07744123855527689,-0.21383822066837832,2.0857210875162617,-0.17768454907544254,0.37516124190854006,-1.4716066169249151,0.8092341259799626,-2.693580793270045
3,B,39.3,0.31473797829251726,1.5755240224726001,-0.011977562988128427,0.07157717019410886,1.802009703855742,-0.41560076179569855,0.3872014298680993,0.4606402669777899,0.8436796158698722,0.37964116140872955
3,B,39.4,0.929650343161377,0.9351050232169769,0.010232592315385692,-0.8211395831836891,2.613978239616517,-0.13183128910754421,-0.5957579765445031,-0.5315366191575135,2.004572136500461,0.24268712507397783
3,B,39.5,0.9902317271520026,0.9049601191637904,-0.005552999417658299,-0.40256936505608637,2.3096411659367533,-0.09125149615441301,-0.0018447668116130585,-0.9366630240703,1.1083269543319298,0.53636826582559
3,B,39.6,0.709037775958295,1.3038102389721573,-0.019845807972001295,-1.1618680246910822,2.971493833178803,0.4854354477265291,-0.34907933743991354,-0.2311560394669539,0.8156560415950685,0.39770468818574295
3,B,39.7,0.6729236782881476,1.3252573630950941,0.06110961386317067,-1.5238352803755557,3.338797918179654,-0.38928346544003833,0.5215436949297084,-1.4915275149861293,1.0402723818171113,0.4519504102971146
3,B,39.8,1.2258444857313069,0.7955528583158338,-0.059908160434213,0.16739204046394895,1.6849284027385705,-0.6956648353585244,-0.2458842846117785,-0.6200699333210337,0.8781450074242718,0.408289257599506
3,B,39.9,0.6554136353376276,1.3772885223606073,0.037666017408808095,0.017112133484245895,1.8891179715376993,0.7681352746425776,0.14851820334829466,-0.41549243627234456,0.7248675039321907,-0.36923563401502557
3,B,40.0,1.0796611062613617,0.834372446566293,0.05504109169445695,-0.9243346899828973,2.811062125045175,0.36727292564743164,0.3599008992308488,-0.8202557211140997,1.3942018795971638,-2.179849700009607
3,B,40.1,0.7887124663454812,1.1542274616817583,-0.02341016818598945,-1.5433364573368742,3.2350361153294314,-0.28421570107563093,-0.4604599590344331,0.33004190138397316,0.9639395094678993,0.6278445308413668
3,B,40.2,0.7629338210748067,1.34949743178414,0.05287546406645707,0.10794722317267702,1.7675034232363804,-0.16409197315761462,-0.018013553869185687,0.40781511220536926,1.0581374477244312,0.6760236385231436
3,B,40.3,1.073147709910033,0.7974543684191386,0.009802046896359667,-0.5104383991061089,2.37487359497773,-0.05637994472186457,-0.2675181089682642,-0.1384073914940247,0.7352147606101433,-1.247003079544944
3,B,40.4,1.6610004294651741,0.25637160740548004,0.12429590267860101,-0.9494018210700227,2.858395063454383,-0.349940354137009,-0.6744740449209147,-0.41616748797339764,0.2826756547535007,-0.7485146723456099
3,B,40.5,0.6954963372560963,1.204779138735896,-0.018794614271061424,-1.2635542996833178,3.3385223091793517,0.5823647352610424,0.21046050489436494,-0.9087341699002971,0.36134848839880146,-0.021480598928105766
3,B,40.6,0.5937294071040079,1.4148156306083224,0.07310443409858118,-0.4247673377952525,2.348721862926868,-0.30473485178966975,0.17420074558145446,-0.5796768040381989,1.0696259206701824,-1.5951640442492732
3,B,40.7,0.788658425830363,1.3610195724983107,0.15034898754762754,-0.8341189840865804,2.81120851341794,-0.2426557011925441,0.36502390299103205,-1.0283378434697084,-1.394500058964775,-0.28902210891407837
3,B,40.8,0.6018079455372256,1.422638242333369,0.04358274590214578,-0.9856086849388875,2.750106195558552,-0.13579747302972145,-1.1099816750403173,-1.5086436783207617,0.5155642859186743,0.6276939430308298
3,B,40.9,1.2052150494356522,0.7635719310093516,-0.014633666190949662,-1.0788856174050339,2.9175763927940848,-0.5071567149568315,-0.8171298105882284,-0.7231216078368248,-0.0486052961300697,0.12117328254926567
3,B,41.0,1.2834928908427536,0.5711966882574799,0.01895312987355468,-0.4767527307352307,2.3372745822180754,0.19701748939454808,0.3589190855645406,0.23969337973376859,-0.1396736074564074,-0.6843175710961378
3,B,41.1,1.5834737339703435,0.4775041688956365,-0.04057447073125286,-1.223408746989232,3.0265436642338543,-0.2842132228215047,0.6451278413736469,-0.8549108096309372,0.24838523252192996,-0.8871610237148586
3,B,41.2,1.2897378974053484,0.5973420967489007,0.02836148754135902,-1.0909627058285984,2.9256758756835666,-0.068021822220277,0.6699244844346228,-0.3350434183377342,0.12762140386649967,-0.334553989491265
3,B,41.3,0.30631054729609486,1.7621900198167793,-0.1126538408135154,-0.7809687872110277,2.578198324155199,0.12326092143023029,-0.30660063703508483,-0.6896158190924732,0.022207776493342046,0.7300875706679052
3,B,41.4,1.287723624795973,0.7878661533396487,-0.02336151303583607,-0.9496926454041983,2.655534236885735,0.1352793341737174,0.3659207686094527,-0.49594246236250417,0.5591998033210887,0.08293381173023003
3,B,41.5,0.9637939684531255,1.114862448959646,0.014557322935468315,-0.841065535352609,2.6705590548110116,-0.2537849597213705,-1.1575301476765116,-0.42967222288618434,0.37057568381736367,-1.2435930451356285
3,B,41.6,0.27280432622655115,1.7121879956435349,-0.04579832927000344,-0.6765681309762132,2.3540450895776117,-0.37439048501967737,0.16431535842050432,-0.6979323419529808,-0.2813113140733913,-0.5075635995151093
3,B,41.7,0.5113336116586928,1.2740109595140374,0.020163660351039857,-0.7996234099615654,2.6963925679008347,-0.6299670711282264,0.3265501962060471,-0.2182517219515745,-1.4884027383857008,-1.8680514681097353
3,B,41.8,1.016802086930265,0.9259179920578142,-0.09830915311104839,-0.9715844788245096,2.8699276504116096,-0.3482441715171254,0.38676896891644064,-0.8494743436732968,-1.308956333944157,-0.3299627494871197
3,B,41.9,0.6934713717106689,1.123850897843655,0.03045385842074477,-1.0222336848372426,2.848311608167949,-0.34210406266782795,-0.5439124758373798,0.4561733583141656,-1.483204602497501,-0.12146617575424135
3,B,42.0,0.7913040756646101,1.2012810964424776,-0.041986103753292967,-1.079975848076936,2.8993833930057153,0.37702575806552635,0.26779370403455693,0.03875167244457822,-0.8417192689490599,-0.07995287672300835
3,B,42.1,1.5506517204685557,0.5749596961076042,-0.016563787182748473,-1.585180287070247,3.6806897397407425,0.6424908043044807,-0.9590594093967668,-0.45149927278551505,0.04945170692283413,0.16306415430146198
3,B,42.2,0.29665519525155915,1.6021727238271473,-0.05808317857634036,-0.7294757939379514,2.5982946168887406,-0.43073341982955643,0.7104713902951241,-1.1559409336176756,0.25206835762513663,0.26627240565203536
3,B,42.3,1.0302698044220213,0.9035097273857118,-0.044204986659112024,-1.084784115897436,2.9109027430837253,0.4735615741346234,-0.8841871490271009,-0.8514486525353776,-0.7426919987900729,-0.9381665577658257
3,B,42.4,1.1707077217084378,0.6554346176730756,0.045833667905946236,-0.5550708295624918,2.493328871261105,0.14893896169445967,0.0068233594043123225,-0.6328978519174194,-1.214364806868605,-0.7797411332770938
3,B,42.5,1.037175407851725,0.7572118792921445,0.049919232719221704,-1.1268356658627792,2.996894579883641,0.3989681609401116,-0.2797198125454874,-0.3282173400896712,-0.5247532266983733,1.0221992110817337
3,B,42.6,0.9878301613365349,1.135908724678241,0.00017021377366836603,-1.1354579723371352,3.1635097586009095,-0.18560924351966596,-0.6024806671308949,-1.863577053343716,-0.5630221551286274,-0.9638210505493466
3,B,42.7,1.2008369800636187,0.7547860445732335,-0.016280080394208706,-0.7843906213883549,2.634867193353267,0.5016026208096597,-0.04870935991743218,-0.1633778883236363,-0.3228574519309978,-0.8360508580375422
3,B,42.8,0.6687556673331404,1.190810422334694,-0.045686924943869826,-0.9022588193508624,2.643108713922614,-0.256161803280536,0.3013194888657188,-0.9806223987840431,-0.6713500082550569,-0.32972940326579964
3,B,42.9,1.0008549060978116,1.120098815377995,-0.04232894213986729,-1.169706121398809,2.842719237574194,-0.3186614972356651,0.37500544275265557,-0.5756523818535667,-1.8820941905961246,-1.3087190336411023
3,B,43.0,0.9200722504770658,1.0134981822391138,0.04121121965881677,-0.8904502764125265,2.63790769455458,0.15342903994451956,0.6503176038559115,-0.669233239422097,-0.3486625043803686,-0.8921851981118856
3,B,43.1,0.9732320095960343,0.9943706850976632,-0.0021784796860986355,-1.386720980316798,3.0386686121272364,0.0666801811321639,0.4783332415047195,-1.0567822642976472,-0.08161734446895919,-0.770637682779466
3,B,43.2,0.13248335963480085,1.8842317709551437,-0.02055907007997234,-1.148385558543919,2.9819209733164036,0.6486197963766157,0.978853122912381,-0.14627145521238594,-0.04270934747076793,-0.36042239616146327
3,B,43.3,0.7089030118807449,1.3460160504327128,-0.029310033284910976,-0.9548573801024471,2.861535734359067,0.21908087803423362,0.6220246356302288,-0.350957045317632,-0.5880632344867927,-1.0327530075462572
3,B,43.4,0.6413878807658522,1.2152583003658604,-0.022326421135128515,-1.587842882900293,3.450234480814655,1.1833711962541817,-1.3279328917852737,-0.1923874652508062,-1.0996239155536505,0.06210600929619002
3,B,43.5,0.5068794551014069,1.2672029309011905,0.015422018752692482,-0.0870234990061235,1.942327348610411,-0.09461636914610612,0.07122156616772668,-0.15486802726542137,-1.5884000077890401,-2.2780364361941157
3,B,43.6,1.0814243857221677,0.7476006107357698,0.02579081543969583,-0.7063374374335792,2.425008619916805,-0.17198406542307212,-0.07083706364295313,-1.3034475133937606,-0.8723970770365925,1.3381680739787631
3,B,43.7,1.0726149307205957,0.8777294929994328,-0.039720156824522825,-0.9485839596008871,2.7158930925321356,-0.5921849709660145,1.107909891570364,-1.0068356051156098,-0.26089891347395333,-0.016940763852831348
3,B,43.8,0.3537892265985386,1.6903276627763457,0.007130456638032634,-1.1539363936942564,2.805918191308322,-0.803144880152608,-0.21796515534867167,-1.0167417787256454,-0.7715942277370383,0.9141143137501784
3,B,43.9,0.7766118049867229,1.0634893996221606,0.03876572131146489,-1.3415102588114398,3.2284239873404417,0.03625429845645729,-0.2060224910660782,-0.05907474096260912,-1.3729630602629934,-0.6439014890956539
3,B,44.0,0.9365880713278304,1.0246657614656924,-0.06197332518737956,-1.083690637716177,2.8140367636848236,-0.30074791570175413,-0.18187213612519995,-0.9881969461947608,-0.7408650327749168,1.6269097516613173
3,B,44.1,0.11120277051958671,1.8962042546972366,-0.0027114058187482407,-1.0321089462216,2.917005363257312,0.44424496460660173,0.42726894951912064,-0.7835533905455543,-0.6891433812275394,0.6322438884868753
3,B,44.2,1.7053614802129438,0.25687928616562994,0.009103192495374285,-1.646579563823551,3.4909610060011236,-0.09980130775060998,-0.13287173758418827,-1.4187060896270989,-0.991366171829227,-0.9228566442591469
3,B,44.3,0.6869878961644394,1.3709204067178795,-0.03444643201058603,-0.7918242894831832,2.4478179802439293,-0.6126826730992245,-0.7071473956242058,0.026598081497045123,-1.6049273361227132,-0.019690699676307002
3,B,44.4,0.7960991574537075,0.9069436602507761,-0.07922705329616576,-1.0776769170305913,2.830979891141727,-0.3349690000623588,-0.5531041665964443,-1.9697858940555313,-1.502024650423131,0.9961930542091492
3,B,44.5,1.0278322141201235,1.079925927903481,-0.0592110636960316,-0.593543663910231,2.336192900871799,0.6655657725782098,0.14562994300002924,-0.9589222094245504,-1.151038042578736,1.4126801538657092
3,B,44.6,1.1280216639335334,0.7683992278820466,0.014359007272480448,-0.8504688934607256,2.776629701229079,-0.37222502457909923,-0.0599056484702784,-0.8773655897328572,-1.4028450198618723,-2.0750103371331483
3,B,44.7,1.3626724982271048,0.6807322012122403,-0.002650625619454146,-0.4154560922633824,2.1621355858751015,0.3486267244816666,0.24303612427744037,0.19689170698709169,-1.5440290753069492,0.33357980642086726
3,B,44.8,1.4033799305539514,0.45202555982658743,-0.10099542551035029,-0.9060677200374498,2.6303511336120056,0.15186003970030942,0.8588532271690138,-1.0211092612234358,-2.2298652907510164,1.3558941459502578
3,B,44.9,0.809272376035916,1.0167614641181206,-0.0033276309626404372,-1.3472243165375746,3.242342888552062,0.3123346135203387,0.303546026120178,-0.6685979057981718,-0.6929786049483111,-0.8942906623278357
3,B,45.0,0.7395824806901796,1.1834964423685548,0.01864207035645016,-1.0482400051770824,2.7558199875270404,0.12353909231533985,0.5361408780636195,-0.7949021845514749,-1.4425757658239187,0.7106630726197907
3,B,45.1,0.7466012104397596,1.4485682877603125,0.07029393584257393,-1.3533988374169377,3.2782109807639745,-0.3526592331320315,-0.9040424025766066,-0.1237670982771838,-1.3308881277175058,2.033018562704276
3,B,45.2,0.5428999717427789,1.6073352617115069,-0.05205309114403686,-0.8341759202427464,2.770237480990399,-0.5271763713190627,0.2499264099725503,-0.6451086190874281,-1.2526611802892358,0.17280112714194132
3,B,45.3,0.9449793068905724,1.0368081290884712,0.054029710788474974,-0.9314805076086138,2.839524423517462,-0.5060279938104142,0.5155544499965331,-1.3491450414702846,0.05512505940026424,-1.3903225920799582
3,B,45.4,0.6930224354905363,1.3134928904922043,-0.07086167979181145,-1.1550009383238324,3.005349732130407,0.2505290460858163,-0.4408978025094438,-1.4335464056087086,-0.6848695822477939,0.8929797768527902
3,B,45.5,0.6891871159972358,1.2482857008546286,-0.10790191298869711,-0.7446141462822226,2.515709498072258,0.10819796071438359,0.22525263353392924,-0.00904615342192705,-0.6880512869703508,0.36302464222556796
3,B,45.6,1.002348632887783,0.775522723022191,-0.03520392802294658,-1.0686477225541937,3.01062343732824,-0.2467379244600271,0.3246246255528924,-1.0615973100462808,-0.8429993168645622,-0.11577567955767298
3,B,45.7,0.44423521225514223,1.4816717137687212,0.028425409138452953,-1.5353654139141821,3.3839736286391844,-0.6175695726025667,-0.6662520487938441,-0.362415387021007,-0.18558726467596892,-0.8525652224137187
3,B,45.8,0.406748606212512,1.4091147374642456,0.08501581136842484,-1.5612133458306199,3.480912929194961,0.45876538095923275,-1.0499596512197276,-0.1874873058852924,-0.10675813628211034,0.9170530997867012
3,B,45.9,0.7165567352742107,1.2182890372976969,0.04337265579376212,-1.2232632104486054,3.0009055395703603,0.723686504127416,-0.27042417767617194,-1.154525711536332,-0.5810290716475811,0.6923546612569675
3,B,46.0,0.9793739818530175,0.9835719239990749,-0.014881683005489211,-1.2137784763942205,3.1248909312051416,-0.18891866845371122,-0.4035242339011311,-0.38382816639719164,-0.5438444745042327,-0.27123080504549996
3,B,46.1,0.17012740404002824,1.852931872720168,0.07209385923466298,-0.6919901721350793,2.516264355319855,-0.7190601524415724,0.3006177264032976,-1.455603971795328,-0.6755510270086805,1.401214454848128
3,B,46.2,0.7190933948982761,1.2410425637559899,0.051481846168878014,-0.762432259909691,2.6584392307922187,-0.44920356978226866,0.4490981887691569,-1.6483845540375757,-0.6610373075913836,1.4314664891006017
3,B,46.3,0.6837748330705217,1.1780797746381344,-0.035095958715887686,-0.9289332971663311,2.7316452671722815,-0.0005143687565948799,0.5114630180960964,-0.13144437203699422,0.11641130979115166,-0.5255676751392057
3,B,46.4,1.2178778223587856,0.8069333206146807,-0.020506690240525635,-0.9099859324346979,2.895628702801845,0.8860678190290573,0.15931426790606015,-1.241285522234606,-0.7989928954250873,-0.3983928588187259
3,B,46.5,0.7487235270880748,1.2949976923387267,-0.019224606996792345,-1.0678975741667738,2.9026296426999503,0.6428077289313853,0.6666689749713843,-1.4657842165148647,0.7945847475875789,1.3794729139173616
3,B,46.6,0.7735425979029174,1.0401380496808528,0.0633184720813335,-0.8476066237086513,2.6966705818236125,0.0818762874519984,-0.07413950962742286,-0.3909036730127836,-0.38910017078414616,-0.31888541480220745
3,B,46.7,0.819087148340124,1.1702164976411504,0.08297548006911941,-0.7016184221299845,2.4947454197484467,-0.4440232437975191,0.4013790126955448,-0.2772209589966883,1.1323907196073766,0.22822742143527766
3,B,46.8,0.6841811103873128,1.174224768632358,-0.044142742069654926,-0.4241916731322271,2.3190901957535077,-0.14268425902857157,0.08432774841397961,-0.09022272466673609,0.06780942155850064,1.156613019893308
3,B,46.9,0.6824753735468286,1.280129553710746,0.04942387142487434,-0.6139899495678585,2.4425808332931904,-0.06640867858848741,-0.3864471698423855,-1.1079458427745421,0.1495797810633372,-0.9615776054219268
3,B,47.0,0.24417805493821626,1.7915893978316813,0.004655486855155665,-0.9224769802852697,2.6498334260054457,-0.48851730867112203,0.17190597031219756,-0.16155555169186853,-0.3465469852788819,0.419439119358076
3,B,47.1,0.07936427725261308,1.8050175921341092,-0.004338525695182055,-0.6681306426964688,2.3761956708740786,-0.1994849517228691,-0.9018778303099377,-1.5871683822729579,0.6405927636318629,-0.02317324074810628
3,B,47.2,0.36723333729977437,1.7110329975375578,-0.07033506449978918,-0.0012907950447320626,1.9652973729883285,0.19970400480177153,-0.2912497463210362,-1.5282941824253786,0.8982117939832768,-0.4888687473035582
3,B,47.3,0.14651794180069494,1.7151777514692432,-0.02486166833242377,-0.8445104276795129,2.6108100645069117,0.2410634113568375,-0.8556332877097917,-0.7573247421108802,0.052442830153363304,1.00034040549696
3,B,47.4,0.6004653827838343,1.2763492975757682,0.00901324850697092,-0.43550098211162863,2.221765265513584,0.16498175466387155,-0.5279983297775059,-0.7712059131810574,0.20154067227713554,0.6233121106079358
3,B,47.5,0.4723226759827927,1.5550873749026997,0.034103716144642436,-0.8577142545731209,2.73674137481518,-0.010336414434659855,-0.5082955685428836,-1.3800872620961,0.25032830512962356,-1.8787478603916954
3,B,47.6,-0.10962967843954402,1.866876506955458,-0.10502927799090422,-0.007415548875009947,1.9178137426351767,-0.25552344537286525,0.8836245109349861,-0.5765863165339205,0.9250674086819086,-0.05327830969076422
3,B,47.7,0.6765499744120048,1.5139161138673838,-0.058467614751758226,-0.5753226769663388,2.4941616698623372,-0.7854851152543139,0.11030264937971508,-1.0190719733003102,-0.37550699750794103,2.3063894292186524
3,B,47.8,-0.40988168071936043,2.429709949958521,0.037312161089036316,-0.9417427254271342,2.8070316406600937,0.1045778018266451,-0.34611621465701303,-0.7842634722511224,1.8910939570461527,-1.0383785797075447
3,B,47.9,-0.0001297366637891817,1.949915546892627,-0.04760387220091405,-0.23227814309229272,2.036939470286511,0.9113656314999291,-0.17827139777133602,-1.2995801217481486,0.019607871896730855,1.282303899767967
3,B,48.0,0.460238508994839,1.5946063064256113,-0.030859015278004387,-0.3895225363190203,1.9988453878901373,-0.3549764486581149,0.12795163305619928,-0.7667450443441743,0.09383266300451149,-0.8861667185297144
3,B,48.1,-0.09791409892619718,2.2855255338041722,-0.021147552277834977,-0.48817139654808916,2.3727425840847953,0.4137580054787537,-0.8913743649115421,-0.9448562392923059,0.8480035966639103,1.1321999627007724
3,B,48.2,0.19130895182343433,1.782015067093604,-0.12428934200932971,-0.3880647104407985,2.146206697620507,0.4838483172863864,0.48880416054848935,-1.3318980239418594,1.2056539671734794,-0.35169172024999146
3,B,48.3,0.05075014099002151,1.920511165670231,-0.0662200019378572,-0.5065752288841254,2.3155023360087843,0.29479370006477634,-0.6578113928342227,-0.687777857621792,0.009712888533843222,-1.3601112684790515
3,B,48.4,-0.34895751264657027,2.3997563206290207,0.0915399666674711,-0.07498627726132995,1.9060091802153067,-0.17314134589453492,0.48848130457444094,-1.6294120044203044,0.24775323877190525,0.6743354238402882
3,B,48.5,-0.04626957271227755,1.8690472091107073,0.02530558141090976,0.1936699798339963,1.5884545948522153,-0.19587482255669517,-0.3926879211691367,-1.0119031186129688,0.16937291053260056,-0.9694804639887109
3,B,48.6,0.42553734782603597,1.4331846758970195,0.08065354546869508,0.5768754104699046,1.0529828875606664,-0.07025510734749121,0.4249898968273161,-1.006688593399835,0.93785112078022,0.6453492482054166
3,B,48.7,-0.07233469314154636,1.8927377394272096,0.04868174755487769,-0.3891634022214104,2.1872055623033466,-0.305507278725061,-0.3031267838795365,-0.9244655694521929,0.8998885598634068,-0.5266123163685031
3,B,48.8,0.6208075766643346,1.3601156354078552,-0.006467578138657244,0.33977001525462847,1.644962363039342,0.2975905487105955,0.2491485015429475,-0.9291379039885972,1.4402751942645442,-2.188282391493829
3,B,48.9,-0.011281703635387691,1.92354711495528,-0.03611637314745935,-0.1150261981595587,1.856855297780451,-0.5231837631471785,-0.7366584935029451,-1.0732053489468991,1.117691523501664,-0.21285972650128424
3,B,49.0,0.4720480404914341,1.482177762014856,-0.021569455698437587,0.041875041180820555,1.6830690752419903,-0.6956722140011452,-0.09183808150562833,-0.7246811007545088,1.5690748246260635,-0.14328245766022987
3,B,49.1,0.41623372500390027,1.434100374720236,-0.006534754920559484,0.21652936435665512,1.4888264775712476,-0.16605630740299576,0.31406917798928713,-1.325825517895067,1.3448630765309693,0.1765145475318496
3,B,49.2,0.4297879264550004,1.3877811344062614,-0.06842033348772347,-0.43890804085860147,2.3345641689524985,-0.05357951293597122,-0.22729747700458008,-1.5768931998951508,0.3954992192841329,-0.12740358524835374
3,B,49.3,0.3943096629861837,1.5925247423602853,0.010248288296046654,-0.23750867463342845,1.873395287434773,-0.447161311184257,-0.03254248380172881,-1.7391667855007005,1.5757147215531133,-0.5645631948118723
3,B,49.4,0.4394871427371152,1.5214837021217107,-0.08911270530926074,-0.3608292196976437,2.205656234618008,-0.4653285684691023,0.08038031766717436,-0.4437708407187557,1.5478081782915543,-2.9475757317131985
3,B,49.5,0.11710496380030544,1.8028620196226421,0.06642215308931107,-0.2984911554392359,2.107685044391692,-0.6280736304111173,0.4055754796795317,-0.7299336935095121,1.1989089032164393,0.7959601546157284
3,B,49.6,0.05771833711424418,1.8089808205969333,-0.047566490021163484,0.28034037358487585,1.6624407030468882,0.1680998234622628,1.4043576922703784,-0.22614253886694546,1.2186970436160833,0.35679709598308434
3,B,49.7,0.18695555983980416,1.8719102759033888,0.01117914711346892,0.4178968721104639,1.4663751680612824,-0.7889090999160843,0.4008601678747399,-1.839728226811915,0.7975400968303779,-0.6697545891385733
3,B,49.8,0.10995046016800894,1.7278207575364473,-0.02484070611121875,0.2553194126141751,1.6073636540391054,1.0678248900538307,0.9101729378581983,-0.5119246729361402,1.7859208612713522,0.5545501681792161
3,B,49.9,-0.29825597859609265,2.199104827458147,-0.026830463846527,-0.621790249929748,2.407432291036254,-1.028900491512694,-0.5190873196038108,-0.8045099126304254,0.6605651727914643,-0.9971823287277924
